id	lineage	seed	H	S	Geff	F	rank	x2	y2	x3	y3	z3	dmg	heavy	holo	rounds	drawRate	zeroRate	seatSpread	distinctKeys	charges	waste	noThreatStance	fieldAAtk	rwDmg	Sc	Scd	Scs	Sch	kin	Hp	De	path	dupN	dupOf	xt	yt	xt3	yt3	zt3
def-31		31	28.80	1.8336	6.256	0.47136	746	-1.02998	-0.41668	-1.22150	-0.36604	-0.05752	14.0750	3.5500	0.0000	19.3000	0.0000	0.0000	14.4330	14.0000	2.8250	1.0000	0.0000	0.2179	16.5750						24.80	4.00	docs/artifacts/def-31.bak	1		-0.093696	0.398905	0.123790	-0.507723	0.023267
def-34		34	35.30	0.8211	2.273	0.43511	791	-1.21692	0.32322	-1.09127	0.15338	1.25125	14.9250	2.0500	0.0000	27.5000	0.0000	0.0000	17.7778	4.0000	0.0000	0.0000	0.0000	0.2841	15.1250						28.90	6.40	docs/artifacts/def-34.bak	1		-0.195127	0.083312	0.644028	-0.460218	0.061320
eco-31		31	29.10	1.2757	3.581	0.41857	807	-0.38181	0.33622	-0.42200	0.30577	0.30621	14.7250	0.0000	4.7750	41.6750	0.0000	0.0000	11.2676	7.0000	0.0500	1.0000	0.0193	0.2440	20.0000						25.60	3.50	docs/artifacts/eco-31.bak	1		0.111363	0.299906	-0.059795	-0.933990	0.220701
eco-34-v7		34	51.30	1.2464	3.478	0.63764	286	-1.06307	0.46204	-0.93298	0.32075	1.14044	13.5500	0.0500	0.0000	20.7250	0.0000	0.0000	10.4167	11.0000	0.0000	0.0000	0.1950	0.2582	7.8250						50.30	1.00	docs/artifacts/eco-34-v7.bak	2	eco-34-v7 eco-34-v7c	0.234811	0.433965	0.246643	-0.130933	0.016466
eco-35		35	30.80	0.6872	1.988	0.37672	855	-1.74782	1.04132	-1.75034	0.85133	1.58437	14.1000	0.0000	0.0000	25.5500	0.0000	0.0000	13.0952	2.0000	0.0000	0.0000	0.0000	0.3563	1.0000						27.60	3.20	docs/artifacts/eco-35.bak	1		-0.023751	0.412958	0.107140	-0.573453	0.057281
eco2-32		32	29.50	1.2828	3.607	0.42328	804	-0.42463	-0.45255	-0.56240	-0.38814	-0.42851	14.2500	0.7000	0.0500	29.7750	0.0000	0.0000	6.5217	12.0000	7.2500	0.9826	0.0000	0.2849	9.1500						25.00	4.50	docs/artifacts/eco2-32.bak	1		-0.299465	0.083933	0.668264	-0.364786	0.007579
eco2-35		35	31.80	1.5892	4.900	0.47692	736	-0.18687	1.28001	-0.27939	1.32226	0.36257	14.7750	0.0000	0.0000	43.0500	0.0000	0.0000	13.2353	10.0000	0.0000	0.0000	0.4291	0.3498	2.2500						26.40	5.40	docs/artifacts/eco2-35.bak	1		-0.294778	0.583000	0.096949	-0.725421	-0.166797
fgtA-32		32	30.50	1.4814	4.399	0.45314	766	-0.75756	-0.29050	-0.51027	-0.41819	0.93744	16.5750	10.8500	0.0000	15.1750	0.0000	0.0000	8.0808	10.0000	0.0000	0.0000	0.2000	0.1204	14.9750						27.00	3.50	docs/artifacts/fgtA-32.bak	1		-0.181406	0.425861	0.124801	-0.314992	-0.035445
fgtA-35		35	27.20	0.8867	2.427	0.36067	871	-1.01565	0.59532	-1.19366	0.58979	0.51380	14.2500	0.0000	0.0000	32.8000	0.0000	0.0000	9.0909	8.0000	0.1250	0.8000	0.0087	0.3423	14.3000						24.60	2.60	docs/artifacts/fgtA-35.bak	1		0.491899	0.605432	-0.159394	-0.305925	0.664227
fgtB-32		32	26.30	1.3383	3.813	0.39683	828	-0.65485	-0.45916	-0.74412	-0.45835	0.04188	15.8750	13.9250	0.0000	20.1750	0.0000	0.0000	12.1212	8.0000	0.0500	1.0000	0.0000	0.3465	16.0000						23.60	2.70	docs/artifacts/fgtB-32.bak	1		0.134618	0.306260	-0.094181	-0.920819	0.243807
fgtB-35		35	31.70	1.0187	2.769	0.41887	806	-0.71565	-0.26089	-0.53472	-0.38111	0.83981	16.6250	14.9250	0.0000	18.0250	0.0000	0.0000	7.2917	11.0000	0.0000	0.0000	0.0000	0.1149	9.4250						27.10	4.60	docs/artifacts/fgtB-35.bak	1		-0.136802	0.417172	0.159803	-0.436927	0.016674
fstA-32		32	17.80	2.1051	8.208	0.38851	842	-0.19960	-0.18809	-0.38497	-0.09331	-0.48158	14.3500	0.0500	2.1250	32.1250	0.0000	0.0000	23.2558	17.0000	2.0750	1.0000	0.0000	0.3355	0.0000						17.30	0.50	docs/artifacts/fstA-32.bak	1		0.256705	0.385141	-0.185670	-0.465583	0.166296
fstA-35		35	31.70	1.1664	3.210	0.43364	797	0.03481	1.10080	-0.28312	1.21530	-0.18252	14.7000	0.0000	4.8500	44.9000	0.0000	0.0000	8.5714	10.0000	0.0000	0.0000	0.1250	0.1441	0.0000						27.80	3.90	docs/artifacts/fstA-35.bak	1		-0.229185	0.525072	0.261589	-0.718883	-0.111706
mix-31		31	29.00	1.1450	3.142	0.40450	822	-0.11562	1.05034	-0.39527	1.13354	-0.04543	14.8000	0.0000	77.9500	46.6500	0.0000	0.0000	16.9492	6.0000	0.0000	0.0000	0.0365	0.2689	0.0000						26.40	2.60	docs/artifacts/mix-31.bak	1		-0.156698	0.193858	0.484272	-0.713134	0.025094
mix-34		34	10.30	1.2838	3.610	0.23138	911	-0.43228	1.01863	-0.65844	1.03570	0.28225	15.0000	0.0000	76.5250	47.0000	0.0000	0.0000	14.2857	6.0000	0.0000	0.0000	0.0000	0.1702	0.0000						12.90	-2.60	docs/artifacts/mix-34.bak	1		-0.058269	0.460396	0.210410	-0.573743	0.075427
r61fix-31		31	57.00	1.0809	2.947	0.67809	174	-1.51733	0.38303	-1.63292	0.28080	0.87197	14.8000	0.0000	0.0000	43.5000	0.0000	0.0000	9.5890	5.0000	0.0250	1.0000	0.0000	0.2633	18.2750						56.60	0.40	docs/artifacts/r61fix-31.bak	1		0.738962	0.070626	0.782760	-0.825548	-0.083375
r61fix-91		91	50.20	1.1596	3.189	0.61796	341	-1.15780	0.16497	-1.38933	0.18791	0.29041	14.4250	0.0000	0.0000	36.2250	0.0000	0.0000	5.6818	7.0000	0.0500	1.0000	0.0000	0.2222	4.4500						51.10	-0.90	docs/artifacts/r61fix-91.bak	1		0.454630	0.540883	-0.195670	-0.450218	0.556792
rwd0-31		31	35.20	0.3392	1.404	0.38592	845	-0.26543	0.36250	-0.55814	0.48985	-0.33912	14.6000	0.0000	0.0250	40.4500	0.0000	0.0000	13.3333	10.0000	0.5500	1.0000	0.0039	0.2921	0.0000						30.70	4.50	docs/artifacts/rwd0-31.bak	1		0.562080	0.217509	-0.227439	-0.034399	0.223980
rwd0-34		34	21.50	1.4347	4.199	0.35847	873	-0.93588	-0.29587	-1.20756	-0.24176	-0.14784	14.7750	0.5750	0.0000	38.4250	0.0000	0.0000	13.5802	10.0000	12.9500	1.0000	0.0000	0.1635	8.7000						19.50	2.00	docs/artifacts/rwd0-34.bak	1		-0.308944	0.575712	0.081010	-0.738732	-0.173750
seedtest2-31		35	35.30	1.5686	4.800	0.50986	667	-0.44615	-0.18204	-0.74651	-0.09760	-0.42606	15.8750	4.2750	0.0000	28.2750	0.0000	0.0000	6.7416	11.0000	0.2250	1.0000	0.0000	0.2249	4.0750						38.50	-3.20	docs/artifacts/seedtest2-31.bak	17	seedtest2-31 v7l7-33 v7l7-36 v7l7-43 v7l7-46 v7phase-36 v9-35 v7l7-31 v7l7-34 v7l7-41 v7l7-44 v8fix-35 v7l7-32 v7l7-35 v7l7-42 v7l7-45 v7phase-35	-0.416874	0.293144	-0.044026	-0.349553	-0.279637
sty-32		32	26.70	0.9748	2.651	0.36448	869	-1.33698	0.60611	-1.27652	0.45345	1.26829	14.6500	0.1000	0.0000	37.8000	0.0000	0.0000	3.6585	4.0000	0.0000	0.0000	0.0000	0.1606	2.9000						27.90	-1.20	docs/artifacts/sty-32.bak	1		-0.326924	0.495914	0.386206	-0.891015	-0.138709
sty-35		35	9.20	1.3884	4.008	0.23084	912	-0.03893	1.08040	-0.25754	1.15449	0.02741	15.0000	0.0000	46.5750	47.0000	0.0000	0.0000	0.0000	5.0000	0.0000	0.0000	0.0500	0.0000	0.0000						10.20	-1.00	docs/artifacts/sty-35.bak	1		-0.096868	0.458607	0.235311	-0.515945	0.034404
v11-61		61	46.70	0.9504	2.587	0.56204	538	-1.45183	1.04706	-1.46954	0.89088	1.33771	14.2250	0.0000	0.0250	29.3500	0.0000	0.0000	14.4444	9.0000	0.0000	0.0000	0.0000	0.2609	12.0750						47.30	-0.60	docs/artifacts/v11-61.bak	1		-0.584432	0.146216	0.172830	-0.159332	-0.359742
v11-64		64	47.70	1.6039	4.973	0.63739	289	0.13870	-0.19509	-0.22558	-0.00819	-0.92535	13.2500	0.0000	0.1750	23.1750	0.0000	0.0000	14.4444	16.0000	0.0500	1.0000	0.1000	0.1743	9.7750						47.60	0.10	docs/artifacts/v11-64.bak	1		-0.368978	0.309638	-0.074880	-0.371801	-0.186505
v11-71		71	45.10	0.0332	1.034	0.45432	765	-1.70787	0.83905	-1.63339	0.62759	1.55925	14.7750	0.0000	0.0000	30.8250	0.0000	0.0000	9.5890	2.0000	0.0000	0.0000	0.0000	0.2966	20.0000						44.40	0.70	docs/artifacts/v11-71.bak	1		-0.043097	0.728160	0.550935	-0.716437	-0.383499
v11-74		74	53.10	0.0407	1.042	0.53507	610	-1.55081	1.00230	-1.58767	0.83554	1.34794	14.4750	0.0000	0.2500	43.4750	0.0000	0.0000	9.7561	3.0000	0.0000	0.0000	0.0000	0.2806	18.0250						52.90	0.20	docs/artifacts/v11-74.bak	1		-0.068671	-0.015836	0.344098	-0.115733	0.813883
v12-31		31	45.20	0.8862	2.426	0.54062	598	-1.52299	0.80435	-1.46726	0.64667	1.37879	14.7750	0.0000	0.0000	34.0000	0.0000	0.0000	6.6667	5.0000	0.0000	0.0000	0.0000	0.2945	17.6250						46.30	-1.10	docs/artifacts/v12-31.bak	3	v12-31 v11-31 v9-31	-0.127795	0.749973	0.460744	-0.680256	-0.413925
v12-83		83	37.00	1.7381	5.687	0.54381	590	-0.08527	-0.58578	-0.20708	-0.53735	-0.47449	14.6250	7.0000	0.0250	28.7500	0.0000	0.0000	22.1053	19.0000	0.3500	1.0000	0.0000	0.2622	19.1750						37.70	-0.70	docs/artifacts/v12-83.bak	1		0.425597	0.424783	-0.162371	-0.359574	0.335810
v12-86		86	47.80	0.7078	2.029	0.54878	581	-0.89038	0.04430	-0.73694	-0.08936	0.97990	15.0250	1.4000	0.0000	25.6000	0.0000	0.0000	16.6667	5.0000	0.0000	0.0000	0.0000	0.2721	18.0250						49.00	-1.20	docs/artifacts/v12-86.bak	1		-0.203451	0.133573	0.553004	-0.458812	0.042357
v12-93		93	29.30	0.4718	1.603	0.34018	884	-0.05741	1.11437	-0.14726	1.15005	0.27203	14.2250	0.0000	0.0750	24.6750	0.0000	0.0000	11.3636	7.0000	0.0000	0.0000	0.0131	0.4738	0.0000						32.40	-3.10	docs/artifacts/v12-93.bak	1		0.101801	0.366831	-0.151774	-0.818440	0.251171
v12-96		96	52.60	1.0340	2.812	0.62940	316	-0.96257	-0.06269	-1.17336	-0.03971	0.04669	14.5500	3.6500	0.0000	27.3000	0.0000	0.0000	5.2632	7.0000	0.0750	1.0000	0.0000	0.2230	15.6250						51.90	0.70	docs/artifacts/v12-96.bak	1		0.450017	0.531053	-0.203514	-0.455400	0.545800
v13-103		103	45.00	0.0000	1.000	0.45000	774	-1.83824	0.86201	-1.70669	0.59640	1.70567	13.9500	0.0000	0.0000	43.1250	0.0000	0.0000	5.3763	1.0000	0.0000	0.0000	0.0063	0.1738	20.0000						46.40	-1.40	docs/artifacts/v13-103.bak	1		-0.144073	0.462163	0.246830	-0.486267	-0.053912
v13-106		106	54.60	0.2048	1.227	0.56648	529	-1.54784	0.84409	-1.46905	0.65755	1.48686	14.3250	0.0000	0.0000	23.7000	0.0000	0.0000	17.7778	2.0000	0.0000	0.0000	0.0000	0.2912	2.0250						53.50	1.10	docs/artifacts/v13-106.bak	1		-0.109167	0.867032	0.368802	-0.442416	-0.491643
v14-112		112	41.40	1.6041	4.973	0.57441	500	-0.01229	1.11623	-0.13052	1.17833	0.16288	13.6750	0.0000	0.1750	32.1750	0.0000	0.0000	10.0000	10.0000	0.0000	0.0000	0.0818	0.3189	0.1000						41.50	-0.10	docs/artifacts/v14-112.bak	1		0.012790	0.700932	-0.010575	0.065026	0.594517
v14-115		115	47.00	0.8313	2.296	0.55313	574	-0.73362	0.02908	-0.93824	0.09305	0.01511	15.4250	1.5500	0.0000	32.8000	0.0000	0.0000	22.5000	4.0000	1.0250	0.9512	0.0000	0.2762	14.5750						45.10	1.90	docs/artifacts/v14-115.bak	1		-0.017107	0.227967	0.129115	-0.692411	0.404868
v15-121		121	47.80	0.9024	2.465	0.56824	522	-1.27847	0.98153	-1.46997	0.85652	0.95569	14.9000	0.0000	0.0000	41.8000	0.0000	0.0000	7.1429	5.0000	0.0000	0.0000	0.0000	0.0821	0.0000						49.50	-1.70	docs/artifacts/v15-121.bak	1		-0.099434	0.474852	0.252164	-0.547902	0.032829
v15-124		124	49.60	0.1241	1.132	0.50841	685	-1.50564	1.02817	-1.51289	0.86260	1.35953	14.5000	0.0000	0.0250	32.6250	0.0000	0.0000	14.8148	5.0000	0.0000	0.0000	0.0000	0.2914	18.0250						48.50	1.10	docs/artifacts/v15-124.bak	1		0.614446	0.637181	-0.133285	-0.046011	0.406341
v15-31		31	54.00	0.9494	2.584	0.63494	299	-1.30902	0.86389	-1.30164	0.70753	1.21013	14.1250	0.0000	0.0000	28.4500	0.0000	0.0000	12.7660	3.0000	0.0000	0.0000	0.0000	0.3041	14.6000						58.60	-4.60	docs/artifacts/v15-31.bak	3	v15-31 v16-31 v14-31	-0.219011	0.927490	0.253467	-0.373501	-0.585446
v16-133		133	28.10	0.4218	1.525	0.32318	891	-0.28259	1.09488	-0.38195	1.09642	0.47181	14.8000	0.0000	0.0000	34.8250	0.0000	0.0000	18.0556	4.0000	0.0000	0.0000	0.1871	0.4609	0.0000						27.00	1.10	docs/artifacts/v16-133.bak	1		-0.138970	0.523044	0.344082	-0.681141	-0.043940
v16-136		136	57.70	0.6931	2.000	0.64631	252	-1.45424	0.97146	-1.39311	0.77452	1.44414	14.2250	0.0000	0.0000	30.8750	0.0000	0.0000	10.9756	3.0000	0.0000	0.0000	0.0000	0.3393	18.1500						55.90	1.80	docs/artifacts/v16-136.bak	1		0.017299	0.693855	-0.008814	0.062929	0.606094
v17-142		142	41.00	0.0000	1.000	0.41000	817	-1.74899	0.84592	-1.65070	0.56916	1.63944	14.8500	0.0000	0.0000	31.6500	0.0000	0.0000	12.8571	1.0000	0.0000	0.0000	0.0063	0.2941	20.0000						42.10	-1.10	docs/artifacts/v17-142.bak	1		-0.098782	0.756734	0.475911	-0.744884	-0.468045
v17-145		145	53.90	0.7252	2.065	0.61152	363	-1.56017	0.86902	-1.58280	0.65921	1.33618	13.8250	0.0000	0.0000	44.4000	0.0000	0.0000	22.9885	5.0000	0.0000	0.0000	0.0000	0.2169	7.1500						53.10	0.80	docs/artifacts/v17-145.bak	1		-0.080334	0.433604	0.203970	-0.497983	0.077880
v7a-31		31	33.20	1.2656	3.545	0.45856	757	-0.14649	0.96421	-0.34357	1.01665	0.13294	14.8250	0.0000	17.0250	43.1250	0.0000	0.0000	10.0000	8.0000	0.0000	0.0000	0.0000	0.3282	0.0000						34.90	-1.70	docs/artifacts/v7a-31.bak	4	v7a-31 v7b-31 v7c-31 v7d-31	0.294493	0.792005	0.260212	-0.001678	0.368576
v7a-34		34	29.90	1.3822	3.984	0.43722	786	-0.04690	1.07851	-0.10320	1.11606	0.28068	14.3500	0.0000	0.0000	25.4000	0.0000	0.0000	13.9535	4.0000	0.0000	0.0000	0.3605	0.3393	0.0000						34.90	-5.00	docs/artifacts/v7a-34.bak	3	v7a-34 v7c-34 v7d-34	-0.015107	0.403061	0.098580	-0.534014	0.085953
v7aim1-31		31	49.50	0.7459	2.108	0.56959	520	-1.33732	0.88318	-1.29991	0.71965	1.28696	13.5750	0.0000	0.0000	27.6000	0.0000	0.0000	13.8298	3.0000	0.0000	0.0000	0.0000	0.2734	4.9750						49.00	0.50	docs/artifacts/v7aim1-31.bak	1		-0.220621	0.115733	0.564814	-0.423597	0.050900
v7aim1-91		91	36.50	1.6353	5.131	0.52853	620	-0.08223	-0.61588	-0.44911	-0.34605	-1.09956	14.8250	0.0000	0.1500	36.4000	0.0000	0.0000	17.7778	12.0000	11.3500	0.5815	0.0000	0.3048	19.4750						37.90	-1.40	docs/artifacts/v7aim1-91.bak	1		-0.216673	0.765051	0.354736	-0.656400	-0.497117
v7aim1f-31		31	39.70	0.7873	2.198	0.47573	738	0.29825	1.15278	-0.74145	1.02744	-1.24707	14.8250	0.0000	0.0000	41.5000	0.0000	0.0000	16.3636	4.0000	19.9750	0.9700	0.0000	0.2898	18.4250						45.80	-6.10	docs/artifacts/v7aim1f-31.bak	1		-0.163857	0.780053	0.407240	-0.637361	-0.464042
v7aim2-31		31	43.80	1.1773	3.246	0.55573	564	0.36364	-0.00366	0.50384	-0.12292	0.65643	16.8750	14.8750	0.0000	22.1500	0.0000	0.0000	17.3469	9.0000	0.0000	0.0000	0.0000	0.2215	17.9500						45.20	-1.40	docs/artifacts/v7aim2-31.bak	1		-0.202605	0.439547	0.096253	-0.274851	-0.053706
v7aim3-31		31	46.60	1.3658	3.919	0.60258	401	-0.35003	-0.52001	-0.16220	-0.59970	0.51168	16.0750	13.4500	0.0000	26.3750	0.0000	0.0000	19.1919	10.0000	0.0000	0.0000	0.0000	0.1802	17.5500						42.40	4.20	docs/artifacts/v7aim3-31.bak	1		-0.175311	0.414350	0.125144	-0.329601	-0.056163
v7anneal-34		34	31.40	1.3053	3.689	0.44453	780	0.07917	1.07355	0.02008	1.12773	0.13381	14.0500	0.0000	0.0000	25.0250	0.0000	0.0000	15.7895	6.0000	0.0000	0.0000	0.9688	0.2869	0.0000						31.50	-0.10	docs/artifacts/v7anneal-34.bak	1		-0.183843	0.071472	0.672965	-0.476535	0.075536
v7b-31		31	33.20	1.2656	3.545	0.45856	758	-0.18951	0.93168	-0.34396	0.97397	0.19222	14.8250	0.0000	17.0250	43.1250	0.0000	0.0000	10.0000	8.0000	0.0000	0.0000	0.0000	0.3282	0.0000						34.90	-1.70	docs/artifacts/v7b-31.bak	4	v7a-31 v7b-31 v7c-31 v7d-31	0.294532	0.792249	0.260514	-0.001529	0.368795
v7b-39		39	43.20	0.5004	1.649	0.48204	725	0.19071	2.03742	-0.94116	1.99734	-0.74601	14.9750	0.0000	0.0000	46.9750	0.0000	0.0000	19.7183	3.0000	0.0000	0.0000	0.0000	0.3522	18.1000						47.20	-4.00	docs/artifacts/v7b-39.bak	2	v7b-39 v7c-39	-0.102090	0.448230	0.197660	-0.531846	0.014737
v7b-42		42	45.10	0.0000	1.000	0.45100	771	-1.86586	0.82444	-1.77900	0.56929	1.63871	14.9000	0.0000	0.0000	34.2750	0.0000	0.0000	13.5135	1.0000	0.0000	0.0000	0.0000	0.2852	19.8500						51.60	-6.50	docs/artifacts/v7b-42.bak	3	v7b-42 v7c-42 v7d-42	-0.059997	0.089237	0.636129	-0.636996	0.169432
v7b-45		45	45.00	1.3196	3.742	0.58196	466	-0.31418	-0.61499	-0.53380	-0.41879	-0.81016	14.5750	3.7000	0.0000	20.2750	0.0000	0.0000	11.3402	12.0000	0.1000	1.0000	0.0000	0.2248	4.9750						40.60	4.40	docs/artifacts/v7b-45.bak	1		0.663991	0.423004	-0.417717	-0.206224	0.439898
v7b-48		48	41.00	1.3573	3.886	0.54573	588	0.29059	-0.49008	-0.02310	-0.17014	-1.22169	13.0500	0.0500	2.7000	22.2500	0.0000	0.0000	3.0612	10.0000	0.0250	1.0000	0.0397	0.3735	0.0000						38.60	2.40	docs/artifacts/v7b-48.bak	1		0.723264	0.203998	-0.452575	0.245797	0.285925
v7bead1-93		93	53.10	1.7770	5.912	0.70870	89	-0.16006	0.13735	-0.22208	0.15105	0.00599	14.1000	0.2500	0.2750	23.1750	0.0000	0.0000	9.1837	9.0000	0.0500	1.0000	0.0189	0.2667	6.8750	87.2135	-3.2726	0+8-	86.1111		56.20	-3.10	docs/artifacts/v7bead1-93.bak	1		-0.334561	0.251103	-0.225298	-0.208181	-0.283716
v7bead100-93		93	49.70	1.5449	4.687	0.65149	236	-0.55991	0.34232	-0.42220	0.28405	0.57510	14.6750	0.2500	0.1000	33.2250	0.0000	0.0000	7.9545	8.0000	0.0000	0.0000	0.3125	0.2610	18.0500	81.0851	-9.4010	0+8-	80.5556		48.60	1.10	docs/artifacts/v7bead100-93.bak	1		-0.176676	0.297031	0.446437	-0.909419	-0.087712
v7bead15-93		93	55.90	1.4681	4.341	0.70581	94	0.19638	0.43733	0.10527	0.47166	-0.11996	14.5500	0.2000	16.0750	34.0250	0.0000	0.0000	18.0723	10.0000	0.0250	1.0000	0.0233	0.3433	0.0000						56.10	-0.20	docs/artifacts/v7bead15-93.bak	1		0.699527	0.200896	-0.482617	0.259812	0.298047
v7bead2-93		93	53.40	1.6096	5.001	0.69496	132	0.48148	0.54123	0.13026	0.70202	-0.76228	14.5500	0.5500	0.4250	32.7250	0.0000	0.0000	17.0455	10.0000	0.0000	0.0000	0.2500	0.2429	18.9500	88.9497	-1.5364	3+5-	90.0694		50.20	3.20	docs/artifacts/v7bead2-93.bak	1		0.577592	0.321609	-0.332442	-0.196820	0.242072
v7bead25-93		93	64.60	1.0857	2.961	0.75457	14	-1.22155	0.93790	-1.34192	0.85604	1.01474	14.9250	0.0000	0.0000	43.7750	0.0000	0.0000	13.2353	5.0000	0.0000	0.0000	0.0000	0.3322	17.9250						60.60	4.00	docs/artifacts/v7bead25-93.bak	1		-0.025252	0.455920	0.163691	-0.623661	0.055499
v7bead3-93		93	42.90	1.8508	6.365	0.61408	357	-0.11915	0.49908	-0.20852	0.52239	0.01299	14.5250	0.4000	8.0000	37.2000	0.0000	0.0000	8.3333	9.0000	0.0000	0.0000	0.1195	0.1678	17.9750						42.40	0.50	docs/artifacts/v7bead3-93.bak	1		0.418885	0.217868	-0.224324	-0.111406	0.011053
v7beadseed-93		93	57.00	1.6997	5.472	0.73997	33	-0.53665	0.40905	-0.50071	0.34600	0.53406	14.4750	0.9000	0.6500	23.0750	0.0000	0.0000	6.0606	9.0000	0.0000	0.0000	0.0063	0.2997	18.8250	95.1128	4.6267	7+1-	89.0972		58.70	-1.70	docs/artifacts/v7beadseed-93.bak	1		0.515014	0.196435	-0.229450	-0.037983	0.064998
v7big1-82		82	55.60	0.8108	2.250	0.63708	291	-1.26788	1.03014	-1.61948	0.81292	0.77060	14.6750	0.0000	0.0000	46.4750	0.0000	0.0000	14.4578	4.0000	0.0000	0.0000	0.0000	0.1993	3.1250						55.60	0.00	docs/artifacts/v7big1-82.bak	1		-0.194246	0.561481	0.335962	-0.764957	-0.084261
v7big1-93		93	45.40	1.7876	5.975	0.63276	305	0.04876	-0.14598	0.02756	-0.14358	-0.09626	14.7250	1.2000	1.7250	27.6500	0.0000	0.0000	17.1717	13.0000	1.0750	1.0000	0.0278	0.3943	15.1000						46.00	-0.60	docs/artifacts/v7big1-93.bak	1		-0.430741	0.453585	0.243775	-0.848228	-0.164768
v7blk1-82		82	56.30	1.2218	3.393	0.68518	158	-0.62694	0.36221	-1.36661	0.28768	-0.53316	14.8750	0.1000	0.0000	40.9250	0.0000	0.0000	8.1081	8.0000	13.9750	0.9767	0.0000	0.2353	17.9250						56.30	0.00	docs/artifacts/v7blk1-82.bak	1		0.308585	0.656396	0.213714	-0.122770	0.344723
v7blk1-93		93	54.60	0.0000	1.000	0.54600	586	-1.31694	-0.25984	-1.62210	-0.28350	0.01483	15.0000	0.0000	0.0000	47.0000	0.0000	0.0000	0.0000	1.0000	115.0000	0.4783	0.0000	0.2737	16.1750						54.40	0.20	docs/artifacts/v7blk1-93.bak	1		-0.569463	0.550725	0.474761	-0.388056	-0.140151
v7c-33		33	50.50	1.3720	3.943	0.64220	266	0.15640	-1.35519	0.42053	-1.39120	0.15957	15.3000	10.3000	0.0000	31.1500	0.0000	0.0000	24.7191	8.0000	0.0250	1.0000	0.0000	0.2183	0.0000						49.70	0.80	docs/artifacts/v7c-33.bak	3	v7c-33 v7d-33 v7a-33	0.539110	0.838418	0.122148	0.115974	1.036254
v7c-36		36	51.10	0.5086	1.663	0.56186	539	-1.52656	0.77275	-1.50446	0.58744	1.34875	14.7500	0.0000	0.0000	33.9500	0.0000	0.0000	14.2857	6.0000	0.0000	0.0000	0.0000	0.2252	19.5000						53.30	-2.20	docs/artifacts/v7c-36.bak	3	v7c-36 v7d-36 v7a-36	-0.124880	0.540670	0.406357	-0.715415	-0.058058
v7c-39		39	43.20	0.5004	1.649	0.48204	726	-0.53172	1.08766	-0.76926	1.05445	0.35647	14.9750	0.0000	0.0000	46.9750	0.0000	0.0000	19.7183	3.0000	0.0000	0.0000	0.0000	0.3522	18.1000						47.20	-4.00	docs/artifacts/v7c-39.bak	2	v7b-39 v7c-39	-0.101607	0.448045	0.196971	-0.528423	0.025932
v7c-42		42	45.10	0.0000	1.000	0.45100	772	-1.86104	0.77245	-1.81113	0.52523	1.58505	14.9000	0.0000	0.0000	34.2750	0.0000	0.0000	13.5135	1.0000	0.0000	0.0000	0.0000	0.2852	19.8500						51.60	-6.50	docs/artifacts/v7c-42.bak	3	v7b-42 v7c-42 v7d-42	-0.060169	0.089044	0.636330	-0.636495	0.169649
v7catE1-82		82	50.90	0.5165	1.676	0.56065	547	-0.64074	0.32333	-0.71995	0.30396	0.32170	14.4500	0.0000	0.0750	32.6750	0.0000	0.0000	6.0976	6.0000	0.0750	0.6667	0.0126	0.3003	18.8750						47.20	3.70	docs/artifacts/v7catE1-82.bak	1		0.556862	0.544856	-0.235161	-0.246999	0.649357
v7catE5-82		82	41.80	0.6539	1.923	0.48339	722	-0.46301	-0.21901	-0.73199	-0.12474	-0.39945	14.7750	0.0000	0.1500	34.1500	0.0000	0.0000	10.4478	9.0000	3.0500	0.7869	0.0000	0.2422	4.0000						46.40	-4.60	docs/artifacts/v7catE5-82.bak	1		-0.261842	0.506817	0.231713	-0.302183	-0.137901
v7clear2-82		82	48.60	1.8929	6.638	0.67529	180	0.23291	-0.48378	0.12151	-0.44020	-0.55236	15.6000	7.2000	6.7000	36.6250	0.0000	0.0000	11.3402	20.0000	1.8500	0.9589	0.2500	0.2536	16.6000						44.30	4.30	docs/artifacts/v7clear2-82.bak	1		0.093295	0.221762	0.031765	-0.748657	0.163762
v7cmin3-93		93	48.10	1.6546	5.231	0.64646	250	-0.07121	-0.31011	0.05611	-0.34772	0.22715	14.8750	2.0000	1.1000	24.0000	0.0000	0.0000	10.1010	9.0000	0.0000	0.0000	0.0189	0.2507	16.8250	79.4271	-11.0590	0+8-	75.2778		49.10	-1.00	docs/artifacts/v7cmin3-93.bak	1		-0.240055	0.485002	0.198465	-0.283762	-0.110763
v7cmin4-93		93	41.00	1.7212	5.591	0.58212	465	0.47087	0.01694	0.13606	0.17069	-0.87660	14.2500	0.3000	0.1500	30.4250	0.0000	0.0000	10.9890	12.0000	0.0000	0.0000	0.3250	0.2622	0.0000						41.80	-0.80	docs/artifacts/v7cmin4-93.bak	1		-0.592969	0.261395	0.023986	-0.190735	-0.500905
v7ctrlE-82		82	57.90	0.9516	2.590	0.67416	183	-1.43678	0.81034	-1.40531	0.63647	1.32451	15.0000	0.0000	0.0000	37.6500	0.0000	0.0000	13.1148	3.0000	0.0000	0.0000	0.0000	0.3454	18.0000						54.60	3.30	docs/artifacts/v7ctrlE-82.bak	4	v7ctrlE-82 v7roleC-82 v7ringT-82 v7ringT2-82	-0.021652	0.443556	0.135169	-0.629695	0.065263
v7cur-93		93	33.70	1.0241	2.785	0.43941	784	-0.22177	-0.51108	-0.45836	-0.33966	-0.81137	14.6250	0.5500	0.0000	35.3750	0.0000	0.0000	11.2500	12.0000	0.1500	1.0000	0.0000	0.3474	0.0000						32.60	1.10	docs/artifacts/v7cur-93.bak	1		0.659255	0.421254	-0.411606	-0.201408	0.437006
v7cur2-93		93	59.00	1.0526	2.865	0.69526	128	-1.24107	0.80349	-1.32461	0.68087	0.96298	14.6000	0.0000	0.0750	38.8250	0.0000	0.0000	7.7922	4.0000	0.0000	0.0000	0.0000	0.3468	18.0000						57.00	2.00	docs/artifacts/v7cur2-93.bak	1		0.469292	0.385145	-0.154770	-0.220558	0.321497
v7cur3-93		93	52.30	1.4157	4.119	0.66457	204	-0.01163	-1.09465	-0.24446	-0.98171	-0.98196	14.2750	0.4500	0.0000	23.2500	0.0000	0.0000	13.8298	7.0000	6.4750	0.7713	0.0000	0.2786	18.5500						51.30	1.00	docs/artifacts/v7cur3-93.bak	1		-0.253276	0.146020	0.564063	-0.422260	-0.060169
v7curri1-82		82	60.30	0.7786	2.178	0.68086	165	-0.97400	0.27043	-1.06806	0.24334	0.43991	13.1750	0.0000	0.0000	23.9500	0.0000	0.0000	12.6316	4.0000	0.0750	1.0000	0.0000	0.2836	17.9750						55.20	5.10	docs/artifacts/v7curri1-82.bak	1		-0.142870	-0.016140	0.759380	-0.594633	0.026664
v7curri1-93		93	42.10	1.9763	7.216	0.61863	335	-0.18486	-0.19286	-0.50926	-0.06012	-0.65755	14.0750	0.0000	0.3250	28.8250	0.0000	0.0000	11.3402	13.0000	0.8750	1.0000	0.1812	0.1422	14.6500						43.90	-1.80	docs/artifacts/v7curri1-93.bak	1		-0.365115	0.175618	0.151504	-0.398570	-0.498965
v7curri2-82		82	51.80	1.3375	3.810	0.65175	235	0.13853	1.02050	0.08218	1.08684	0.01116	14.5000	0.0000	0.0000	36.0250	0.0000	0.0000	13.1579	9.0000	0.0000	0.0000	0.4813	0.2384	7.4000						47.60	4.20	docs/artifacts/v7curri2-82.bak	1		0.564103	0.268934	-0.284641	-0.135361	0.178254
v7curri2-93		93	46.10	0.8546	2.350	0.54646	585	-0.76607	-0.09014	-1.03009	0.03938	-0.27255	14.3500	0.0000	0.2000	32.4500	0.0000	0.0000	8.9888	6.0000	0.1250	1.0000	0.0000	0.3004	16.5500						48.90	-2.80	docs/artifacts/v7curri2-93.bak	1		0.575692	0.543278	-0.225906	-0.208245	0.663178
v7d-33		33	50.50	1.3720	3.943	0.64220	267	0.43444	-1.42263	0.64892	-1.46759	-0.09903	15.3000	10.3000	0.0000	31.1500	0.0000	0.0000	24.7191	8.0000	0.0250	1.0000	0.0000	0.2183	0.0000						49.70	0.80	docs/artifacts/v7d-33.bak	3	v7c-33 v7d-33 v7a-33	0.539172	0.838569	0.122304	0.116086	1.036399
v7d-36		36	51.10	0.5086	1.663	0.56186	540	-1.60135	0.75538	-1.55890	0.55516	1.41957	14.7500	0.0000	0.0000	33.9500	0.0000	0.0000	14.2857	6.0000	0.0000	0.0000	0.0000	0.2252	19.5000						53.30	-2.20	docs/artifacts/v7d-36.bak	3	v7c-36 v7d-36 v7a-36	-0.124661	0.540723	0.406715	-0.715456	-0.057620
v7densE-31		31	49.40	0.7089	2.032	0.56489	534	-1.13163	0.34519	-1.32204	0.35816	0.42224	14.6250	0.0000	0.0000	32.5750	0.0000	0.0000	8.8235	6.0000	0.1750	0.2857	0.0000	0.3707	2.0000						48.10	1.30	docs/artifacts/v7densE-31.bak	1		0.525613	0.508499	-0.266628	-0.314475	0.581350
v7divK-31		31	51.30	1.0921	2.981	0.62221	329	-0.83153	0.88411	-0.66979	0.72886	1.01847	14.0750	0.0500	0.0250	16.0250	0.0000	0.0000	9.1837	7.0000	0.0000	0.0000	0.0000	0.3779	18.0000						52.40	-1.10	docs/artifacts/v7divK-31.bak	1		0.309819	0.626763	0.192280	-0.122391	0.290706
v7divK2-81		81	53.00	1.6297	5.102	0.69297	139	0.25869	-1.22332	0.46545	-1.25780	0.02640	15.0500	0.0500	0.0000	37.1750	0.0000	0.0000	13.4328	10.0000	8.3500	0.8909	0.0000	0.2601	9.5250						52.50	0.50	docs/artifacts/v7divK2-81.bak	1		-0.362877	0.559283	-0.017850	-0.735974	-0.177151
v7expo-32		32	50.30	0.7960	2.217	0.58260	461	-0.93412	0.96774	-0.90742	0.85567	0.97946	14.1250	0.0000	0.0000	26.1750	0.0000	0.0000	14.7727	5.0000	0.0000	0.0000	0.0252	0.2702	16.2000						47.00	3.30	docs/artifacts/v7expo-32.bak	1		-0.207874	0.133409	0.535866	-0.442969	0.046544
v7f-35		35	46.20	1.0868	2.965	0.57068	511	-0.16939	0.71739	-0.12088	0.69848	0.47237	14.1000	0.7500	0.0000	18.8000	0.0000	0.0000	14.0000	8.0000	0.0000	0.0000	0.0125	0.3838	0.0000						45.80	0.40	docs/artifacts/v7f-35.bak	4	v7f-35 v7a-35 v7c-35 v7d-35	0.318828	0.705425	0.237278	-0.110587	0.478216
v7f2b-81		81	47.00	0.8900	2.435	0.55900	553	-0.45913	-0.04908	-0.61332	-0.01800	-0.09680	15.0750	1.1750	0.0000	33.2000	0.0000	0.0000	9.8765	13.0000	0.3250	0.8333	0.0000	0.2828	18.0250						46.60	0.40	docs/artifacts/v7f2b-81.bak	1		-0.061975	0.229507	0.087756	-0.742632	0.446590
v7f2t-81		81	46.00	0.5278	1.695	0.51278	659	-0.94083	-0.06698	-1.21136	0.02834	-0.09579	14.6000	0.0000	0.0000	29.7500	0.0000	0.0000	14.2857	3.0000	0.2750	1.0000	0.0000	0.3119	16.9750						53.90	-7.90	docs/artifacts/v7f2t-81.bak	1		-0.291338	0.945492	0.185590	-0.292801	-0.663304
v7f2t-92		92	53.00	1.6178	5.042	0.69178	141	-0.56477	-0.18980	-0.78739	-0.09192	-0.39042	14.1500	0.0000	0.0000	20.4750	0.0000	0.0000	9.1837	11.0000	0.0250	1.0000	0.0189	0.2801	17.0250						50.40	2.60	docs/artifacts/v7f2t-92.bak	1		0.746608	0.078246	0.799225	-0.811015	-0.072692
v7f3-93		93	41.30	1.0292	2.799	0.51592	651	-0.09308	0.70798	-0.24105	0.75900	0.04427	14.4250	0.0000	0.1250	33.9000	0.0000	0.0000	15.3846	7.0000	0.0000	0.0000	0.0308	0.2961	0.0000						41.30	0.00	docs/artifacts/v7f3-93.bak	1		0.604598	0.649804	-0.108915	-0.047956	0.428087
v7f35b-94		94	48.30	1.6190	5.048	0.64490	256	-0.80747	-0.21940	-1.15781	-0.02496	-0.39304	14.4750	0.0000	0.0000	33.1750	0.0000	0.0000	12.3596	8.0000	5.1750	1.0000	0.0000	0.2947	4.4500						47.50	0.80	docs/artifacts/v7f35b-94.bak	1		0.595972	0.663563	-0.088608	-0.047022	0.450455
v7f35b-97		97	53.80	1.3140	3.721	0.66940	195	2.05690	0.61243	1.52120	0.86181	-2.09998	13.6000	0.0000	0.4750	28.7250	0.0000	0.0000	21.5909	10.0000	0.2250	0.4444	0.0063	0.2589	1.1750						56.90	-3.10	docs/artifacts/v7f35b-97.bak	1		-0.530722	0.335431	-0.226050	-0.513501	-0.598080
v7f35t-31		31	55.90	1.0272	2.793	0.66172	208	-0.84244	-0.19220	-1.12655	-0.16093	-0.16270	14.5750	0.0000	0.0000	38.6250	0.0000	0.0000	7.5758	4.0000	27.0500	0.5222	0.0000	0.3897	0.0750						56.80	-0.90	docs/artifacts/v7f35t-31.bak	3	v7f35t-31 v7stock2-31 v7f35b-31	0.406712	0.388741	-0.198466	-0.305640	0.256842
v7f35t-91		91	51.50	0.4105	1.508	0.55605	562	-0.65625	-0.27468	-0.95836	-0.08058	-0.50525	14.7750	0.0000	0.0000	32.0750	0.0000	0.0000	12.5000	5.0000	0.1250	1.0000	0.0000	0.2680	14.5500						51.40	0.10	docs/artifacts/v7f35t-91.bak	2	v7f35t-91 v7stock2-91	0.039561	0.264785	0.129453	-0.891192	0.207390
v7f5b-31		31	45.00	1.9593	7.094	0.64593	253	0.27319	-0.27306	-0.16943	-0.06993	-1.07418	14.6500	1.9750	0.0000	27.9250	0.0000	0.0000	8.5366	16.0000	1.0250	0.8158	0.5000	0.2076	7.8000						43.00	2.00	docs/artifacts/v7f5b-31.bak	2	v7f5b-31 v7f5t-31	-0.420119	0.453101	0.257836	-0.873517	-0.147233
v7f5b-96		96	50.20	1.3856	3.997	0.64056	272	-0.60759	0.08398	-0.78114	0.07493	0.04145	14.4250	0.2500	0.0000	26.0250	0.0000	0.0000	15.5556	8.0000	1.3250	0.9423	0.0000	0.3112	16.6750						49.80	0.40	docs/artifacts/v7f5b-96.bak	1		0.232099	0.726312	0.111361	-0.157264	0.486156
v7f5b-99		99	49.60	0.0567	1.058	0.50167	699	-1.04279	0.67546	-1.22606	0.65643	0.64612	14.8000	0.0000	0.0000	29.6250	0.0000	0.0000	14.9254	2.0000	0.0000	0.0000	0.0000	0.2935	18.9250						51.00	-1.40	docs/artifacts/v7f5b-99.bak	1		-0.191685	0.897182	0.310775	-0.415593	-0.654468
v7f5div3-82		82	47.80	1.1821	3.261	0.59621	420	-0.04492	-0.63333	-0.52135	-0.20534	-1.35822	14.2750	0.0000	0.0000	30.2750	0.0000	0.0000	4.5977	9.0000	0.2000	1.0000	0.0126	0.1972	7.9000						50.90	-3.10	docs/artifacts/v7f5div3-82.bak	1		-0.495258	0.230858	0.013944	-0.210062	-0.352901
v7f5div3-93		93	54.20	1.4506	4.266	0.68706	154	-0.31245	-0.62642	-0.10465	-0.70485	0.49748	15.2500	3.8000	0.8500	18.4750	0.0000	0.0000	12.1212	9.0000	0.0000	0.0000	0.0000	0.2418	17.9750	81.3281	-9.1580	0+8-	81.4583		54.10	0.10	docs/artifacts/v7f5div3-93.bak	1		-0.288909	0.610156	0.070834	-0.662194	-0.162805
v7f5t-82		82	52.70	0.8565	2.355	0.61265	360	-1.34992	0.74765	-1.39666	0.61183	1.08210	14.5500	0.0000	0.0000	34.1500	0.0000	0.0000	2.7778	6.0000	0.0000	0.0000	0.0000	0.2881	17.8750						52.90	-0.20	docs/artifacts/v7f5t-82.bak	1		0.617357	0.634873	-0.134862	-0.055512	0.397668
v7f5t-93		93	47.50	1.2664	3.548	0.60164	404	-0.76448	-0.45480	-1.03937	-0.39004	-0.31024	14.4000	0.0000	0.1750	32.2250	0.0000	0.0000	13.7500	10.0000	0.6500	0.9200	0.1672	0.1786	0.0000						49.30	-1.80	docs/artifacts/v7f5t-93.bak	1		0.563654	0.347721	-0.321446	-0.243813	0.305258
v7fix-32		41	36.40	1.0825	2.952	0.47225	743	0.12781	-0.68933	0.18694	-0.68139	-0.11694	15.6500	2.8000	0.1250	28.7000	0.0000	0.0000	15.7303	9.0000	0.9250	0.8710	0.0000	0.2795	12.3750						37.80	-1.40	docs/artifacts/v7fix-32.bak	3	v7fix-32 seedtest2-41 v7fix-31	-0.577964	0.097613	0.246656	-0.181137	-0.319666
v7fix1-82		82	43.90	1.3107	3.709	0.57007	519	-1.08204	0.15088	-1.09652	0.02878	0.69967	15.7000	0.0000	0.0000	29.7000	0.0000	0.0000	13.5802	6.0000	2.3750	0.4787	0.0000	0.2613	19.8000						41.30	2.60	docs/artifacts/v7fix1-82.bak	1		-0.312929	0.141472	0.554917	-0.348047	-0.126419
v7fix1-93		93	42.60	0.7518	2.121	0.50118	700	0.26830	-1.08430	0.52325	-1.10609	0.35057	18.2750	18.2000	0.0000	11.8250	0.0000	0.0000	17.2414	3.0000	0.0000	0.0000	0.0000	0.0976	0.0000						38.80	3.80	docs/artifacts/v7fix1-93.bak	1		-0.092310	0.420352	0.170119	-0.490860	0.050401
v7force2-35		35	43.20	1.3469	3.845	0.56669	527	-1.26821	-0.73835	-0.09745	-0.56293	1.51912	14.8250	4.6500	0.0000	25.1250	0.0000	0.0000	7.2165	9.0000	0.8250	1.0000	0.0000	0.2807	17.9250						42.10	1.10	docs/artifacts/v7force2-35.bak	2	v7force2-35 v7r2-35	-0.566909	0.073555	0.282607	-0.197664	-0.286873
v7gf1-81		81	47.30	0.9859	2.680	0.57159	507	-0.40662	0.68917	-0.34322	0.61610	0.58711	13.9500	0.0500	0.0500	18.0500	0.0000	0.0000	11.2245	7.0000	0.0250	0.0000	0.0000	0.3778	18.7000						44.60	2.70	docs/artifacts/v7gf1-81.bak	2	v7gf1-81 v7ws2-81	-0.749791	-0.390013	-0.723475	0.461128	0.277032
v7gf1-92		92	42.40	1.6839	5.387	0.59239	435	-0.21095	-0.25429	-0.47247	-0.17690	-0.50859	13.6500	0.0000	0.5250	33.4500	0.0000	0.0000	16.4835	11.0000	40.4000	0.9833	0.2500	0.2037	2.5750						45.40	-3.00	docs/artifacts/v7gf1-92.bak	1		-0.012946	0.336697	0.079899	-0.568100	0.264016
v7iso1-81		81	45.50	1.2762	3.583	0.58262	460	-1.24108	0.80360	-1.34204	0.69652	0.97513	14.9000	0.0000	0.0000	40.1500	0.0000	0.0000	11.7647	4.0000	0.0000	0.0000	0.0000	0.2698	14.5750	74.3316	-16.1545	0+8-	72.9167		45.00	0.50	docs/artifacts/v7iso1-81.bak	1		0.018908	0.087485	0.564387	-0.621248	0.297384
v7iso1-92		92	45.70	1.7748	5.899	0.63448	302	-0.04135	-0.25147	-0.31294	-0.11478	-0.69525	14.1500	0.0000	0.2750	29.5750	0.0000	0.0000	9.3750	14.0000	12.1250	0.9833	0.0213	0.2267	20.0000						43.50	2.20	docs/artifacts/v7iso1-92.bak	1		-0.570548	0.250394	0.055644	-0.206046	-0.465617
v7l2c-101		101	47.00	1.1089	3.031	0.58089	471	-0.34355	-0.18758	-0.50106	-0.13268	-0.28267	14.3500	0.1000	0.1500	24.6750	0.0000	0.0000	5.6180	10.0000	3.4750	0.9712	0.0000	0.2903	17.8250	78.2118	-12.2743	0+8-	77.8472		46.60	0.40	docs/artifacts/v7l2c-101.bak	1		0.483073	0.231861	-0.129487	-0.013050	0.066018
v7l2c-111		111	42.90	1.4555	4.286	0.57455	498	-0.09602	0.09383	-0.26811	0.16059	-0.27291	13.5750	0.0000	0.0500	27.2500	0.0000	0.0000	15.6627	11.0000	0.7500	0.6333	0.0126	0.2935	0.0000						50.20	-7.30	docs/artifacts/v7l2c-111.bak	1		-0.719954	0.664919	-0.477684	-0.571996	-0.635522
v7l2c-141		141	50.50	0.0675	1.070	0.51175	663	-1.53849	0.72935	-1.47862	0.52619	1.37934	14.7750	0.0000	0.0000	36.8500	0.0000	0.0000	15.7895	3.0000	0.0000	0.0000	0.0000	0.2718	20.0000						50.50	0.00	docs/artifacts/v7l2c-141.bak	1		-0.126753	0.182365	0.459079	-0.693798	0.017481
v7l2c-144		144	51.00	1.0630	2.895	0.61630	349	-0.99189	-0.12208	-1.09495	-0.16074	0.28488	14.6000	0.0000	0.0000	37.3000	0.0000	0.0000	8.3333	4.0000	18.6750	0.8835	0.0000	0.2852	18.0500						53.90	-2.90	docs/artifacts/v7l2c-144.bak	1		-0.051486	-0.019948	0.339186	-0.131899	0.822632
v7l2c-147		147	48.40	0.6280	1.874	0.54680	584	-1.44689	0.74074	-1.54094	0.60645	1.07590	14.8750	0.0000	0.0000	43.6750	0.0000	0.0000	4.6154	4.0000	0.0000	0.0000	0.0000	0.2954	18.0250						46.70	1.70	docs/artifacts/v7l2c-147.bak	1		-0.149173	0.785298	0.420662	-0.618924	-0.446374
v7l2c-150		150	40.10	1.0895	2.973	0.50995	666	-1.17783	0.78322	-1.20713	0.67150	0.99873	14.0750	0.0000	0.0000	29.4750	0.0000	0.0000	7.5000	4.0000	0.0000	0.0000	0.0000	0.3006	16.0000						43.90	-3.80	docs/artifacts/v7l2c-150.bak	1		-0.176140	0.928894	0.316069	-0.354156	-0.636326
v7l2c-31		31	50.20	0.3624	1.437	0.53824	604	-0.60117	0.51838	-0.63441	0.55680	0.39007	14.8750	0.0000	0.1750	36.1000	0.0000	0.0000	9.8592	4.0000	0.3750	1.0000	0.0000	0.2625	16.0000						51.00	-0.80	docs/artifacts/v7l2c-31.bak	1		-0.245324	0.314929	0.273024	-0.497538	0.221169
v7l2c-93		93	56.60	1.4274	4.168	0.70874	88	-0.79018	0.90840	-0.75906	0.79058	0.95289	14.6000	0.0000	0.0000	32.1500	0.0000	0.0000	15.1163	8.0000	0.1250	1.0000	0.0010	0.3471	1.0000						59.00	-2.40	docs/artifacts/v7l2c-93.bak	1		0.510745	0.589702	-0.195371	-0.330194	0.665008
v7l2f-106		106	40.00	1.3831	3.987	0.53831	603	-1.84264	0.26908	-0.96367	-0.05921	2.03984	14.4000	0.0000	0.0000	35.0500	0.0000	0.0000	7.6923	9.0000	0.0500	1.0000	0.2201	0.4082	18.3500						42.70	-2.70	docs/artifacts/v7l2f-106.bak	1		-0.019766	-0.149118	-0.175068	-0.267666	-0.191875
v7l2f-143		143	45.60	0.8672	2.380	0.54272	592	-0.48422	0.25438	-0.55102	0.22350	0.22020	13.7500	0.0000	0.0250	22.2250	0.0000	0.0000	6.6667	11.0000	1.6750	0.7015	0.0000	0.4224	0.0000						41.60	4.00	docs/artifacts/v7l2f-143.bak	1		-0.626853	0.566905	-0.365690	-0.587819	-0.342619
v7l2f-146		146	51.00	0.5223	1.686	0.56223	537	-1.48571	0.83277	-1.51290	0.66673	1.24430	14.6250	0.0000	0.0000	39.8000	0.0000	0.0000	8.5366	3.0000	0.0000	0.0000	0.0000	0.2996	18.0250						53.40	-2.40	docs/artifacts/v7l2f-146.bak	1		0.493245	0.392881	-0.153901	-0.155853	0.334159
v7l2f-149		149	49.70	0.9207	2.511	0.58907	441	-0.54096	0.55167	-0.72203	0.57415	0.16603	14.8750	0.0000	0.0000	39.9000	0.0000	0.0000	12.8571	7.0000	0.0500	0.5000	0.0161	0.3754	0.0000						49.70	0.00	docs/artifacts/v7l2f-149.bak	1		0.121355	0.298842	-0.078221	-0.935393	0.216499
v7l2f-152		152	51.10	0.7610	2.140	0.58710	451	-0.59571	1.35954	-1.00913	1.28312	0.29046	14.9000	0.0000	0.0000	39.6000	0.0000	0.0000	12.5000	3.0000	0.0000	0.0000	0.0000	0.2872	18.4250						53.80	-2.70	docs/artifacts/v7l2f-152.bak	1		-0.049978	0.073548	0.638671	-0.631234	0.207857
v7l2f-82		82	47.40	1.0894	2.972	0.58294	459	-0.86801	0.38975	-1.08286	0.40294	0.32108	14.6250	0.0000	0.0000	33.4750	0.0000	0.0000	7.2289	5.0000	0.0500	1.0000	0.0000	0.2643	10.3750						47.50	-0.10	docs/artifacts/v7l2f-82.bak	1		0.484129	0.494228	-0.285674	-0.418372	0.564969
v7l2h-91		91	51.70	1.4260	4.162	0.65960	216	0.20586	0.03256	-0.07511	0.14405	-0.67084	14.4750	0.0000	0.0500	42.4250	0.0000	0.0000	20.2532	11.0000	0.1250	1.0000	0.0817	0.2226	1.9750						51.50	0.20	docs/artifacts/v7l2h-91.bak	2	v7l2h-91 v7l2c-91	0.436230	0.460850	-0.128365	-0.323275	-0.124991
v7l2o-92		92	42.50	1.8139	6.134	0.60639	388	0.76134	0.57998	0.34063	0.76867	-0.98301	13.5250	0.0500	0.2250	30.6750	0.0000	0.0000	12.6316	13.0000	0.0000	0.0000	0.5938	0.2251	15.8250						45.00	-2.50	docs/artifacts/v7l2o-92.bak	1		-0.637586	0.206109	0.130771	-0.315864	-0.514944
v7l2s-115		115	42.10	0.1788	1.196	0.43888	785	-0.31413	-0.08649	-0.69136	-0.06960	-0.43918	15.0000	0.0000	0.0000	47.0000	0.0000	0.0000	23.0769	2.0000	110.0000	1.0000	0.0813	0.2158	12.4000						44.60	-2.50	docs/artifacts/v7l2s-115.bak	1		-0.118747	0.433125	0.198063	-0.488972	0.009473
v7l2s-93		93	48.10	1.2744	3.576	0.60844	377	0.49979	0.03060	0.31097	0.12335	-0.79583	14.2250	0.1000	0.1250	25.8000	0.0000	0.0000	10.2273	10.0000	0.0500	1.0000	0.0881	0.2544	18.1750						46.00	2.10	docs/artifacts/v7l2s-93.bak	1		-0.335974	0.252799	-0.224911	-0.207240	-0.287364
v7l7-33		35	35.30	1.5686	4.800	0.50986	668	-0.23813	-0.06347	-0.54338	0.03199	-0.48260	15.8750	4.2750	0.0000	28.2750	0.0000	0.0000	6.7416	11.0000	0.2250	1.0000	0.0000	0.2249	4.0750						38.50	-3.20	docs/artifacts/v7l7-33.bak	17	seedtest2-31 v7l7-33 v7l7-36 v7l7-43 v7l7-46 v7phase-36 v9-35 v7l7-31 v7l7-34 v7l7-41 v7l7-44 v8fix-35 v7l7-32 v7l7-35 v7l7-42 v7l7-45 v7phase-35	-0.415197	0.285762	-0.020383	-0.356704	-0.262101
v7l7-36		35	35.30	1.5686	4.800	0.50986	669	-0.10642	-0.06257	-0.49107	0.05924	-0.62400	15.8750	4.2750	0.0000	28.2750	0.0000	0.0000	6.7416	11.0000	0.2250	1.0000	0.0000	0.2249	4.0750						38.50	-3.20	docs/artifacts/v7l7-36.bak	17	seedtest2-31 v7l7-33 v7l7-36 v7l7-43 v7l7-46 v7phase-36 v9-35 v7l7-31 v7l7-34 v7l7-41 v7l7-44 v8fix-35 v7l7-32 v7l7-35 v7l7-42 v7l7-45 v7phase-35	-0.416529	0.285212	-0.019791	-0.335369	-0.262649
v7l7-43		35	35.30	1.5686	4.800	0.50986	670	-0.13874	-0.07282	-0.54313	0.10271	-0.65953	15.8750	4.2750	0.0000	28.2750	0.0000	0.0000	6.7416	11.0000	0.2250	1.0000	0.0000	0.2249	4.0750						38.50	-3.20	docs/artifacts/v7l7-43.bak	17	seedtest2-31 v7l7-33 v7l7-36 v7l7-43 v7l7-46 v7phase-36 v9-35 v7l7-31 v7l7-34 v7l7-41 v7l7-44 v8fix-35 v7l7-32 v7l7-35 v7l7-42 v7l7-45 v7phase-35	-0.418441	0.284841	-0.019894	-0.366004	-0.284119
v7l7-46		35	35.30	1.5686	4.800	0.50986	671	-0.09797	0.11827	-0.52063	0.27293	-0.64865	15.8750	4.2750	0.0000	28.2750	0.0000	0.0000	6.7416	11.0000	0.2250	1.0000	0.0000	0.2249	4.0750						38.50	-3.20	docs/artifacts/v7l7-46.bak	17	seedtest2-31 v7l7-33 v7l7-36 v7l7-43 v7l7-46 v7phase-36 v9-35 v7l7-31 v7l7-34 v7l7-41 v7l7-44 v8fix-35 v7l7-32 v7l7-35 v7l7-42 v7l7-45 v7phase-35	-0.420857	0.284685	-0.023855	-0.331241	-0.288827
v7m2_noBead-33		32	26.20	1.3323	3.790	0.39523	829	0.27429	1.13526	0.14083	1.23339	-0.10095	13.4750	0.0000	0.0000	28.8250	0.0000	0.0000	20.8333	6.0000	0.0000	0.0000	0.3333	0.2980	0.0000						25.60	0.60	docs/artifacts/v7m2_noBead-33.bak	10	v7m2_noBead-33 v7m2_noBead-36 v7m2_noTarget-33 v7m2_noBead-34 v7m2_noTarget-31 v7m2_noTarget-34 v7m2_noBead-32 v7m2_noBead-35 v7m2_noTarget-32 v7m_noBead-32	-0.168181	0.925810	0.331615	-0.373844	-0.615444
v7m2_noBead-36		32	26.20	1.3323	3.790	0.39523	830	0.30791	1.10799	0.17264	1.20689	-0.11508	13.4750	0.0000	0.0000	28.8250	0.0000	0.0000	20.8333	6.0000	0.0000	0.0000	0.3333	0.2980	0.0000						25.60	0.60	docs/artifacts/v7m2_noBead-36.bak	10	v7m2_noBead-33 v7m2_noBead-36 v7m2_noTarget-33 v7m2_noBead-34 v7m2_noTarget-31 v7m2_noTarget-34 v7m2_noBead-32 v7m2_noBead-35 v7m2_noTarget-32 v7m_noBead-32	-0.168283	0.926152	0.331615	-0.373084	-0.616097
v7m2_noEffects-33		33	42.00	1.1747	3.237	0.53747	605	-0.00235	0.65135	-0.07322	0.67580	0.07557	14.2250	0.0500	7.4000	18.1500	0.0000	0.0000	10.6383	5.0000	0.0000	0.0000	0.0000	0.3158	1.0000						42.40	-0.40	docs/artifacts/v7m2_noEffects-33.bak	4	v7m2_noEffects-33 v7m2_noEffects-36 v7m2_noEffects-34 v7m2_noEffects-35	0.242107	0.489890	0.315720	-0.073258	0.098635
v7m2_noEffects-36		33	42.00	1.1747	3.237	0.53747	606	-0.13939	0.65458	-0.20639	0.67877	0.16604	14.2250	0.0500	7.4000	18.1500	0.0000	0.0000	10.6383	5.0000	0.0000	0.0000	0.0000	0.3158	1.0000						42.40	-0.40	docs/artifacts/v7m2_noEffects-36.bak	4	v7m2_noEffects-33 v7m2_noEffects-36 v7m2_noEffects-34 v7m2_noEffects-35	0.242118	0.490032	0.315860	-0.073252	0.098746
v7m2_noTarget-33		32	26.20	1.3323	3.790	0.39523	831	0.33445	1.18811	0.19294	1.29423	-0.11770	13.4750	0.0000	0.0000	28.8250	0.0000	0.0000	20.8333	6.0000	0.0000	0.0000	0.3333	0.2980	0.0000						25.60	0.60	docs/artifacts/v7m2_noTarget-33.bak	10	v7m2_noBead-33 v7m2_noBead-36 v7m2_noTarget-33 v7m2_noBead-34 v7m2_noTarget-31 v7m2_noTarget-34 v7m2_noBead-32 v7m2_noBead-35 v7m2_noTarget-32 v7m_noBead-32	-0.168373	0.926536	0.331577	-0.372213	-0.616480
v7m2_noTarget-36		36	44.00	1.5595	4.756	0.59595	424	0.04018	-0.80294	0.22051	-0.84946	0.20110	16.7000	4.7500	0.0250	18.0250	0.0000	0.0000	5.3763	8.0000	0.0000	0.0000	0.0000	0.3233	1.0000						44.40	-0.40	docs/artifacts/v7m2_noTarget-36.bak	3	v7m2_noTarget-36 v7m2_noEffects-31 v7m2_noEffects-32	0.268200	0.735651	0.153255	-0.097889	0.476044
v7n1-31		31	55.10	1.4202	4.138	0.69302	138	-0.15713	0.09547	-0.24068	0.05485	-0.03242	14.6500	0.0000	0.0000	36.2750	0.0000	0.0000	22.5000	8.0000	0.1250	1.0000	0.0371	0.2535	18.1250						54.10	1.00	docs/artifacts/v7n1-31.bak	1		-0.172458	0.260153	0.499306	-0.893620	-0.003607
v7new1-31		31	54.10	1.4168	4.124	0.68268	162	-0.84056	-0.04766	-1.04713	-0.04737	0.04256	14.6750	0.1000	0.0000	34.9500	0.0000	0.0000	7.5000	6.0000	10.4750	0.9560	0.0000	0.2624	12.4250						53.80	0.30	docs/artifacts/v7new1-31.bak	1		-0.328292	0.486832	0.402030	-0.903963	-0.126488
v7new1-91		91	52.50	0.8414	2.320	0.60914	375	-1.36547	0.73476	-1.46764	0.61071	1.02189	14.7750	0.0000	0.0000	35.1500	0.0000	0.0000	3.9474	4.0000	0.0000	0.0000	0.0000	0.2898	18.6500						51.60	0.90	docs/artifacts/v7new1-91.bak	1		-0.136177	0.762532	0.447012	-0.662942	-0.430351
v7new2-31		31	40.00	1.1977	3.312	0.51977	641	-1.07354	0.56076	-0.99450	0.43164	0.97956	14.6000	0.0000	0.0250	30.7250	0.0000	0.0000	10.8434	7.0000	0.0000	0.0000	0.0128	0.3269	20.0000						40.60	-0.60	docs/artifacts/v7new2-31.bak	1		0.248560	0.919682	-0.005905	0.032907	0.707054
v7new2-91		91	46.20	1.0816	2.949	0.57016	517	-0.05506	-0.07406	-0.34587	0.04995	-0.61641	14.3750	0.0000	0.3500	33.2500	0.0000	0.0000	14.6341	11.0000	0.1000	1.0000	0.0000	0.3067	16.9500						44.90	1.30	docs/artifacts/v7new2-91.bak	2	v7new2-91 v7new3-91	0.595497	0.510040	-0.268134	-0.180881	0.629697
v7new3-31		31	46.50	1.3854	3.996	0.60354	398	-0.28080	-0.25498	-0.53414	-0.15921	-0.44777	14.1000	0.0000	0.0000	22.5500	0.0000	0.0000	23.8095	9.0000	3.1750	0.4094	0.0036	0.3206	0.0000						48.60	-2.10	docs/artifacts/v7new3-31.bak	1		-0.750325	0.732332	-0.512636	-0.559420	-0.714204
v7new3-91		91	46.20	1.0816	2.949	0.57016	518	-0.13242	-0.07818	-0.43508	0.05967	-0.62489	14.3750	0.0000	0.3500	33.2500	0.0000	0.0000	14.6341	11.0000	0.1000	1.0000	0.0000	0.3067	16.9500						44.90	1.30	docs/artifacts/v7new3-91.bak	2	v7new2-91 v7new3-91	0.595560	0.510077	-0.268151	-0.180941	0.629687
v7new4-31		31	49.00	1.0627	2.894	0.59627	419	-0.53695	-0.09920	-0.71693	-0.06259	-0.12504	14.2000	0.2000	0.0000	23.0000	0.0000	0.0000	5.4945	11.0000	0.1250	0.7500	0.0000	0.3288	18.7750						48.10	0.90	docs/artifacts/v7new4-31.bak	1		-0.399967	0.347414	-0.145418	-0.388508	-0.252051
v7new4-91		91	44.90	2.3184	10.159	0.68084	167	0.04695	-0.48942	-0.04010	-0.45713	-0.39690	14.4750	6.3500	0.0750	24.5000	0.0000	0.0000	16.8421	21.0000	2.4000	0.9375	0.0000	0.1786	13.1000						44.90	0.00	docs/artifacts/v7new4-91.bak	1		0.394299	0.386908	-0.155354	-0.332771	0.227663
v7new5_005-31	历代上槽	31	44.90	1.9474	7.011	0.64374	261	-0.24555	0.61666	-0.46291	0.64654	-0.02838	14.7750	0.0000	2.7250	40.8500	0.0000	0.0000	5.9701	11.0000	0.0000	0.0000	0.0688	0.1687	0.3000						45.30	-0.40	docs/artifacts/v7new5_005-31.bak	2	v7new5_005-31 v7new6-31	-0.188200	0.526389	0.287393	-0.703188	-0.068485
v7new5_005-91		91	48.10	1.1804	3.256	0.59904	410	-0.34957	-0.08048	-0.64580	-0.02994	-0.37801	14.8250	0.1000	0.1000	40.7750	0.0000	0.0000	2.7027	14.0000	2.4750	0.7391	0.0000	0.2370	14.5250						47.70	0.40	docs/artifacts/v7new5_005-91.bak	1		-0.602792	0.505286	-0.257937	-0.652222	-0.321160
v7new5_01-31		31	53.40	0.6448	1.906	0.59848	412	-0.74180	0.65896	-0.77075	0.59247	0.65008	14.6750	0.0000	0.2000	41.9750	0.0000	0.0000	8.5366	5.0000	0.0000	0.0000	0.0000	0.3178	18.0250						52.40	1.00	docs/artifacts/v7new5_01-31.bak	1		-0.170285	0.678409	0.412693	-0.701897	-0.296436
v7new5_01-91		91	36.20	1.0228	2.781	0.46428	751	0.09519	-0.18080	-0.14902	-0.09617	-0.64532	14.2500	0.0000	0.0250	38.1250	0.0000	0.0000	16.9492	13.0000	67.4000	0.9993	0.1399	0.2074	1.0000						40.90	-4.70	docs/artifacts/v7new5_01-91.bak	1		-0.061421	0.365345	0.071443	-0.458169	0.132745
v7new6-31		31	44.90	1.9474	7.011	0.64374	262	-0.39534	0.73643	-0.69773	0.74294	-0.05831	14.7750	0.0000	2.7250	40.8500	0.0000	0.0000	5.9701	11.0000	0.0000	0.0000	0.0688	0.1687	0.3000						45.30	-0.40	docs/artifacts/v7new6-31.bak	2	v7new5_005-31 v7new6-31	-0.187751	0.526279	0.287450	-0.702626	-0.067578
v7new6-96	历代上槽	96	46.90	1.6841	5.388	0.63741	288	0.19113	-1.14761	0.30807	-1.15583	-0.17755	16.0250	9.9500	0.0750	17.5750	0.0000	0.0000	9.1837	13.0000	3.6500	0.6528	0.0000	0.1595	0.8000						44.80	2.10	docs/artifacts/v7new6-96.bak	1		-0.614762	0.578527	-0.373123	-0.567056	-0.336393
v7new6-99		99	59.80	0.0219	1.022	0.60019	405	-1.24670	0.79493	-1.31396	0.67380	1.01273	14.8750	0.0000	0.0000	38.9250	0.0000	0.0000	10.2564	2.0000	0.0000	0.0000	0.0000	0.2954	17.9500						57.30	2.50	docs/artifacts/v7new6-99.bak	1		-0.041029	0.802422	0.485584	-0.545948	-0.393077
v7noteach1-82		82	39.90	1.1767	3.244	0.51667	647	-0.52148	-0.08361	-0.78933	-0.03084	-0.20733	13.7500	1.1000	0.0000	30.9250	0.0000	0.0000	5.2083	13.0000	0.9000	0.8529	0.0189	0.2750	17.5250						44.40	-4.50	docs/artifacts/v7noteach1-82.bak	1		-0.013108	0.233652	0.126017	-0.687668	0.401819
v7noteach1-93		93	43.20	0.9449	2.573	0.52649	625	-0.20335	-0.85124	0.04265	-0.92932	0.45382	17.4500	16.6000	0.0000	22.5000	0.0000	0.0000	13.2530	3.0000	0.0000	0.0000	0.0000	0.1986	0.0000						42.50	0.70	docs/artifacts/v7noteach1-93.bak	1		-0.037312	0.417677	0.130841	-0.575848	0.063283
v7phase-33		32	59.60	1.0315	2.805	0.69915	113	-0.54716	0.34530	-0.63391	0.34892	0.26009	14.2250	0.0000	0.0000	21.8000	0.0000	0.0000	15.7895	4.0000	0.0250	1.0000	0.0000	0.3636	0.0000						55.20	4.40	docs/artifacts/v7phase-33.bak	9	v7phase-33 v7salt-32 v7salt-35 v7phase-31 v7phase-34 v7salt-33 v7salt-36 v7phase-32 v7salt-34	0.757862	0.167801	0.301818	-0.784267	0.975925
v7phase-36		35	35.30	1.5686	4.800	0.50986	672	0.05744	0.06923	-0.48548	0.31659	-0.86009	15.8750	4.2750	0.0000	28.2750	0.0000	0.0000	6.7416	11.0000	0.2250	1.0000	0.0000	0.2249	4.0750						38.50	-3.20	docs/artifacts/v7phase-36.bak	17	seedtest2-31 v7l7-33 v7l7-36 v7l7-43 v7l7-46 v7phase-36 v9-35 v7l7-31 v7l7-34 v7l7-41 v7l7-44 v8fix-35 v7l7-32 v7l7-35 v7l7-42 v7l7-45 v7phase-35	-0.424095	0.282633	-0.011711	-0.351159	-0.298872
v7press1-81		81	44.30	1.6963	5.454	0.61263	361	-0.79264	-0.15910	-0.94853	-0.12442	-0.03484	14.7250	3.0750	0.0000	24.6250	0.0000	0.0000	8.4211	14.0000	0.2000	1.0000	0.0000	0.2475	18.1000						46.00	-1.70	docs/artifacts/v7press1-81.bak	1		-0.397763	0.425557	0.236092	-0.855279	-0.105313
v7press1-92		92	47.30	1.0061	2.735	0.57361	503	-1.03581	0.86448	-1.27867	0.72616	0.64492	14.3500	0.0000	0.0000	45.8750	0.0000	0.0000	6.8966	9.0000	0.0000	0.0000	0.0000	0.2599	0.0000						48.70	-1.40	docs/artifacts/v7press1-92.bak	1		0.384953	0.236041	0.083493	-0.259940	-0.047354
v7press2-81		81	48.70	1.3534	3.870	0.62234	328	-0.65030	-0.27352	-0.93255	-0.24584	-0.28032	14.4750	0.3500	0.0000	40.3500	0.0000	0.0000	10.8434	9.0000	3.1500	0.9180	0.0000	0.1771	16.3250						50.50	-1.80	docs/artifacts/v7press2-81.bak	1		0.409169	0.203566	-0.225756	-0.109139	-0.053764
v7press2-92		92	53.80	1.1198	3.064	0.64998	240	-0.60423	-0.27505	-1.00024	-0.28616	-0.35620	14.2000	0.0000	0.0000	36.4250	0.0000	0.0000	16.2791	5.0000	31.7500	0.9953	0.0000	0.2762	18.0250						54.80	-1.00	docs/artifacts/v7press2-92.bak	1		-0.120627	0.107540	0.578121	-0.517063	0.134844
v7press3-81		81	59.30	1.1819	3.261	0.71119	83	-0.59648	0.61081	-0.67008	0.56523	0.42025	14.4750	0.0000	1.6750	44.4000	0.0000	0.0000	11.3924	9.0000	0.0000	0.0000	0.0303	0.3101	19.1750						52.60	6.70	docs/artifacts/v7press3-81.bak	2	v7press3-81 v7ws1-81	0.569835	0.246941	-0.273735	-0.089588	0.182351
v7press3-92		92	53.20	0.7471	2.111	0.60671	383	-0.57686	-0.03111	-1.20060	-0.06475	-0.69104	14.7250	0.0000	0.0000	39.2750	0.0000	0.0000	11.5942	9.0000	20.3750	0.9779	0.0000	0.2482	5.8500						53.70	-0.50	docs/artifacts/v7press3-92.bak	2	v7press3-92 v7ws1-92	-0.298025	0.603014	0.082851	-0.696092	-0.172459
v7protoE-81		81	52.10	1.1723	3.229	0.63823	283	-0.42976	0.40029	-0.51050	0.42604	0.19127	14.2000	0.0000	0.0000	22.0250	0.0000	0.0000	10.0000	7.0000	0.2000	1.0000	0.0961	0.4222	0.0000						47.00	5.10	docs/artifacts/v7protoE-81.bak	1		0.428843	0.570399	-0.137328	-0.467076	0.556183
v7r3-45		45	58.60	1.6153	5.029	0.74753	20	-0.20174	-0.66873	-0.48771	-0.42281	-1.03080	13.8750	0.0000	0.0000	27.1500	0.0000	0.0000	21.7391	12.0000	0.0000	0.0000	0.1761	0.1994	8.7500						55.80	2.80	docs/artifacts/v7r3-45.bak	1		-0.125755	0.386657	0.202877	-0.412609	0.023656
v7rand-32		32	50.50	1.5669	4.792	0.66169	212	0.03220	-0.11210	0.06366	-0.10417	-0.11016	14.6000	5.1000	1.6000	21.7750	0.0000	0.0000	13.0435	15.0000	0.0000	0.0000	0.0375	0.2882	18.2500						47.00	3.50	docs/artifacts/v7rand-32.bak	1		0.646149	0.601253	-0.203948	-0.041302	0.265546
v7rand-35		33	46.50	1.1486	3.154	0.57986	475	0.60012	-1.45096	0.35345	-1.27734	-1.57088	14.8500	4.0000	0.1500	28.3500	0.0000	0.0000	8.8889	10.0000	6.5250	0.9458	0.0000	0.2799	16.5500						44.50	2.00	docs/artifacts/v7rand-35.bak	4	v7rand-35 v7rand-33 v7rand-36 v7rand-34	-0.559742	0.074218	0.290640	-0.193430	-0.292155
v7rb1-82		82	51.00	0.7905	2.205	0.58905	442	-0.67744	-0.34562	-0.93069	-0.31599	-0.26260	14.6750	0.0500	0.0000	35.5250	0.0000	0.0000	9.0909	9.0000	5.7250	0.9111	0.0000	0.1471	17.3250						48.60	2.40	docs/artifacts/v7rb1-82.bak	1		-0.291508	0.528365	0.070190	-0.869081	-0.326789
v7rb2-82		82	50.30	1.0359	2.818	0.60659	385	0.19037	-0.93348	0.27882	-0.91974	-0.08909	15.1750	8.2500	0.1750	23.5500	0.0000	0.0000	11.2245	8.0000	0.6500	0.9583	0.0000	0.2566	7.9750						53.20	-2.90	docs/artifacts/v7rb2-82.bak	1		0.126938	0.328878	-0.111697	-0.879040	0.249307
v7ringA1-31		31	54.70	0.5080	1.662	0.59780	416	-1.77834	0.26452	-1.04346	-0.04190	1.89328	14.8250	0.0000	0.0000	40.7000	0.0000	0.0000	16.9014	4.0000	0.2250	1.0000	0.0000	0.2862	18.0500						54.10	0.60	docs/artifacts/v7ringA1-31.bak	1		-0.139650	0.009499	0.726640	-0.588260	0.059692
v7ringA1-91		91	53.80	0.7495	2.116	0.61295	359	-1.12281	0.94301	-1.06809	0.78527	1.19930	14.2250	0.0000	0.0000	20.3750	0.0000	0.0000	16.1290	3.0000	0.0000	0.0000	0.0000	0.3849	16.0000						49.70	4.10	docs/artifacts/v7ringA1-91.bak	1		-0.074175	0.409808	0.152986	-0.476537	0.082901
v7ringB1-31		31	47.20	0.4030	1.496	0.51230	661	-1.30831	0.94193	-1.22028	0.75004	1.39725	14.5000	0.0000	0.0000	29.5250	0.0000	0.0000	14.1176	4.0000	0.0000	0.0000	0.0000	0.3486	19.6250						48.10	-0.90	docs/artifacts/v7ringB1-31.bak	1		-0.272943	0.948702	0.201977	-0.298219	-0.628543
v7ringB1-91		91	54.30	0.7221	2.059	0.61521	356	-1.29933	0.91545	-1.26411	0.74830	1.27040	14.6000	0.0000	0.0000	33.1000	0.0000	0.0000	13.9535	3.0000	0.0000	0.0000	0.0000	0.3353	17.4250						56.00	-1.70	docs/artifacts/v7ringB1-91.bak	1		0.587962	0.400468	-0.294230	-0.164765	0.389345
v7ringT-31		31	43.50	0.0000	1.000	0.43500	792	-1.23232	-0.27280	-1.54655	-0.26176	0.03400	15.0000	0.0000	0.0000	47.0000	0.0000	0.0000	0.0000	1.0000	110.0000	1.0000	0.0000	0.2819	19.3750						47.50	-4.00	docs/artifacts/v7ringT-31.bak	5	v7ringT-31 v7ringT2-31 v7ctrlE-31 v7roleC-31 v7roleC2-31	-0.146091	0.080925	0.641064	-0.523284	0.113070
v7ringT-91		91	43.50	0.6192	1.858	0.49692	710	-0.51983	1.07606	-0.54132	1.02591	0.72670	14.6750	0.0000	0.0000	33.2000	0.0000	0.0000	10.7143	3.0000	0.0000	0.0000	0.0000	0.4069	0.0000						46.60	-3.10	docs/artifacts/v7ringT-91.bak	3	v7ringT-91 v7ringT2-91 v7roleC-91	-0.049094	0.630309	0.381623	-0.807368	0.249754
v7ringT2-31		31	43.50	0.0000	1.000	0.43500	793	-1.34908	-0.25018	-1.63472	-0.25060	0.08640	15.0000	0.0000	0.0000	47.0000	0.0000	0.0000	0.0000	1.0000	110.0000	1.0000	0.0000	0.2819	19.3750						47.50	-4.00	docs/artifacts/v7ringT2-31.bak	5	v7ringT-31 v7ringT2-31 v7ctrlE-31 v7roleC-31 v7roleC2-31	-0.145978	0.080292	0.642656	-0.523142	0.113999
v7ringT2-91		91	43.50	0.6192	1.858	0.49692	711	-0.42313	1.02045	-0.46345	0.99035	0.61614	14.6750	0.0000	0.0000	33.2000	0.0000	0.0000	10.7143	3.0000	0.0000	0.0000	0.0000	0.4069	0.0000						46.60	-3.10	docs/artifacts/v7ringT2-91.bak	3	v7ringT-91 v7ringT2-91 v7roleC-91	-0.049479	0.630131	0.381645	-0.807455	0.250056
v7ringT3-31		31	54.50	1.5002	4.482	0.69502	129	1.49734	1.86727	-0.13170	1.60506	-2.93644	14.8000	0.9000	0.0000	41.6500	0.0000	0.0000	17.2840	8.0000	4.4000	0.9943	0.0000	0.1151	12.2250						55.50	-1.00	docs/artifacts/v7ringT3-31.bak	1		0.300086	0.671223	0.230435	-0.129328	0.374440
v7ringT3-91		91	48.60	0.1111	1.117	0.49711	709	-1.25617	0.94496	-1.20717	0.77556	1.22817	14.3750	0.0000	0.0000	30.5250	0.0000	0.0000	12.9870	3.0000	0.0000	0.0000	0.0000	0.3237	16.2000						49.00	-0.40	docs/artifacts/v7ringT3-91.bak	1		-0.255949	0.945298	0.217961	-0.315155	-0.616002
v7role1-31		31	52.20	0.8215	2.274	0.60415	393	-1.35739	0.88945	-1.27148	0.69151	1.36660	14.5000	0.0000	0.0000	27.2750	0.0000	0.0000	12.3457	6.0000	0.0000	0.0000	0.0021	0.3922	19.6000						51.10	1.10	docs/artifacts/v7role1-31.bak	2	v7role1-31 v7role12-31	0.097920	0.396828	-0.211420	-0.778483	0.275377
v7role1-91		91	44.60	1.3709	3.939	0.58309	457	-0.82497	0.03409	-1.14166	0.10117	-0.15673	14.2500	0.0000	0.0000	23.8250	0.0000	0.0000	15.3846	7.0000	5.4000	0.9815	0.0000	0.3080	15.6250	75.9549	-14.5312	0+8-	73.1944		44.60	0.00	docs/artifacts/v7role1-91.bak	1		0.220976	0.731910	0.126738	-0.160936	0.487053
v7role12-31		31	52.20	0.8215	2.274	0.60415	394	-1.38950	0.87471	-1.28291	0.65989	1.41618	14.5000	0.0000	0.0000	27.2750	0.0000	0.0000	12.3457	6.0000	0.0000	0.0000	0.0021	0.3922	19.6000						51.10	1.10	docs/artifacts/v7role12-31.bak	2	v7role1-31 v7role12-31	0.097959	0.396953	-0.211496	-0.778548	0.275314
v7role12-96		96	49.90	0.1573	1.170	0.51473	657	-1.47783	0.79351	-1.49628	0.63003	1.22740	14.7500	0.0000	0.0000	40.2750	0.0000	0.0000	8.5366	2.0000	0.0000	0.0000	0.0000	0.2954	18.0250						49.10	0.80	docs/artifacts/v7role12-96.bak	1		-0.148126	0.748611	0.440542	-0.636432	-0.394127
v7role1w-82		82	45.00	1.0366	2.820	0.55366	572	-1.01771	0.31373	-0.87181	0.17361	0.89462	13.4750	0.9750	0.0000	21.1750	0.0000	0.0000	3.1250	9.0000	0.0500	0.5000	0.0000	0.3760	19.8500						44.10	0.90	docs/artifacts/v7role1w-82.bak	1		-0.387359	0.370200	-0.209776	-0.329722	-0.259728
v7role1w-93		93	41.40	0.0765	1.079	0.42165	805	-1.21920	0.61372	-1.11050	0.41947	1.20972	14.7500	0.0000	0.0000	32.3750	0.0000	0.0000	26.3158	2.0000	0.0000	0.0000	0.0000	0.3218	19.2000						47.20	-5.80	docs/artifacts/v7role1w-93.bak	1		-0.103665	0.688500	0.511702	-0.747190	-0.317320
v7role5-82		82	46.20	0.8947	2.447	0.55147	578	-0.89794	-0.03962	-1.11242	-0.00870	0.04193	14.7750	0.0000	0.0000	32.4000	0.0000	0.0000	11.8421	4.0000	0.1000	1.0000	0.0000	0.3040	14.9250						52.00	-5.80	docs/artifacts/v7role5-82.bak	1		0.056486	0.277916	0.101099	-0.897734	0.193567
v7role5-93		93	45.90	0.9219	2.514	0.55119	580	-0.88239	-0.03017	-1.05294	-0.00437	0.06887	14.5500	0.0000	0.0000	32.0750	0.0000	0.0000	12.1622	4.0000	0.1750	1.0000	0.0000	0.3275	18.2500						47.70	-1.80	docs/artifacts/v7role5-93.bak	1		0.627081	0.430418	-0.359543	-0.180490	0.449475
v7roleC-82		82	57.90	0.9516	2.590	0.67416	184	-1.26839	0.91165	-1.27764	0.76168	1.19148	15.0000	0.0000	0.0000	37.6500	0.0000	0.0000	13.1148	3.0000	0.0000	0.0000	0.0000	0.3454	18.0000						54.60	3.30	docs/artifacts/v7roleC-82.bak	4	v7ctrlE-82 v7roleC-82 v7ringT-82 v7ringT2-82	-0.017298	0.443826	0.138739	-0.632527	0.082321
v7roleC-93		93	55.10	0.7943	2.213	0.63043	310	-0.53693	1.03886	-0.43115	0.95564	0.94412	14.3000	0.0000	0.0000	23.3000	0.0000	0.0000	9.7826	4.0000	0.0000	0.0000	0.0000	0.4327	5.0750						52.10	3.00	docs/artifacts/v7roleC-93.bak	3	v7roleC-93 v7ringT-93 v7ringT2-93	0.063136	0.538996	0.323348	-0.331922	0.251512
v7roleC2-95		95	52.70	0.6788	1.972	0.59488	429	-0.40066	-0.11521	-0.70685	0.02459	-0.50746	14.8000	0.0000	0.1500	33.8500	0.0000	0.0000	13.6986	8.0000	0.2250	1.0000	0.0000	0.2847	16.9500						49.70	3.00	docs/artifacts/v7roleC2-95.bak	1		-0.148112	0.233613	0.551121	-0.832110	0.045565
v7s4-82		82	60.00	0.9376	2.554	0.69376	137	-0.48678	1.00204	-0.37175	0.89402	0.97968	14.6500	0.0000	0.0000	30.8750	0.0000	0.0000	6.5217	5.0000	0.0000	0.0000	0.0000	0.3533	15.5750						55.00	5.00	docs/artifacts/v7s4-82.bak	1		-0.103601	0.662750	0.528226	-0.774244	-0.267532
v7s5-82		82	56.50	1.6467	5.190	0.72967	58	-0.31769	-0.13770	-0.51203	-0.02071	-0.39846	13.8250	0.0000	0.0000	26.4000	0.0000	0.0000	13.2653	10.0000	0.3000	1.0000	0.1132	0.2640	1.0000	89.1059	-1.3802	2+6-	88.6111		54.10	2.40	docs/artifacts/v7s5-82.bak	1		-0.402840	0.240113	0.043219	-0.374507	-0.235893
v7s6-82		82	44.30	1.1558	3.177	0.55858	555	-0.80389	0.36199	-0.99090	0.35888	0.26589	14.3500	0.0000	0.0000	36.8500	0.0000	0.0000	11.6279	6.0000	0.3750	0.8667	0.0000	0.3456	0.6500						46.70	-2.40	docs/artifacts/v7s6-82.bak	1		0.114590	0.249857	-0.002482	-0.763415	0.180515
v7s7-82		82	58.40	0.9478	2.580	0.67878	172	-1.17625	0.95403	-1.03499	0.74295	1.34865	14.7250	0.0000	0.0000	41.7500	0.0000	0.0000	14.8148	7.0000	0.0000	0.0000	0.0000	0.2794	20.0000						56.90	1.50	docs/artifacts/v7s7-82.bak	1		-0.147315	0.184009	0.534727	-0.732076	0.051411
v7s8-82		82	57.40	1.2559	3.511	0.69959	112	-1.12452	0.98796	-1.05673	0.81804	1.24606	14.6000	0.0000	0.0000	32.9750	0.0000	0.0000	11.9403	4.0000	0.0000	0.0000	0.0000	0.4096	18.1250						58.00	-0.60	docs/artifacts/v7s8-82.bak	1		0.597113	0.401271	-0.307451	-0.165039	0.395388
v7s9-82		82	57.80	1.9355	6.928	0.77155	7	-0.10801	0.47097	-0.12946	0.48249	0.15186	14.2000	0.4000	3.8250	20.7250	0.0000	0.0000	9.1837	9.0000	0.0000	0.0000	0.2500	0.3066	1.8500						60.10	-2.30	docs/artifacts/v7s9-82.bak	1		0.464126	0.177586	-0.107472	-0.048502	0.014363
v7salt-32		32	59.60	1.0315	2.805	0.69915	114	-0.42005	0.32503	-0.48373	0.33563	0.22626	14.2250	0.0000	0.0000	21.8000	0.0000	0.0000	15.7895	4.0000	0.0250	1.0000	0.0000	0.3636	0.0000						55.20	4.40	docs/artifacts/v7salt-32.bak	9	v7phase-33 v7salt-32 v7salt-35 v7phase-31 v7phase-34 v7salt-33 v7salt-36 v7phase-32 v7salt-34	0.761421	0.166564	0.307027	-0.782923	0.976514
v7salt-35		32	59.60	1.0315	2.805	0.69915	115	-0.41630	0.32861	-0.46858	0.35770	0.17557	14.2250	0.0000	0.0000	21.8000	0.0000	0.0000	15.7895	4.0000	0.0250	1.0000	0.0000	0.3636	0.0000						55.20	4.40	docs/artifacts/v7salt-35.bak	9	v7phase-33 v7salt-32 v7salt-35 v7phase-31 v7phase-34 v7salt-33 v7salt-36 v7phase-32 v7salt-34	0.761700	0.166529	0.307376	-0.782962	0.976676
v7seat2-45		45	47.40	0.8270	2.286	0.55670	557	-1.32882	0.76072	-1.38982	0.62149	1.05952	14.6500	0.0000	0.0000	36.5000	0.0000	0.0000	3.7975	4.0000	0.0000	0.0000	0.0000	0.3030	19.0250						50.60	-3.20	docs/artifacts/v7seat2-45.bak	1		-0.157798	0.696035	0.434549	-0.701571	-0.326043
v7seat2-49		49	26.10	1.0297	2.800	0.36397	870	0.05499	0.26364	0.01055	0.30395	0.07341	14.2000	2.7000	0.0000	32.6000	0.0000	0.0000	1.1494	8.0000	3.4500	0.8605	0.0000	0.4519	14.7750						27.40	-1.30	docs/artifacts/v7seat2-49.bak	1		0.457063	0.651241	-0.081995	-0.288041	0.664806
v7seat24-81		81	42.90	0.0194	1.020	0.43094	800	-1.45377	0.79787	-1.44574	0.61852	1.27220	14.7500	0.0000	0.0000	34.9750	0.0000	0.0000	12.1622	2.0000	0.0000	0.0000	0.0000	0.2857	18.1250						48.80	-5.90	docs/artifacts/v7seat24-81.bak	1		-0.040101	0.076655	0.635091	-0.663169	0.211214
v7seat24b-91		91	50.00	0.9271	2.527	0.59271	434	-0.33765	-0.48366	-0.50106	-0.41884	-0.50208	14.9750	0.2000	0.0000	43.2250	0.0000	0.0000	13.4146	15.0000	0.9000	1.0000	0.0000	0.1336	1.4750						49.50	0.50	docs/artifacts/v7seat24b-91.bak	1		-0.275900	0.433688	0.038511	-0.613532	-0.020640
v7smoke-31		31	42.30	1.0347	2.814	0.52647	626	-0.27816	0.64840	-0.32777	0.64664	0.26454	14.2250	0.0000	8.1250	26.4000	0.0000	0.0000	6.7416	4.0000	0.0000	0.0000	0.0000	0.2861	19.6250						42.70	-0.40	docs/artifacts/v7smoke-31.bak	1		-0.176974	0.057700	0.678591	-0.463111	0.113563
v7stock1-82		82	37.90	0.9662	2.628	0.47562	739	-0.36250	0.47188	-0.49273	0.47448	0.13750	14.7250	0.0500	46.2000	43.5000	0.0000	0.0000	13.0952	10.0000	0.0000	0.0000	0.0000	0.2731	12.0500						37.20	0.70	docs/artifacts/v7stock1-82.bak	1		-0.341462	0.569912	0.041139	-0.767361	-0.189471
v7stock1-93		93	42.10	1.8465	6.337	0.60565	390	-0.54870	-0.30819	-0.76735	-0.11350	-0.36006	13.5750	0.0000	0.0000	25.3750	0.0000	0.0000	8.3333	11.0000	1.9250	1.0000	0.2109	0.1833	18.2500						44.80	-2.70	docs/artifacts/v7stock1-93.bak	1		-0.197519	0.376446	0.141082	-0.391930	0.025597
v7stock2-82		82	61.10	0.9661	2.628	0.70761	90	-0.64336	-0.12931	-0.92020	0.00508	-0.37994	14.8000	0.0000	0.0000	42.3000	0.0000	0.0000	13.2353	7.0000	0.4750	1.0000	0.0063	0.2734	18.8250						59.20	1.90	docs/artifacts/v7stock2-82.bak	2	v7stock2-82 v7f35t-82	-0.163452	0.218098	0.509749	-0.790739	0.033605
v7stock2-93		93	56.00	0.7520	2.121	0.63520	297	-0.23055	-0.29991	-0.20883	-0.35032	0.13764	15.2000	0.8500	0.0000	34.0500	0.0000	0.0000	22.2222	9.0000	0.0500	0.5000	0.0157	0.3502	17.9250						61.90	-5.90	docs/artifacts/v7stock2-93.bak	2	v7stock2-93 v7f35t-93	-0.385372	0.374444	-0.215302	-0.327223	-0.260050
v7sub1-82		82	50.00	1.4311	4.183	0.64311	264	-0.06958	-0.55243	-0.34837	-0.37568	-0.92304	14.3250	0.0000	0.1000	40.1750	0.0000	0.0000	16.8539	16.0000	4.9500	1.0000	0.0000	0.2343	6.2750						48.80	1.20	docs/artifacts/v7sub1-82.bak	1		-0.064632	0.369085	0.082220	-0.447358	0.123292
v7sub1-93		93	57.90	0.3096	1.363	0.60996	373	-1.40116	0.69711	-1.29573	0.50651	1.26673	13.4500	0.0000	0.0000	31.7000	0.0000	0.0000	5.1546	3.0000	0.0000	0.0000	0.0000	0.2828	20.0000						56.60	1.30	docs/artifacts/v7sub1-93.bak	1		-0.000281	0.161979	0.267745	-0.699284	0.423838
v7t1-93		93	52.00	1.8456	6.332	0.70456	95	-0.24322	0.08427	-0.06578	-0.01116	0.41181	15.0750	1.7000	0.9000	30.2250	0.0000	0.0000	14.2857	9.0000	0.0000	0.0000	0.0314	0.2730	18.0000	88.0122	-2.4739	2+6-	83.5417		49.90	2.10	docs/artifacts/v7t1-93.bak	1		-0.587909	0.151530	0.168177	-0.160515	-0.370354
v7t2-93		93	55.20	1.9726	7.189	0.74926	19	-0.04819	0.12532	0.03968	0.14760	0.02705	14.2750	0.6500	1.9000	30.2250	0.0000	0.0000	7.2165	10.0000	0.0000	0.0000	0.5000	0.2446	17.7500	87.2830	-3.2031	1+6-	88.2639		53.00	2.20	docs/artifacts/v7t2-93.bak	1		-0.578665	0.192676	0.118905	-0.175370	-0.410129
v7teach-35		35	26.30	1.8357	6.270	0.44657	777	-0.18470	-0.44846	-0.22669	-0.44298	-0.13154	14.6750	6.6000	0.0000	27.9000	0.0000	0.0000	12.3596	10.0000	2.9750	0.9739	0.0000	0.2887	18.0250						37.60	-11.30	docs/artifacts/v7teach-35.bak	2	v7teach-35 v7wall-35	-0.212451	0.838866	0.269518	-0.593466	-0.666895
v7tgt-44		44	45.90	1.9031	6.707	0.64931	241	0.73220	0.62149	0.45322	0.78877	-0.74749	14.0750	0.0000	0.4250	27.0750	0.0000	0.0000	7.2917	13.0000	0.0000	0.0000	0.1842	0.2964	0.0000						45.60	0.30	docs/artifacts/v7tgt-44.bak	1		-0.120235	0.876177	0.363958	-0.427979	-0.514658
v7tgt3-31		31	44.30	0.3600	1.433	0.47900	729	-0.50570	-0.02539	-0.75590	0.10656	-0.35562	14.6750	0.0000	0.0000	30.8750	0.0000	0.0000	20.3125	3.0000	0.0250	1.0000	0.0000	0.2535	11.8500						43.70	0.60	docs/artifacts/v7tgt3-31.bak	2	v7tgt3-31 v7tgt2-31	-0.099433	0.639787	0.567697	-0.799698	-0.224204
v7tgt4-64		64	60.00	0.9972	2.711	0.69972	111	0.15837	0.59919	-0.12395	0.51703	-0.36008	14.8250	0.0000	0.0000	41.1250	0.0000	0.0000	15.7143	5.0000	0.0000	0.0000	0.0000	0.4193	17.9000						57.30	2.70	docs/artifacts/v7tgt4-64.bak	1		-0.084407	0.504008	0.276868	-0.608216	0.042772
v7tgt5-62		62	63.00	1.3282	3.774	0.76282	12	-2.60059	-0.28404	-0.37629	-0.75388	2.90804	14.6500	0.0000	0.4750	32.1250	0.0000	0.0000	10.0000	13.0000	0.0000	0.0000	0.0027	0.2872	18.0250						58.60	4.40	docs/artifacts/v7tgt5-62.bak	1		-0.069463	0.727667	0.576235	-0.704110	-0.427173
v7u1-82		82	46.40	1.9363	6.933	0.65763	222	0.50205	0.58106	-0.12227	0.86111	-0.87179	14.5500	0.9000	0.2000	28.7250	0.0000	0.0000	6.3830	9.0000	0.0000	0.0000	0.0492	0.2457	15.1500	84.2101	-6.2760	0+8-	82.1528		47.00	-0.60	docs/artifacts/v7u1-82.bak	2	v7u1-82 v7bead1-82	-0.523776	0.147538	0.093836	-0.123592	-0.300298
v7w3c-81		81	51.60	0.6645	1.944	0.58245	462	-1.25670	0.86157	-1.23174	0.70391	1.19278	13.7250	0.0000	0.0000	28.6500	0.0000	0.0000	12.7907	3.0000	0.0000	0.0000	0.0000	0.2794	17.8750						54.60	-3.00	docs/artifacts/v7w3c-81.bak	1		-0.264538	0.063181	0.656581	-0.324764	0.105958
v7w3c-92		92	53.20	0.6297	1.877	0.59497	428	-1.48301	0.75127	-1.43226	0.56123	1.29022	14.4250	0.0000	0.0000	32.1000	0.0000	0.0000	3.5294	2.0000	0.0000	0.0000	0.0000	0.2768	19.5000						58.50	-5.30	docs/artifacts/v7w3c-92.bak	1		0.017434	0.160674	0.260222	-0.674075	0.439723
v7w3r1-81		81	57.20	0.7645	2.148	0.64845	243	-0.81592	0.37862	-0.99774	0.39289	0.34462	14.6500	0.0000	0.0000	38.0500	0.0000	0.0000	8.9744	6.0000	0.8000	0.7500	0.0000	0.3627	16.0000						57.70	-0.50	docs/artifacts/v7w3r1-81.bak	1		-0.383099	0.467649	0.304544	-0.884172	-0.088942
v7w3r1-92		92	57.90	1.0197	2.772	0.68097	164	-0.53359	-0.08009	-0.78684	0.06577	-0.32568	14.1750	0.0000	0.0000	30.7500	0.0000	0.0000	8.2353	4.0000	0.0500	1.0000	0.0000	0.3375	4.0000						55.00	2.90	docs/artifacts/v7w3r1-92.bak	1		0.590078	0.538649	-0.222638	-0.184752	0.674744
v7wall-33	历代上槽	33	42.20	1.8444	6.324	0.60644	386	0.27681	0.71938	0.05325	0.81476	-0.33104	14.0500	0.0000	7.8750	30.0500	0.0000	0.0000	6.1856	10.0000	0.0000	0.0000	0.2500	0.2202	18.4750						41.30	0.90	docs/artifacts/v7wall-33.bak	2	v7wall-33 v7teach-33	-0.568602	0.198665	0.114752	-0.172949	-0.422494
v7wall1-31		31	43.00	0.6717	1.958	0.49717	707	-0.46530	-0.31586	-0.71804	-0.13848	-0.53413	13.9500	0.0000	0.0750	25.6250	0.0000	0.0000	9.5745	6.0000	2.6750	1.0000	0.0000	0.2847	19.4500						46.20	-3.20	docs/artifacts/v7wall1-31.bak	2	v7wall1-31 v7wall2-31	-0.193162	0.025549	0.739699	-0.447026	0.143395
v7wall1-91		91	51.00	0.4382	1.550	0.55382	571	-1.60725	0.82981	-1.55757	0.61813	1.41647	13.9750	0.0000	0.0000	38.2500	0.0000	0.0000	6.7416	3.0000	0.0000	0.0000	0.0000	0.2797	18.2500						51.00	0.00	docs/artifacts/v7wall1-91.bak	1		-0.123511	0.082315	0.618500	-0.516558	0.155688
v7wall2-31		31	43.00	0.6717	1.958	0.49717	708	-0.50284	-0.43930	-0.82364	-0.18382	-0.73174	13.9500	0.0000	0.0750	25.6250	0.0000	0.0000	9.5745	6.0000	2.6750	1.0000	0.0000	0.2847	19.4500						46.20	-3.20	docs/artifacts/v7wall2-31.bak	2	v7wall1-31 v7wall2-31	-0.193284	0.025477	0.739902	-0.446989	0.143520
v7wall2-96		96	55.00	0.0160	1.016	0.55160	577	-1.44385	0.79167	-1.52498	0.63899	1.12375	14.8500	0.0000	0.0000	30.8250	0.0000	0.0000	8.8235	2.0000	0.0000	0.0000	0.0000	0.2902	16.0500						55.80	-0.80	docs/artifacts/v7wall2-96.bak	1		-0.033803	0.742205	0.544733	-0.712225	-0.386128
v7wall2-99		99	46.70	0.3355	1.399	0.50055	702	-0.92157	-0.07307	-1.24365	-0.07822	-0.12324	15.0250	0.0000	0.0000	46.4500	0.0000	0.0000	7.2464	10.0000	103.2750	0.9687	0.0000	0.3594	13.8250						47.00	-0.30	docs/artifacts/v7wall2-99.bak	1		-0.194047	0.409868	0.112329	-0.352585	-0.000992
v7ws1-82		82	61.30	1.2726	3.570	0.74026	30	-0.28330	0.63148	-0.34881	0.63138	0.27464	13.9250	0.0000	0.0500	29.4250	0.0000	0.0000	6.5934	9.0000	0.0000	0.0000	0.0229	0.3163	0.0000						57.80	3.50	docs/artifacts/v7ws1-82.bak	2	v7ws1-82 v7press3-82	-0.544905	0.193553	0.118247	-0.108167	-0.464669
v7ws1-93		93	45.10	1.1007	3.006	0.56107	542	0.00257	-0.85973	-0.22788	-0.62144	-1.23410	14.1000	0.0000	0.0000	33.0750	0.0000	0.0000	11.4943	12.0000	34.9750	0.9256	0.0000	0.3526	2.6500						42.90	2.20	docs/artifacts/v7ws1-93.bak	2	v7ws1-93 v7press3-93	0.101204	0.224252	0.048894	-0.726121	0.173784
v7ws2-82		82	62.40	0.8044	2.235	0.70444	97	-0.61824	0.71129	-0.72885	0.69202	0.50477	14.1500	0.0000	0.1000	42.3500	0.0000	0.0000	9.5238	5.0000	0.0000	0.0000	0.0000	0.3345	4.9000						58.90	3.50	docs/artifacts/v7ws2-82.bak	1		0.070556	0.568996	0.312474	-0.307496	0.274223
v7ws2-93		93	51.00	2.0064	7.436	0.71064	85	-0.01626	-0.89156	0.17560	-0.89241	0.17890	15.2250	10.5750	0.1500	23.7500	0.0000	0.0000	12.1212	18.0000	0.0000	0.0000	0.0000	0.2784	0.8000						44.80	6.20	docs/artifacts/v7ws2-93.bak	1		0.009285	0.070590	0.587809	-0.604693	0.304468
v9-32		32	44.60	2.1303	8.417	0.65903	220	0.53470	-0.49645	0.15993	-0.21609	-1.38575	14.5000	0.3500	13.0500	37.0000	0.0000	0.0000	12.1951	13.0000	0.0250	1.0000	0.0314	0.1773	13.0750						43.00	1.60	docs/artifacts/v9-32.bak	1		0.699882	0.180294	-0.501614	0.270203	0.306845
v9-35		35	35.30	1.5686	4.800	0.50986	673	0.98494	0.22950	0.26133	0.49303	-1.62340	15.8750	4.2750	0.0000	28.2750	0.0000	0.0000	6.7416	11.0000	0.2250	1.0000	0.0000	0.2249	4.0750						38.50	-3.20	docs/artifacts/v9-35.bak	17	seedtest2-31 v7l7-33 v7l7-36 v7l7-43 v7l7-46 v7phase-36 v9-35 v7l7-31 v7l7-34 v7l7-41 v7l7-44 v8fix-35 v7l7-32 v7l7-35 v7l7-42 v7l7-45 v7phase-35	-0.432015	0.272633	0.011687	-0.337815	-0.285943
v9-42		42	50.50	0.0000	1.000	0.50500	686	-1.59005	0.77843	-1.67347	0.56963	1.24177	15.0000	0.0000	0.0000	45.0000	0.0000	0.0000	10.1266	1.0000	0.0000	0.0000	0.0000	0.2899	18.0250						52.20	-1.70	docs/artifacts/v9-42.bak	1		-0.037063	0.809946	0.489162	-0.537603	-0.394364
v9-45		45	52.90	0.2495	1.283	0.55395	570	-1.35440	0.76290	-1.26830	0.55599	1.30365	14.2250	0.0000	0.0000	22.7250	0.0000	0.0000	8.8889	2.0000	0.0000	0.0000	0.0000	0.1843	18.2000						53.30	-0.40	docs/artifacts/v9-45.bak	1		0.072054	0.533906	0.316456	-0.352397	0.266322
SHIPPED-Ldemo	当前线上	31	55.40	1.9181	6.808	0.74581	22	0.65854	-1.18148	0.86369	-1.20665	-0.14926	15.1000	2.8500	0.0000	24.3000	0.0000	0.0000	10.2041	10.0000	2.1000	0.4024	0.0063	0.3311	2.0000	90.4861	0		91.2500		47.30	8.10	js/bundled-champion-3p.js	4	SHIPPED-Ldemo Ldemo C5-02-31 C5-02-71	-0.774042	0.743657	-0.571818	-0.454975	-0.554010
def-32		32	32.40	1.3295	3.779	0.45695	761	-0.05134	-0.80160	-0.54761	-0.59869	-1.52279	15.1500	0.3000	0.0000	47.0000	0.0000	0.0000	27.2727	7.0000	0.1250	1.0000	0.0000	0.1879	8.1250						28.60	3.80	docs/artifacts/def-32.bak	1		0.420668	0.570816	-0.130849	-0.479955	0.546891
def-35		35	21.30	1.9428	6.978	0.40728	818	-0.00989	-0.58735	-0.15879	-0.53031	-0.41186	15.1250	7.4250	0.0000	31.6000	0.0000	0.0000	3.2609	17.0000	11.2500	0.8111	0.0000	0.0481	19.2750						16.60	4.70	docs/artifacts/def-35.bak	1		0.001870	0.317342	0.085899	-0.592418	0.308975
eco-32		32	24.70	1.3996	4.054	0.38696	844	0.35147	0.94410	0.37350	0.98741	0.18316	14.2750	0.0000	1.3000	36.5000	0.0000	0.0000	7.4468	6.0000	0.0000	0.0000	0.3125	0.4406	0.0000						22.20	2.50	docs/artifacts/eco-32.bak	1		0.108129	0.589830	0.285560	-0.320553	0.356686
eco-34-v7c		34	41.20	1.4203	4.138	0.55403	568	0.47980	-0.80424	-0.10433	-0.24829	-1.85509	14.1000	0.0000	0.0000	29.5500	0.0000	0.0000	7.7778	11.0000	1.1250	1.0000	0.1403	0.2151	17.6000						31.80	9.40	docs/artifacts/eco-34-v7c.bak	2	eco-34-v7 eco-34-v7c	-0.546246	0.239160	0.074429	-0.215847	-0.428759
eco-36		36	33.20	1.3240	3.758	0.46440	750	-1.23270	0.50722	-0.92875	0.30728	1.28690	13.6500	0.0000	0.6750	26.2750	0.0000	0.0000	10.8696	6.0000	0.0000	0.0000	0.2500	0.2500	19.9500						30.80	2.40	docs/artifacts/eco-36.bak	1		0.037726	0.534493	0.373459	-0.290771	0.227564
eco2-33		33	28.60	0.6447	1.905	0.35047	879	-1.05016	0.70816	-1.17431	0.62648	0.75178	14.9250	0.0000	0.0000	42.8500	0.0000	0.0000	7.2464	3.0000	0.0000	0.0000	0.0000	0.2817	16.1750						24.90	3.70	docs/artifacts/eco2-33.bak	1		-0.133623	0.071341	0.654964	-0.527927	0.151632
eco2-36		36	30.50	1.6300	5.104	0.46800	749	0.79518	0.64059	0.31590	0.80754	-1.08855	15.1500	3.5500	0.4250	35.8500	0.0000	0.0000	14.7368	13.0000	0.5500	0.7368	0.5000	0.0684	1.0000						26.70	3.80	docs/artifacts/eco2-36.bak	1		-0.285207	0.373953	-0.017759	-0.475622	-0.029889
fgtA-33		33	30.10	1.4302	4.180	0.44402	781	0.52400	-2.12663	0.28963	-0.94074	-3.49766	15.0000	0.0000	0.0000	46.9500	0.0000	0.0000	20.8333	14.0000	0.7250	1.0000	0.5188	0.1712	4.0000						26.50	3.60	docs/artifacts/fgtA-33.bak	1		-0.229874	0.368912	0.070301	-0.435819	-0.006513
fgtA-36		36	23.90	1.4948	4.459	0.38848	843	1.44004	-2.85634	1.02948	-1.12702	-4.70477	15.0000	5.3000	0.0000	19.5500	0.0000	0.0000	9.7826	12.0000	0.5250	1.0000	0.0000	0.1156	0.0000						17.70	6.20	docs/artifacts/fgtA-36.bak	1		-0.240351	0.331950	0.263724	-0.453016	0.205755
fgtB-33		33	29.00	0.6784	1.971	0.35784	874	-1.71657	0.43675	-1.34233	0.16120	1.63394	14.1000	0.0000	0.0000	44.4500	0.0000	0.0000	5.2632	2.0000	0.0000	0.0000	0.0000	0.2796	18.3250						29.10	-0.10	docs/artifacts/fgtB-33.bak	1		-0.127169	0.074422	0.631520	-0.505134	0.163073
fgtB-36		36	33.70	0.4784	1.613	0.38484	846	-1.12860	0.83280	-1.08617	0.67985	1.12361	14.2000	0.0000	0.0000	29.0500	0.0000	0.0000	15.1163	4.0000	0.0000	0.0000	0.0000	0.3060	18.7750						30.50	3.20	docs/artifacts/fgtB-36.bak	1		-0.197205	0.942879	0.287922	-0.341075	-0.602997
fstA-33		33	18.20	2.2930	9.905	0.41130	816	-1.07765	-0.72757	0.44297	-0.35663	1.56043	14.6250	2.4750	0.4000	41.7000	0.0000	0.0000	6.6667	21.0000	1.4250	1.0000	0.2500	0.0717	0.0000						18.70	-0.50	docs/artifacts/fstA-33.bak	1		0.452102	0.375003	-0.141400	-0.264128	0.326426
fstA-36		36	31.60	0.8617	2.367	0.40217	824	1.69765	0.84432	1.99287	0.20800	0.92797	14.8000	0.0000	0.0000	44.4750	0.0000	0.0000	5.8824	7.0000	0.0000	0.0000	0.0000	0.3666	18.1250						25.10	6.50	docs/artifacts/fstA-36.bak	1		0.217201	0.669771	0.271749	-0.200043	0.399313
mix-32		32	28.40	1.7087	5.522	0.45487	764	0.25294	0.25013	-0.08044	0.33691	-0.77173	14.8500	0.0000	43.8750	46.2750	0.0000	0.0000	25.8621	17.0000	0.1000	0.7500	0.3937	0.0932	6.0000						20.60	7.80	docs/artifacts/mix-32.bak	1		-0.339134	0.338630	-0.045923	-0.433341	-0.149569
mix-35		35	28.90	1.2531	3.501	0.41431	811	-0.11413	-0.06347	0.63043	0.21418	0.59881	15.0000	0.0000	0.1750	46.9500	0.0000	0.0000	17.8571	11.0000	0.1250	1.0000	1.0000	0.2430	0.0000						23.80	5.10	docs/artifacts/mix-35.bak	1		-0.347300	0.316006	-0.033553	-0.398645	-0.169762
r61fix-81		81	55.10	0.5261	1.692	0.60361	395	-1.19886	0.83750	-1.15170	0.68411	1.15570	14.2750	0.0000	0.0000	29.7500	0.0000	0.0000	12.6437	3.0000	0.0000	0.0000	0.0000	0.2809	18.1500						53.70	1.40	docs/artifacts/r61fix-81.bak	1		-0.273325	0.054270	0.665807	-0.312177	0.112168
r61fix-92		92	47.50	1.6442	5.177	0.63942	275	0.05195	-0.21300	-0.23188	-0.10659	-0.70980	14.2500	0.0000	0.0000	39.5000	0.0000	0.0000	4.5977	11.0000	1.1500	0.9130	0.0818	0.1987	17.9750						46.30	1.20	docs/artifacts/r61fix-92.bak	1		-0.237517	0.376548	0.029664	-0.434298	0.011217
rwd0-32		32	25.30	1.3062	3.692	0.38362	848	-0.46446	0.05045	-0.60425	0.04842	-0.04406	14.1250	3.6000	0.0000	30.8500	0.0000	0.0000	7.4468	7.0000	0.4000	0.8750	0.0437	0.0370	0.0000						23.60	1.70	docs/artifacts/rwd0-32.bak	1		0.471041	0.638258	-0.104907	-0.291941	0.667692
rwd0-35		35	32.40	1.0701	2.916	0.43101	799	-0.47102	0.16755	-0.37554	0.08920	0.54545	15.3500	6.1250	0.0000	18.9000	0.0000	0.0000	10.7527	10.0000	0.0000	0.0000	0.0000	0.1630	15.0000						29.60	2.80	docs/artifacts/rwd0-35.bak	1		0.014383	0.558904	0.315123	-0.286720	0.150699
seedtest2-41		41	36.40	1.0825	2.952	0.47225	744	0.15437	-0.79461	0.22851	-0.79042	-0.12214	15.6500	2.8000	0.1250	28.7000	0.0000	0.0000	15.7303	9.0000	0.9250	0.8710	0.0000	0.2795	12.3750						37.80	-1.40	docs/artifacts/seedtest2-41.bak	3	v7fix-32 seedtest2-41 v7fix-31	-0.578203	0.097134	0.246591	-0.180992	-0.320122
sty-33		33	26.40	1.4164	4.122	0.40564	821	-1.58474	-0.19736	-0.81469	-0.42692	1.39779	14.0250	0.0500	0.5000	26.5750	0.0000	0.0000	8.5366	14.0000	1.4500	0.9815	0.0000	0.2737	19.7500						23.00	3.40	docs/artifacts/sty-33.bak	1		-0.251916	0.210318	0.248058	-0.148409	-0.014922
sty-36		36	16.40	0.4326	1.541	0.20726	916	0.21823	0.56109	-0.05268	0.61728	-0.44617	15.0000	0.0000	110.8500	47.0000	0.0000	0.0000	33.3333	6.0000	0.0000	0.0000	0.2125	0.0000	0.0000						17.30	-0.90	docs/artifacts/sty-36.bak	1		0.129917	0.620628	0.284335	-0.298302	0.407332
v11-62		62	54.00	0.8954	2.448	0.62954	315	-0.99431	0.77504	-0.95418	0.62412	1.01965	14.2500	0.0000	0.0000	22.5250	0.0000	0.0000	6.7416	6.0000	0.0000	0.0000	0.0000	0.2963	14.6500						53.20	0.80	docs/artifacts/v11-62.bak	1		-0.071854	0.869017	0.379846	-0.417403	-0.444625
v11-65		65	49.10	1.1320	3.102	0.60420	392	-0.25362	-0.52247	-0.23435	-0.55821	0.03490	15.1750	0.5500	0.0000	23.2000	0.0000	0.0000	12.1212	6.0000	13.1000	0.2888	0.0000	0.2620	17.9750						44.50	4.60	docs/artifacts/v11-65.bak	1		-0.286379	0.157693	0.551844	-0.399618	-0.117625
v11-72		72	47.30	0.8628	2.370	0.55928	551	-0.76536	0.74841	-0.94493	0.70871	0.47897	14.5500	0.0000	0.0000	45.8250	0.0000	0.0000	7.4074	3.0000	0.0000	0.0000	0.0000	0.3686	1.0750						47.90	-0.60	docs/artifacts/v11-72.bak	1		0.458828	0.376972	-0.121765	-0.238118	0.334508
v11-75		75	51.40	0.8492	2.338	0.59892	411	-0.92283	0.60958	-0.99715	0.51294	0.68421	13.7750	0.1000	0.0000	35.4000	0.0000	0.0000	7.7778	6.0000	0.0000	0.0000	0.0126	0.1993	11.3750						51.00	0.40	docs/artifacts/v11-75.bak	1		0.298313	0.594499	0.168987	-0.225596	0.297608
v12-81		81	50.30	0.0850	1.089	0.51150	664	-1.64002	0.67962	-1.59229	0.45970	1.39512	14.8750	0.0000	0.0000	33.0750	0.0000	0.0000	10.2941	2.0000	0.0000	0.0000	0.0000	0.2542	18.0750						46.80	3.50	docs/artifacts/v12-81.bak	1		-0.014954	0.600173	0.370352	-0.747373	0.328474
v12-84		84	52.60	0.4184	1.520	0.56784	524	-1.03750	0.72345	-1.07484	0.60877	0.92419	14.3000	0.0000	0.0000	23.3500	0.0000	0.0000	15.0538	3.0000	0.0000	0.0000	0.0000	0.2979	17.4750						52.00	0.60	docs/artifacts/v12-84.bak	1		-0.087220	0.871907	0.371210	-0.421614	-0.463982
v12-91		91	56.70	1.6138	5.022	0.72838	63	-0.46316	0.52258	-0.47420	0.47397	0.38129	13.7000	0.0000	0.0250	34.7750	0.0000	0.0000	13.9535	8.0000	0.0000	0.0000	0.0620	0.3144	18.0000						53.00	3.70	docs/artifacts/v12-91.bak	1		0.272316	0.735121	0.145595	-0.086935	0.494640
v12-94		94	47.90	0.5193	1.681	0.53093	616	-1.41270	0.66709	-1.35175	0.47561	1.26870	14.8750	0.0000	0.0000	33.6500	0.0000	0.0000	13.6986	3.0000	0.0000	0.0000	0.0000	0.2873	20.0000						48.90	-1.00	docs/artifacts/v12-94.bak	1		-0.104772	0.784953	0.468471	-0.689634	-0.474340
v13-101		101	45.10	1.4063	4.081	0.59163	436	-0.61754	0.84173	-0.73631	0.78754	0.58239	14.0250	0.0000	0.0000	30.6500	0.0000	0.0000	12.2449	8.0000	0.0000	0.0000	0.0314	0.2832	7.6500						45.90	-0.80	docs/artifacts/v13-101.bak	1		-0.291779	0.025519	0.703688	-0.258963	0.175043
v13-104		104	47.20	0.3212	1.379	0.50412	693	-1.28271	0.74342	-1.24062	0.57174	1.19253	14.6000	0.0000	0.0000	33.2250	0.0000	0.0000	18.9873	4.0000	0.0000	0.0000	0.0000	0.2827	18.0250						47.70	-0.50	docs/artifacts/v13-104.bak	1		-0.025757	-0.008901	0.339273	-0.181651	0.823400
v13-31		31	45.20	0.8729	2.394	0.53929	602	-1.06558	0.76564	-1.09093	0.64648	0.93423	14.1750	0.0000	0.0000	34.7250	0.0000	0.0000	12.9032	6.0000	0.0000	0.0000	0.0000	0.2714	14.1250						46.00	-0.80	docs/artifacts/v13-31.bak	1		0.059446	0.052862	0.570444	-0.590574	0.419773
v14-113		113	31.10	0.4277	1.534	0.35377	876	0.14296	1.04288	0.12895	1.07547	0.29868	14.2750	0.0000	0.0000	39.2250	0.0000	0.0000	10.3448	4.0000	0.0000	0.0000	0.0370	0.4777	0.0000						28.30	2.80	docs/artifacts/v14-113.bak	1		0.052005	0.545796	0.360234	-0.312692	0.253616
v14-116		116	56.10	0.0000	1.000	0.56100	544	-1.72653	0.81606	-1.75808	0.59941	1.41666	14.8000	0.0000	0.0000	33.0750	0.0000	0.0000	8.3333	1.0000	0.0000	0.0000	0.0000	0.2753	18.0250						53.40	2.70	docs/artifacts/v14-116.bak	1		-0.025222	0.165823	0.348910	-0.727051	0.392919
v15-122		122	57.40	0.0351	1.036	0.57751	492	-1.46119	0.81523	-1.57368	0.64783	1.09995	14.8500	0.0000	0.0000	34.2000	0.0000	0.0000	10.2941	2.0000	0.0000	0.0000	0.0000	0.1636	3.7750						55.30	2.10	docs/artifacts/v15-122.bak	1		-0.013036	0.599592	0.374886	-0.747582	0.318120
v15-125		125	57.10	0.5561	1.744	0.62661	320	-1.14810	0.84054	-1.21691	0.72609	0.97024	14.7000	0.0000	0.0000	38.0750	0.0000	0.0000	8.4507	3.0000	0.0000	0.0000	0.0000	0.3415	10.1000						55.00	2.10	docs/artifacts/v15-125.bak	1		-0.147423	0.607999	0.348353	-0.778319	0.025624
v16-131		131	18.70	0.6071	1.835	0.24771	908	0.18881	0.97749	0.32593	0.96520	0.47517	14.3250	0.0000	0.0000	39.3250	0.0000	0.0000	8.3333	4.0000	0.0000	0.0000	0.0875	0.4288	0.0000						23.90	-5.20	docs/artifacts/v16-131.bak	1		0.098325	0.551069	0.331386	-0.344947	0.336637
v16-134		134	52.50	0.3425	1.408	0.55925	552	-1.15321	0.69883	-1.18689	0.56844	0.94727	14.2000	0.0000	0.0000	34.9500	0.0000	0.0000	7.8652	8.0000	0.0000	0.0000	0.0000	0.2517	17.9750						47.20	5.30	docs/artifacts/v16-134.bak	1		0.376287	0.716636	0.342373	-0.122991	0.494156
v16-31		31	54.00	0.9494	2.584	0.63494	300	-1.02335	0.87066	-1.01705	0.73986	1.01744	14.1250	0.0000	0.0000	28.4500	0.0000	0.0000	12.7660	3.0000	0.0000	0.0000	0.0000	0.3041	14.6000						58.60	-4.60	docs/artifacts/v16-31.bak	3	v15-31 v16-31 v14-31	-0.213389	0.942112	0.266547	-0.352829	-0.570431
v17-143		143	57.40	0.0989	1.104	0.58389	453	-1.32222	0.67802	-1.34518	0.52609	1.08113	14.8750	0.0000	0.0000	36.2250	0.0000	0.0000	12.3288	4.0000	0.0000	0.0000	0.0000	0.2575	18.0000						54.00	3.40	docs/artifacts/v17-143.bak	1		0.066979	0.068570	0.554230	-0.608573	0.431026
v17-146		146	55.70	0.0399	1.041	0.56099	545	-1.23683	0.69873	-1.31236	0.57292	0.93326	14.6500	0.0000	0.0000	43.0500	0.0000	0.0000	5.1948	5.0000	0.0000	0.0000	0.0000	0.2826	17.5750						56.00	-0.30	docs/artifacts/v17-146.bak	1		-0.135377	0.161589	0.554722	-0.717273	0.070549
v7a-32		32	30.70	0.6744	1.963	0.37444	856	-1.16526	0.56299	-1.05560	0.43598	1.02351	14.6500	0.0000	0.0000	32.0750	0.0000	0.0000	3.5714	3.0000	0.0000	0.0000	0.0000	0.3182	19.6250						35.70	-5.00	docs/artifacts/v7a-32.bak	3	v7a-32 v7c-32 v7d-32	-0.108459	0.676545	0.517515	-0.760746	-0.291891
v7a-35		35	46.20	1.0868	2.965	0.57068	512	-0.25239	0.70246	-0.18855	0.65768	0.53511	14.1000	0.7500	0.0000	18.8000	0.0000	0.0000	14.0000	8.0000	0.0000	0.0000	0.0125	0.3838	0.0000						45.80	0.40	docs/artifacts/v7a-35.bak	4	v7f-35 v7a-35 v7c-35 v7d-35	0.327023	0.710353	0.251916	-0.109359	0.483066
v7aim1-81		81	48.10	1.8496	6.357	0.66596	201	0.03164	-1.22434	0.16831	-1.21517	-0.12986	16.6000	13.0500	0.0000	26.9750	0.0000	0.0000	10.5263	10.0000	4.7750	0.5517	0.0000	0.0970	9.2500						44.40	3.70	docs/artifacts/v7aim1-81.bak	1		-0.579266	0.643973	-0.439400	-0.460168	-0.319817
v7aim1-92		92	53.30	0.8862	2.426	0.62162	332	0.80664	-0.54523	0.49649	-0.32201	-1.34178	14.8000	0.0000	0.0250	43.5000	0.0000	0.0000	9.4595	12.0000	0.4500	1.0000	0.0221	0.2791	7.6000						56.60	-3.30	docs/artifacts/v7aim1-92.bak	1		-0.428741	0.028173	0.599982	-0.852848	0.324122
v7aim1f-82		82	39.90	1.8211	6.179	0.58111	469	1.30280	-1.85845	0.28517	-0.41650	-3.56389	15.9250	1.1000	0.1000	40.6000	0.0000	0.0000	14.6341	12.0000	18.4500	0.8022	0.0000	0.1103	0.0000						39.00	0.90	docs/artifacts/v7aim1f-82.bak	1		-0.282182	0.387834	-0.020334	-0.502289	-0.006741
v7aim2-82		82	37.90	1.2448	3.472	0.50348	695	-0.28135	-0.57928	-0.01199	-0.64220	0.60217	16.3500	14.8500	0.0000	16.2500	0.0000	0.0000	32.3232	8.0000	0.0000	0.0000	0.0000	0.2710	19.4750						32.70	5.20	docs/artifacts/v7aim2-82.bak	1		0.378092	0.721508	0.355122	-0.120549	0.489446
v7aim3-82		82	36.30	1.1998	3.320	0.48298	723	-0.00783	-0.59191	0.08531	-0.61786	0.03129	15.4250	11.3750	0.0500	28.2750	0.0000	0.0000	15.1515	14.0000	0.0000	0.0000	0.0000	0.2326	10.9500						35.50	0.80	docs/artifacts/v7aim3-82.bak	1		-0.122570	0.346520	0.250623	-0.377776	0.025810
v7attr-31		31	53.00	1.1467	3.148	0.64467	257	-2.06035	0.32226	-0.89462	-0.03128	2.34259	14.1750	0.0000	5.0000	31.4750	0.0000	0.0000	6.9767	4.0000	0.0000	0.0000	0.0000	0.2655	18.3750						54.10	-1.10	docs/artifacts/v7attr-31.bak	1		0.015296	0.168138	0.279549	-0.683526	0.436401
v7b-37		37	36.50	1.3726	3.945	0.50226	696	0.25005	0.98810	0.19274	1.05115	0.05955	13.8250	0.0000	0.0250	33.0750	0.0000	0.0000	14.7727	9.0000	0.0000	0.0000	0.3447	0.4264	0.0000						34.30	2.20	docs/artifacts/v7b-37.bak	2	v7b-37 v7c-37	0.498078	0.064496	0.100523	-0.529146	0.773483
v7b-40		40	33.60	1.0536	2.868	0.44136	782	-0.17427	1.11352	-0.01485	1.01118	0.94158	14.1000	0.0000	0.0000	22.1000	0.0000	0.0000	14.2857	6.0000	0.0000	0.0000	0.0000	0.4423	0.0000						33.40	0.20	docs/artifacts/v7b-40.bak	2	v7b-40 v7c-40	0.158425	0.615860	0.321921	-0.330644	0.493857
v7b-43		43	40.70	1.2383	3.450	0.53083	617	0.41635	1.02698	0.43170	1.08386	0.12779	14.7000	0.0000	0.0000	46.4500	0.0000	0.0000	6.5574	4.0000	0.0000	0.0000	0.4562	0.4032	0.0000						37.20	3.50	docs/artifacts/v7b-43.bak	1		-0.155622	0.598636	0.348443	-0.779374	0.020305
v7b-46		46	33.70	1.2429	3.466	0.46129	755	0.40527	0.94485	0.37397	1.05858	-0.04260	14.6500	0.0000	0.0250	42.8750	0.0000	0.0000	18.8679	5.0000	0.0000	0.0000	0.4750	0.3913	0.0000						36.30	-2.60	docs/artifacts/v7b-46.bak	1		-0.177548	0.605528	0.356459	-0.801987	-0.014257
v7bead1-31		31	57.40	1.1468	3.148	0.68868	150	-1.59523	0.30212	-0.92082	0.04518	1.75695	14.4250	0.1500	5.0000	29.2250	0.0000	0.0000	10.4651	7.0000	0.0000	0.0000	0.0000	0.3153	18.3250	82.4132	-8.0729	0+8-	83.5417		56.40	1.00	docs/artifacts/v7bead1-31.bak	1		0.246577	0.519906	0.363199	-0.039790	0.118356
v7bead100-31		31	54.30	1.5974	4.940	0.70274	104	0.10787	-0.68614	0.27044	-0.71681	0.18961	15.0000	2.1000	0.2500	23.1500	0.0000	0.0000	18.0000	9.0000	0.0000	0.0000	0.0218	0.3251	1.0000	84.6788	-5.8073	0+8-	85.5556		53.00	1.30	docs/artifacts/v7bead100-31.bak	1		0.464093	0.136914	-0.056552	-0.079664	-0.013838
v7bead15-31		31	51.80	1.8840	6.579	0.70640	92	-0.02869	0.02186	0.26211	0.18788	0.05391	14.7000	0.5500	2.1750	35.7750	0.0000	0.0000	10.4651	14.0000	0.0250	1.0000	0.1887	0.2293	8.3750	83.4722	-7.0139	0+8-	87.2917		48.00	3.80	docs/artifacts/v7bead15-31.bak	1		0.729820	0.058474	0.765813	-0.839893	-0.093601
v7bead2-31		31	54.50	1.8158	6.146	0.72658	64	-0.08302	-0.17115	-0.20079	-0.11153	-0.30994	14.4000	0.7500	0.6250	28.0250	0.0000	0.0000	7.2917	14.0000	0.0750	0.6667	0.0126	0.2770	1.9000	84.0451	-6.4410	0+8-	83.1250		55.30	-0.80	docs/artifacts/v7bead2-31.bak	1		-0.493218	0.315962	-0.090754	-0.386206	-0.402348
v7bead25-31		31	45.90	2.0656	7.890	0.66556	203	0.29080	-0.20878	0.10250	-0.10105	-0.66460	14.9000	0.7500	2.7500	37.0500	0.0000	0.0000	6.2500	15.0000	0.3000	0.5000	0.2698	0.2943	18.2500	76.0069	-14.4792	0+8-	74.2361		43.10	2.80	docs/artifacts/v7bead25-31.bak	1		-0.243869	0.774872	0.318272	-0.637034	-0.535771
v7bead3-31		31	51.90	2.0945	8.122	0.72845	62	-0.03659	-0.58813	0.28416	-0.42161	-0.06400	15.4750	2.8000	1.5750	32.0000	0.0000	0.0000	8.7912	16.0000	0.4000	1.0000	0.0000	0.2885	1.8500	88.2899	-2.1962	2+6-	85.1389		47.60	4.30	docs/artifacts/v7bead3-31.bak	1		0.029802	0.775298	-0.091806	-0.126645	0.716170
v7beadseed-31		31	48.20	1.6471	5.192	0.64671	249	-0.31980	-0.00158	-0.47016	0.04259	-0.13365	14.4750	0.8000	0.0000	25.1500	0.0000	0.0000	13.8298	10.0000	8.2000	0.8811	0.0000	0.2606	14.9750	85.8246	-4.6615	0+8-	84.0972		48.10	0.10	docs/artifacts/v7beadseed-31.bak	1		0.413698	0.321346	-0.064563	-0.334900	0.304869
v7big1-31		31	51.40	0.9689	2.635	0.61089	366	-1.43314	0.86744	-1.43332	0.68550	1.27658	14.2000	0.0000	0.0000	40.3250	0.0000	0.0000	8.0460	3.0000	0.0000	0.0000	0.0000	0.3362	18.0250						50.30	1.10	docs/artifacts/v7big1-31.bak	1		0.112843	0.545849	0.368874	-0.356310	0.388467
v7big1-91		91	47.10	1.7310	5.646	0.64410	258	1.10850	-0.42917	0.07331	-1.21268	-1.08087	14.6250	2.8750	0.1000	26.2500	0.0000	0.0000	21.2500	15.0000	2.2750	0.9213	0.0000	0.2527	0.5000						46.50	0.60	docs/artifacts/v7big1-91.bak	1		0.432854	0.358870	-0.123722	-0.303215	0.322749
v7blk1-31		31	55.20	1.0220	2.779	0.65420	231	-1.30931	0.58519	-1.00026	0.32919	1.42630	14.1000	0.0000	0.0000	21.0000	0.0000	0.0000	5.2083	8.0000	0.0000	0.0000	0.0063	0.2743	19.8750						52.80	2.40	docs/artifacts/v7blk1-31.bak	1		0.392396	0.746587	0.399976	-0.093113	0.481155
v7blk1-91		91	48.30	1.7813	5.937	0.66113	213	0.09821	-0.64220	0.10137	-0.63796	-0.13636	15.6750	6.9000	0.0500	27.1500	0.0000	0.0000	8.2474	11.0000	7.4750	0.4099	0.0000	0.1808	13.1000						45.70	2.60	docs/artifacts/v7blk1-91.bak	1		-0.598793	0.608522	-0.409193	-0.522292	-0.322246
v7c-31		31	33.20	1.2656	3.545	0.45856	759	-0.04641	0.71895	-0.21466	0.77706	-0.02833	14.8250	0.0000	17.0250	43.1250	0.0000	0.0000	10.0000	8.0000	0.0000	0.0000	0.0000	0.3282	0.0000						34.90	-1.70	docs/artifacts/v7c-31.bak	4	v7a-31 v7b-31 v7c-31 v7d-31	0.290227	0.819524	0.309860	0.017672	0.371537
v7c-34		34	29.90	1.3822	3.984	0.43722	787	0.13001	0.87973	0.09016	0.92464	0.15958	14.3500	0.0000	0.0000	25.4000	0.0000	0.0000	13.9535	4.0000	0.0000	0.0000	0.3605	0.3393	0.0000						34.90	-5.00	docs/artifacts/v7c-34.bak	3	v7a-34 v7c-34 v7d-34	0.166674	0.579201	0.362976	-0.350282	0.552169
v7c-37		37	36.50	1.3726	3.945	0.50226	697	0.34829	0.85969	0.31549	0.92973	0.01255	13.8250	0.0000	0.0250	33.0750	0.0000	0.0000	14.7727	9.0000	0.0000	0.0000	0.3447	0.4264	0.0000						34.30	2.20	docs/artifacts/v7c-37.bak	2	v7b-37 v7c-37	0.497781	0.064453	0.101181	-0.529230	0.774125
v7c-40		40	33.60	1.0536	2.868	0.44136	783	-0.21328	1.01961	-0.05363	0.89278	0.91015	14.1000	0.0000	0.0000	22.1000	0.0000	0.0000	14.2857	6.0000	0.0000	0.0000	0.0000	0.4423	0.0000						33.40	0.20	docs/artifacts/v7c-40.bak	2	v7b-40 v7c-40	0.160321	0.614512	0.326518	-0.332205	0.500032
v7catE1-31		31	41.20	0.7051	2.024	0.48251	724	-0.48829	0.54008	-0.65273	0.57056	0.20843	14.3250	0.0000	0.0000	33.4250	0.0000	0.0000	8.6022	4.0000	0.0000	0.0000	0.0000	0.2939	17.8000						45.60	-4.40	docs/artifacts/v7catE1-31.bak	1		0.039472	0.822968	0.002670	-0.099542	0.729866
v7catE5-31		31	45.40	1.3426	3.829	0.58826	445	0.06858	-0.23346	-0.19758	-0.14960	-0.73836	14.5250	3.0250	0.0250	30.4000	0.0000	0.0000	22.2222	17.0000	4.7250	0.9630	0.0125	0.1525	0.8250						50.30	-4.90	docs/artifacts/v7catE5-31.bak	1		-0.283055	0.993292	0.185103	-0.217989	-0.591138
v7clear2-31		31	38.40	1.4804	4.395	0.53204	613	0.17185	-0.72465	0.15256	-0.72362	-0.26029	14.9000	7.6500	0.0250	19.9000	0.0000	0.0000	27.0833	11.0000	13.4250	0.8409	0.0000	0.2929	15.7750						36.40	2.00	docs/artifacts/v7clear2-31.bak	1		-0.218888	0.785635	0.346003	-0.619681	-0.527409
v7cmin3-31		31	46.30	1.6693	5.308	0.62993	314	0.46076	-0.11039	0.32415	-0.05115	-0.61899	14.6000	0.8500	3.1500	24.3250	0.0000	0.0000	15.0538	11.0000	0.0000	0.0000	0.0705	0.2612	17.6500	84.2101	-6.2760	0+8-	82.7778		44.50	1.80	docs/artifacts/v7cmin3-31.bak	1		0.436340	0.341394	-0.094282	-0.295034	0.328235
v7cmin4-31	历代上槽	31	55.90	1.5617	4.767	0.71517	73	-0.08342	-0.79504	0.22659	-0.88346	0.32605	16.0500	2.7500	0.0000	21.9000	0.0000	0.0000	10.0000	10.0000	4.6500	0.3602	0.0000	0.3464	20.6750	85.6076	-4.8785	0+8-	84.7222		53.00	2.90	docs/artifacts/v7cmin4-31.bak	2	v7cmin4-31 incumbent-forpromote	-0.580513	0.640407	-0.437406	-0.466550	-0.319457
v7ctrlE-31		31	43.50	0.0000	1.000	0.43500	794	-1.31058	-0.09094	-1.43317	-0.15628	0.42654	15.0000	0.0000	0.0000	47.0000	0.0000	0.0000	0.0000	1.0000	110.0000	1.0000	0.0000	0.2819	19.3750						47.50	-4.00	docs/artifacts/v7ctrlE-31.bak	5	v7ringT-31 v7ringT2-31 v7ctrlE-31 v7roleC-31 v7roleC2-31	-0.122837	0.056164	0.660424	-0.520684	0.193494
v7cur-31		31	35.20	1.4526	4.274	0.49726	706	-0.11104	0.45932	-0.27532	0.52557	-0.15552	14.4500	0.0000	3.2500	43.5750	0.0000	0.0000	14.2857	9.0000	0.0750	1.0000	0.1148	0.1739	2.0000						43.10	-7.90	docs/artifacts/v7cur-31.bak	1		-0.021613	-0.149713	-0.155346	-0.266601	-0.181754
v7cur2-31		31	41.60	1.8006	6.053	0.59606	423	0.29771	0.49891	0.16691	0.62897	-0.37292	13.9000	0.0000	0.4000	28.3000	0.0000	0.0000	18.1818	8.0000	0.9500	1.0000	0.0201	0.2627	2.1250						40.40	1.20	docs/artifacts/v7cur2-31.bak	1		0.409689	0.759494	0.440014	-0.092959	0.472303
v7cur3-31		31	52.60	1.4892	4.433	0.67492	181	0.19546	-0.25730	0.00427	-0.16929	-0.67104	14.3000	0.4000	0.0750	29.7500	0.0000	0.0000	15.7895	11.0000	8.0750	0.9938	0.0573	0.3075	14.5000						54.00	-1.40	docs/artifacts/v7cur3-31.bak	1		-0.247577	0.987189	0.226501	-0.239370	-0.587883
v7curri1-31		31	46.80	0.9088	2.481	0.55888	554	-0.67386	0.12156	-0.87474	0.16581	-0.00344	14.6250	0.0000	0.0000	33.8750	0.0000	0.0000	10.9756	6.0000	1.2000	0.9762	0.0000	0.3107	0.0000						46.20	0.60	docs/artifacts/v7curri1-31.bak	1		0.256221	0.944781	0.001798	0.028450	0.768315
v7curri1-91		91	44.70	1.6440	5.176	0.61140	364	-0.65774	-0.16407	-0.63281	-0.20114	0.29984	13.6500	0.0000	1.7000	31.7750	0.0000	0.0000	8.6022	13.0000	0.5500	1.0000	0.0920	0.2979	1.0750						48.40	-3.70	docs/artifacts/v7curri1-91.bak	1		0.033686	0.775641	-0.091129	-0.126961	0.715174
v7curri2-31		31	50.50	0.9108	2.486	0.59608	422	-0.73332	0.75306	-0.72799	0.69403	0.73462	13.3250	0.0000	0.0000	22.0500	0.0000	0.0000	8.3333	5.0000	0.0250	1.0000	0.0000	0.3819	0.0000						47.90	2.60	docs/artifacts/v7curri2-31.bak	1		0.805282	0.154533	0.372387	-0.769996	0.978144
v7curri2-91		91	54.40	1.0233	2.782	0.64633	251	-1.20151	0.37167	-1.36157	0.29115	0.59440	14.9000	0.0000	0.0000	39.0250	0.0000	0.0000	6.4935	5.0000	0.3250	1.0000	0.0000	0.3110	17.9750						55.80	-1.40	docs/artifacts/v7curri2-91.bak	1		0.098807	0.718882	0.166871	-0.351560	0.473569
v7d-31		31	33.20	1.2656	3.545	0.45856	760	0.01307	0.76587	-0.18123	0.84932	-0.10003	14.8250	0.0000	17.0250	43.1250	0.0000	0.0000	10.0000	8.0000	0.0000	0.0000	0.0000	0.3282	0.0000						34.90	-1.70	docs/artifacts/v7d-31.bak	4	v7a-31 v7b-31 v7c-31 v7d-31	0.289674	0.822039	0.313826	0.019355	0.371412
v7d-34		34	29.90	1.3822	3.984	0.43722	788	0.10224	0.89344	0.07886	0.92915	0.16366	14.3500	0.0000	0.0000	25.4000	0.0000	0.0000	13.9535	4.0000	0.0000	0.0000	0.3605	0.3393	0.0000						34.90	-5.00	docs/artifacts/v7d-34.bak	3	v7a-34 v7c-34 v7d-34	0.167618	0.577887	0.367737	-0.349860	0.554869
v7d-41		41	51.90	0.0397	1.041	0.52297	631	-1.46693	0.53471	-1.31623	0.31187	1.33143	14.9000	0.0000	0.0000	38.6250	0.0000	0.0000	14.4737	2.0000	0.0000	0.0000	0.0000	0.2609	18.2500						51.00	0.90	docs/artifacts/v7d-41.bak	3	v7d-41 v7b-41 v7c-41	0.104226	0.079353	0.512529	-0.598113	0.511765
v7densE-81		81	35.30	0.0000	1.000	0.35300	877	0.00683	1.03176	0.07749	1.00028	0.53724	14.8000	0.0000	0.0000	34.7000	0.0000	0.0000	6.8493	1.0000	0.0000	0.0000	0.0000	0.4923	0.0000						36.60	-1.30	docs/artifacts/v7densE-81.bak	1		-0.101571	0.587871	0.457058	-0.669292	0.488617
v7divK-81		81	51.90	1.2037	3.332	0.63937	276	-0.48773	-0.01092	-0.69215	0.06039	-0.19322	14.4000	0.0000	0.0000	28.4500	0.0000	0.0000	9.5238	8.0000	9.5000	0.9868	0.0126	0.2782	7.1000						55.40	-3.50	docs/artifacts/v7divK-81.bak	1		0.416409	0.764776	0.457003	-0.093701	0.471737
v7divK2-82		82	41.90	1.6333	5.121	0.58233	463	-0.58765	1.58352	-0.10023	0.55744	2.26162	14.2000	0.0000	0.3500	35.5500	0.0000	0.0000	12.2222	12.0000	1.9000	1.0000	0.0427	0.2783	0.0000						41.20	0.70	docs/artifacts/v7divK2-82.bak	1		0.030728	0.041655	0.605397	-0.587923	0.372472
v7expo-33		33	46.40	1.3588	3.892	0.59988	409	0.14175	0.38126	-0.02950	0.46464	-0.29025	14.2500	0.7000	9.1000	27.8750	0.0000	0.0000	9.2784	10.0000	0.0000	0.0000	0.0000	0.1649	18.8500						42.60	3.80	docs/artifacts/v7expo-33.bak	1		-0.478113	0.133064	0.137098	-0.091536	-0.190169
v7f2-31		31	51.70	1.7974	6.034	0.69674	126	-0.18003	-0.02264	-0.11119	-0.03850	0.11246	14.8000	1.0500	0.0500	23.3500	0.0000	0.0000	10.4167	13.0000	0.0000	0.0000	0.0486	0.3231	18.1750						49.20	2.50	docs/artifacts/v7f2-31.bak	1		0.045336	0.634480	0.389127	-0.216371	0.110304
v7f2b-82		82	53.00	1.0417	2.834	0.63417	303	-0.90816	0.73797	-0.86786	0.61596	0.92783	14.2250	0.0000	0.0000	20.9750	0.0000	0.0000	12.2222	5.0000	0.0000	0.0000	0.0000	0.2786	17.0250						48.60	4.40	docs/artifacts/v7f2b-82.bak	1		0.053224	0.033565	0.599769	-0.582668	0.413019
v7f2t-82		82	53.20	1.4830	4.406	0.68030	168	1.50379	0.79341	1.61010	0.95224	-0.74567	15.0500	1.2500	0.0000	38.1000	0.0000	0.0000	8.6420	8.0000	0.0000	0.0000	0.0313	0.2483	18.0250						53.80	-0.60	docs/artifacts/v7f2t-82.bak	1		0.369603	0.728452	0.347228	-0.097005	0.479201
v7f2t-93		93	48.60	0.8258	2.284	0.56858	521	-0.99609	0.40097	-0.99538	0.28435	0.71880	14.1250	0.1500	0.0000	29.1500	0.0000	0.0000	6.6667	8.0000	0.0250	1.0000	0.0000	0.2759	17.9000						50.30	-1.70	docs/artifacts/v7f2t-93.bak	1		-0.193056	-0.246537	0.161316	-0.052926	-0.279007
v7f3-94		94	31.00	1.4508	4.266	0.45508	763	-0.81909	0.64828	-0.80348	0.55946	0.78237	13.9750	0.0000	0.0000	22.6750	0.0000	0.0000	10.6383	8.0000	0.0000	0.0000	0.0000	0.3000	4.5250						33.40	-2.40	docs/artifacts/v7f3-94.bak	1		0.429092	0.116753	0.000751	-0.029804	0.007927
v7f35b-95		95	43.60	0.9570	2.604	0.53170	614	-0.72550	-0.21217	-0.96695	-0.14497	-0.19269	14.3250	0.0000	0.0000	30.6750	0.0000	0.0000	7.6087	7.0000	5.6000	0.9643	0.0000	0.2852	16.9750						41.00	2.60	docs/artifacts/v7f35b-95.bak	1		-0.282695	-0.013332	0.742513	-0.255306	0.264790
v7f35b-98		98	59.40	0.7789	2.179	0.67189	191	-0.72138	0.56750	-0.67894	0.47338	0.73471	14.1500	0.0000	0.0000	17.7750	0.0000	0.0000	5.4945	4.0000	0.0250	1.0000	0.0000	0.3457	19.0500						58.80	0.60	docs/artifacts/v7f35b-98.bak	1		0.813893	0.160319	0.380014	-0.756516	0.975212
v7f35t-81		81	46.00	0.9647	2.624	0.55647	558	-0.87977	-0.51356	-0.37497	-0.43193	0.76704	14.6000	0.0750	0.0000	34.3250	0.0000	0.0000	17.5000	9.0000	16.0750	0.9751	0.0000	0.2881	20.0000						49.40	-3.40	docs/artifacts/v7f35t-81.bak	2	v7f35t-81 v7stock2-81	0.484107	0.246831	-0.141495	-0.004158	0.109675
v7f35t-92		92	52.00	0.8357	2.306	0.60357	396	-1.20323	0.75185	-1.21722	0.60637	1.04326	14.5750	0.0000	0.0000	33.9250	0.0000	0.0000	10.8108	6.0000	0.0000	0.0000	0.0000	0.2962	19.1250						55.00	-3.00	docs/artifacts/v7f35t-92.bak	2	v7f35t-92 v7stock2-92	0.255252	0.944971	0.003640	0.025660	0.770263
v7f5b-94		94	57.30	0.6357	1.888	0.63657	292	-1.37615	0.69928	-1.39134	0.53355	1.13033	14.8500	0.0000	0.0000	34.8000	0.0000	0.0000	10.6667	2.0000	0.0000	0.0000	0.0000	0.2887	18.0250						56.40	0.90	docs/artifacts/v7f5b-94.bak	1		-0.012460	0.819220	0.526032	-0.523468	-0.379359
v7f5b-97		97	35.40	0.4595	1.583	0.39995	825	-1.34156	0.72013	-1.15757	0.50643	1.40093	14.4250	0.0000	0.0000	25.5500	0.0000	0.0000	10.1266	2.0000	0.0000	0.0000	0.0000	0.3370	20.0000						35.90	-0.50	docs/artifacts/v7f5b-97.bak	1		0.123286	0.509164	0.448596	-0.335987	0.422026
v7f5div3-31		31	39.60	1.8297	6.232	0.57897	481	0.12017	0.49541	-0.04201	0.57068	-0.24420	14.3750	0.0000	11.3750	31.3250	0.0000	0.0000	11.9048	8.0000	0.0000	0.0000	0.2313	0.2270	18.1000						41.40	-1.80	docs/artifacts/v7f5div3-31.bak	1		0.513836	0.057142	0.112959	-0.522867	0.810731
v7f5div3-91		91	56.60	1.7399	5.697	0.73999	32	-0.28763	0.30938	-0.13709	0.23983	0.25267	14.4000	0.9000	0.0000	28.4000	0.0000	0.0000	7.3684	10.0000	0.0000	0.0000	0.4875	0.2273	19.9750	86.0677	-4.4184	0+8-	87.5000		53.90	2.70	docs/artifacts/v7f5div3-91.bak	1		-0.483273	0.134493	0.135384	-0.092081	-0.202862
v7f5t-31		31	45.00	1.9593	7.094	0.64593	254	0.36627	-0.27774	-0.05852	-0.06953	-1.13439	14.6500	1.9750	0.0000	27.9250	0.0000	0.0000	8.5366	16.0000	1.0250	0.8158	0.5000	0.2076	7.8000						43.00	2.00	docs/artifacts/v7f5t-31.bak	2	v7f5b-31 v7f5t-31	-0.505491	-0.031172	0.689256	-0.911558	0.388333
v7f5t-91		91	50.70	0.9505	2.587	0.60205	402	-0.16373	0.39309	-0.31911	0.45178	-0.13110	14.5250	0.0000	0.0000	28.7000	0.0000	0.0000	25.3012	8.0000	0.2000	0.8750	0.0116	0.2704	18.0500						49.00	1.70	docs/artifacts/v7f5t-91.bak	1		-0.472455	0.195937	-0.035177	-0.171163	-0.312652
v7f80-35		35	41.10	1.4144	4.114	0.55244	576	-0.88362	0.55185	-0.92982	0.45598	0.64509	14.4750	0.0500	0.0000	38.3500	0.0000	0.0000	11.2360	9.0000	0.0000	0.0000	0.0789	0.2770	18.0000						42.40	-1.30	docs/artifacts/v7f80-35.bak	1		0.573914	0.136307	-0.028795	-0.362434	0.345954
v7fix1-31		31	53.70	1.2638	3.539	0.66338	206	0.02446	0.24536	0.13172	0.09316	0.41065	14.3250	0.0000	1.7000	28.4250	0.0000	0.0000	17.2414	6.0000	1.0500	0.9524	0.0000	0.2797	0.6250						55.30	-1.60	docs/artifacts/v7fix1-31.bak	1		-0.280118	-0.020241	0.747061	-0.261506	0.278886
v7fix1-91		91	37.80	1.0394	2.827	0.48194	727	-0.74679	-0.19154	-1.03356	-0.18817	-0.19455	14.5750	0.0000	0.0000	40.6000	0.0000	0.0000	7.1429	7.0000	47.4000	0.9900	0.0000	0.2649	10.7750						41.10	-3.30	docs/artifacts/v7fix1-91.bak	1		0.233043	0.598428	0.423289	-0.224521	0.584493
v7force-32		32	28.50	1.5019	4.490	0.43519	790	-0.09164	0.64865	-0.13855	0.66285	0.17940	14.2750	0.0000	0.0500	31.8500	0.0000	0.0000	9.7826	7.0000	0.0000	0.0000	0.2759	0.3214	0.0000						32.80	-4.30	docs/artifacts/v7force-32.bak	1		0.219889	0.882697	0.041091	-0.059092	0.724503
v7g-35		35	35.60	1.4809	4.397	0.50409	694	0.71875	0.53111	0.53810	0.64513	-0.67750	12.8500	0.0000	0.4000	23.9500	0.0000	0.0000	10.4167	7.0000	0.0000	0.0000	0.4313	0.3024	0.0000						37.80	-2.20	docs/artifacts/v7g-35.bak	1		0.275261	0.837098	0.341173	0.025191	0.347884
v7gf1-82		82	42.20	1.6634	5.277	0.58834	444	1.36409	0.11446	0.90071	0.20505	-1.67724	14.1500	0.0000	0.0000	33.8000	0.0000	0.0000	14.2857	7.0000	2.7250	0.9174	0.1509	0.3290	2.4500						41.80	0.40	docs/artifacts/v7gf1-82.bak	1		0.168584	0.735647	0.171243	-0.262564	0.606843
v7gf1-93		93	49.60	1.3439	3.834	0.63039	313	-0.60290	0.42066	-0.76240	0.42024	0.18947	14.8250	0.0000	0.0000	43.3750	0.0000	0.0000	7.3529	7.0000	0.0500	1.0000	0.0000	0.2770	9.4500						45.50	4.10	docs/artifacts/v7gf1-93.bak	1		-0.234339	-0.121965	0.912394	-0.476188	0.490771
v7iso1-82		82	57.80	0.1279	1.136	0.59079	439	-1.25868	0.57418	-1.27120	0.42500	1.03529	14.8000	0.0000	0.0000	34.4250	0.0000	0.0000	12.3457	6.0000	0.0000	0.0000	0.0000	0.2774	17.5000						57.00	0.80	docs/artifacts/v7iso1-82.bak	1		0.088145	0.039858	0.598892	-0.628431	0.481638
v7iso1-93		93	47.50	0.9877	2.685	0.57377	502	-0.13245	-0.41493	-0.34261	-0.30072	-0.67141	14.2250	0.0250	0.0000	34.8750	0.0000	0.0000	18.2927	11.0000	3.2250	0.9690	0.0000	0.0717	8.7750						48.80	-1.30	docs/artifacts/v7iso1-93.bak	1		0.156079	0.158119	0.303650	-0.546245	0.636440
v7l2c-102		102	47.00	0.8459	2.330	0.55459	566	-0.55724	-0.28498	-0.73077	-0.28315	-0.17384	14.3750	0.2000	0.0000	33.2500	0.0000	0.0000	9.6386	8.0000	2.3500	0.9894	0.0063	0.1949	8.2750						47.50	-0.50	docs/artifacts/v7l2c-102.bak	1		0.388348	0.178248	-0.188789	-0.125068	-0.006965
v7l2c-114		114	52.30	1.1515	3.163	0.63815	284	-1.07846	0.83929	-0.98377	0.69196	1.15766	14.2000	0.0000	0.0000	22.8000	0.0000	0.0000	9.3750	4.0000	0.0000	0.0000	0.0000	0.3410	18.0000						53.90	-1.60	docs/artifacts/v7l2c-114.bak	1		0.128376	0.515877	0.444072	-0.355240	0.443969
v7l2c-142		142	43.80	0.8947	2.447	0.52747	621	-0.74009	0.43381	-0.76234	0.35574	0.53978	14.5000	0.2000	0.0000	35.8250	0.0000	0.0000	13.3333	6.0000	0.0250	0.0000	0.0000	0.2753	16.7500						48.00	-4.20	docs/artifacts/v7l2c-142.bak	1		0.695042	0.155889	0.342873	-0.631719	0.985221
v7l2c-145		145	54.70	0.4821	1.620	0.59521	427	-1.04680	0.50561	-1.03914	0.31688	0.91222	14.9000	0.0000	0.0000	45.1500	0.0000	0.0000	16.9231	2.0000	0.0000	0.0000	0.0000	0.2878	18.0250						56.50	-1.80	docs/artifacts/v7l2c-145.bak	1		0.021298	0.910572	0.639621	-0.008067	0.742547
v7l2c-148		148	55.70	1.0888	2.971	0.66588	202	-1.14232	0.83124	-1.03593	0.65632	1.16663	14.4750	0.0000	0.0000	27.3250	0.0000	0.0000	5.0000	3.0000	0.0000	0.0000	0.0000	0.3505	18.0000						53.70	2.00	docs/artifacts/v7l2c-148.bak	1		0.177155	0.551495	0.417353	-0.333159	0.545604
v7l2c-151		151	49.80	1.1963	3.308	0.61763	343	-0.10897	0.01230	-0.34424	0.07915	-0.41825	14.7250	0.0000	0.0750	38.5750	0.0000	0.0000	7.8125	10.0000	1.3500	0.9815	0.0509	0.2609	15.5750						50.20	-0.40	docs/artifacts/v7l2c-151.bak	1		-0.463162	-0.011498	0.629879	-0.882951	0.409516
v7l2c-82		82	54.00	1.3794	3.973	0.67794	175	0.25269	-0.03273	0.20802	0.03705	-0.47915	15.0500	1.9500	0.0000	23.2000	0.0000	0.0000	16.1616	7.0000	3.5750	0.8467	0.0000	0.3048	18.1750						57.60	-3.60	docs/artifacts/v7l2c-82.bak	1		0.160808	0.732461	0.172546	-0.259693	0.568217
v7l2f-101		101	30.40	1.2657	3.545	0.43057	801	0.24728	1.10684	0.40993	1.02937	0.62611	14.0750	0.0000	0.0000	18.7750	0.0000	0.0000	5.3191	4.0000	0.0000	0.0000	0.3408	0.4352	0.0000						34.00	-3.60	docs/artifacts/v7l2f-101.bak	1		0.148178	0.542299	0.428681	-0.406961	0.546518
v7l2f-141		141	45.70	2.0051	7.427	0.65751	224	-0.67959	1.03099	-0.28804	0.23913	1.52016	14.2000	0.0000	0.1500	27.1500	0.0000	0.0000	8.4211	12.0000	0.0250	1.0000	0.3125	0.2727	17.5500						47.10	-1.40	docs/artifacts/v7l2f-141.bak	1		0.808891	0.127981	0.399806	-0.799798	1.000000
v7l2f-144		144	32.20	1.4025	4.065	0.46225	753	-0.05765	0.87684	-0.14245	0.92170	0.16379	14.5000	0.0000	0.0000	38.2000	0.0000	0.0000	11.5385	7.0000	0.0000	0.0000	0.1225	0.3018	0.0000						31.80	0.40	docs/artifacts/v7l2f-144.bak	1		0.161197	0.798014	0.308041	-0.290761	0.650991
v7l2f-147		147	33.00	0.6821	1.978	0.39821	826	0.15739	0.83010	0.20223	0.84143	0.29196	14.4250	0.0000	0.0000	24.8500	0.0000	0.0000	7.6923	7.0000	0.0000	0.0000	0.0619	0.4539	0.0000						32.50	0.50	docs/artifacts/v7l2f-147.bak	1		0.218865	0.603814	0.411851	-0.230933	0.557295
v7l2f-150		150	44.10	1.1379	3.120	0.55479	565	-0.12007	-0.34337	-0.38790	-0.21952	-0.69515	14.3750	0.0000	2.8000	42.3750	0.0000	0.0000	9.6386	13.0000	53.2000	0.9859	0.0000	0.2148	10.9000						42.10	2.00	docs/artifacts/v7l2f-150.bak	1		0.130789	0.492655	0.482048	-0.352978	0.465053
v7l2f-31		31	32.10	0.4747	1.607	0.36847	865	2.37060	-0.06193	2.04892	0.13569	-2.21608	14.7750	0.0000	0.0000	30.9750	0.0000	0.0000	8.6957	6.0000	0.0000	0.0000	0.0427	0.3667	0.0000						33.90	-1.80	docs/artifacts/v7l2f-31.bak	1		0.226803	0.170765	0.444928	-0.750286	0.571903
v7l2h-106		106	47.40	1.6183	5.044	0.63583	295	0.03978	-0.35364	-0.04153	-0.30614	-0.36346	14.6750	1.7000	2.7500	27.5000	0.0000	0.0000	7.9545	10.0000	0.7250	0.9600	0.0000	0.2705	17.0250						45.10	2.30	docs/artifacts/v7l2h-106.bak	1		-0.496734	-0.044222	0.696638	-0.896664	0.408808
v7l2h-93		93	47.60	1.5129	4.540	0.62729	318	0.45934	-0.36631	0.16266	-0.25321	-1.01660	14.7750	0.2000	0.9750	40.3750	0.0000	0.0000	12.3457	16.0000	43.6500	0.9851	0.5188	0.2269	1.9000	76.1545	-14.3316	0+8-	75.9722		51.50	-3.90	docs/artifacts/v7l2h-93.bak	1		0.136770	0.118679	0.602495	-0.540750	0.606471
v7l2o-93		93	42.50	1.5343	4.638	0.57843	482	-0.06971	-0.07088	-0.22544	0.01863	-0.43181	14.1750	0.0000	0.0000	34.9000	0.0000	0.0000	14.4444	11.0000	0.0000	0.0000	0.2026	0.2557	6.5000						46.40	-3.90	docs/artifacts/v7l2o-93.bak	1		0.243729	0.095492	0.432864	-0.514667	0.704811
v7l2s-82		82	57.10	0.9750	2.651	0.66850	196	-0.34030	0.13744	-0.42991	0.14968	0.01230	14.6250	0.0000	0.0000	31.7500	0.0000	0.0000	8.2192	10.0000	0.2750	0.7273	0.0073	0.3355	1.0000						55.70	1.40	docs/artifacts/v7l2s-82.bak	1		0.544475	0.439516	-0.259838	-0.256404	0.490098
v7l7-31		35	35.30	1.5686	4.800	0.50986	674	1.35090	0.72433	0.09999	1.21747	-1.93285	15.8750	4.2750	0.0000	28.2750	0.0000	0.0000	6.7416	11.0000	0.2250	1.0000	0.0000	0.2249	4.0750						38.50	-3.20	docs/artifacts/v7l7-31.bak	17	seedtest2-31 v7l7-33 v7l7-36 v7l7-43 v7l7-46 v7phase-36 v9-35 v7l7-31 v7l7-34 v7l7-41 v7l7-44 v8fix-35 v7l7-32 v7l7-35 v7l7-42 v7l7-45 v7phase-35	-0.386769	-0.151616	0.872868	-0.447387	0.708446
v7l7-34		35	35.30	1.5686	4.800	0.50986	675	0.94377	-1.42086	0.18923	1.59369	-3.49253	15.8750	4.2750	0.0000	28.2750	0.0000	0.0000	6.7416	11.0000	0.2250	1.0000	0.0000	0.2249	4.0750						38.50	-3.20	docs/artifacts/v7l7-34.bak	17	seedtest2-31 v7l7-33 v7l7-36 v7l7-43 v7l7-46 v7phase-36 v9-35 v7l7-31 v7l7-34 v7l7-41 v7l7-44 v8fix-35 v7l7-32 v7l7-35 v7l7-42 v7l7-45 v7phase-35	-0.386558	-0.151757	0.871888	-0.447737	0.707900
v7l7-41		35	35.30	1.5686	4.800	0.50986	676	0.59700	-1.94168	0.85209	-1.98404	-0.19674	15.8750	4.2750	0.0000	28.2750	0.0000	0.0000	6.7416	11.0000	0.2250	1.0000	0.0000	0.2249	4.0750						38.50	-3.20	docs/artifacts/v7l7-41.bak	17	seedtest2-31 v7l7-33 v7l7-36 v7l7-43 v7l7-46 v7phase-36 v9-35 v7l7-31 v7l7-34 v7l7-41 v7l7-44 v8fix-35 v7l7-32 v7l7-35 v7l7-42 v7l7-45 v7phase-35	-0.386352	-0.151894	0.870924	-0.448080	0.707349
v7l7-44		35	35.30	1.5686	4.800	0.50986	677	0.34278	-1.33976	0.47288	-1.36083	-0.31245	15.8750	4.2750	0.0000	28.2750	0.0000	0.0000	6.7416	11.0000	0.2250	1.0000	0.0000	0.2249	4.0750						38.50	-3.20	docs/artifacts/v7l7-44.bak	17	seedtest2-31 v7l7-33 v7l7-36 v7l7-43 v7l7-46 v7phase-36 v9-35 v7l7-31 v7l7-34 v7l7-41 v7l7-44 v8fix-35 v7l7-32 v7l7-35 v7l7-42 v7l7-45 v7phase-35	-0.386151	-0.152025	0.869994	-0.448409	0.706810
v7m2_noBead-31		31	42.10	0.9733	2.647	0.51833	643	-0.95962	0.68267	-0.98356	0.57258	0.81982	14.3000	0.0000	0.0000	29.0500	0.0000	0.0000	4.7059	4.0000	0.0000	0.0000	0.0000	0.2770	10.0500						45.50	-3.40	docs/artifacts/v7m2_noBead-31.bak	2	v7m2_noBead-31 v7m_noBead-31	-0.290940	-0.041213	0.757948	-0.250812	0.336190
v7m2_noBead-34		32	26.20	1.3323	3.790	0.39523	832	0.26186	0.98752	0.10569	1.10412	-0.18404	13.4750	0.0000	0.0000	28.8250	0.0000	0.0000	20.8333	6.0000	0.0000	0.0000	0.3333	0.2980	0.0000						25.60	0.60	docs/artifacts/v7m2_noBead-34.bak	10	v7m2_noBead-33 v7m2_noBead-36 v7m2_noTarget-33 v7m2_noBead-34 v7m2_noTarget-31 v7m2_noTarget-34 v7m2_noBead-32 v7m2_noBead-35 v7m2_noTarget-32 v7m_noBead-32	-0.040868	1.000000	0.713627	-0.081653	0.605295
v7m2_noEffects-31		36	44.00	1.5595	4.756	0.59595	425	0.13366	-0.92526	0.36197	-0.99436	0.24439	16.7000	4.7500	0.0250	18.0250	0.0000	0.0000	5.3763	8.0000	0.0000	0.0000	0.0000	0.3233	1.0000						44.40	-0.40	docs/artifacts/v7m2_noEffects-31.bak	3	v7m2_noTarget-36 v7m2_noEffects-31 v7m2_noEffects-32	0.455075	0.101310	-0.022484	-0.072189	-0.015768
v7m2_noEffects-34		33	42.00	1.1747	3.237	0.53747	607	0.03864	0.55159	-0.00389	0.56449	0.04576	14.2250	0.0500	7.4000	18.1500	0.0000	0.0000	10.6383	5.0000	0.0000	0.0000	0.0000	0.3158	1.0000						42.40	-0.40	docs/artifacts/v7m2_noEffects-34.bak	4	v7m2_noEffects-33 v7m2_noEffects-36 v7m2_noEffects-34 v7m2_noEffects-35	0.228288	0.508405	0.362295	-0.083227	0.119548
v7m2_noTarget-31		32	26.20	1.3323	3.790	0.39523	833	0.36015	1.11981	0.09311	1.26649	-0.30198	13.4750	0.0000	0.0000	28.8250	0.0000	0.0000	20.8333	6.0000	0.0000	0.0000	0.3333	0.2980	0.0000						25.60	0.60	docs/artifacts/v7m2_noTarget-31.bak	10	v7m2_noBead-33 v7m2_noBead-36 v7m2_noTarget-33 v7m2_noBead-34 v7m2_noTarget-31 v7m2_noTarget-34 v7m2_noBead-32 v7m2_noBead-35 v7m2_noTarget-32 v7m_noBead-32	-0.040422	1.000529	0.713862	-0.082272	0.605442
v7m2_noTarget-34		32	26.20	1.3323	3.790	0.39523	834	0.31058	1.07281	0.12544	1.21122	-0.25135	13.4750	0.0000	0.0000	28.8250	0.0000	0.0000	20.8333	6.0000	0.0000	0.0000	0.3333	0.2980	0.0000						25.60	0.60	docs/artifacts/v7m2_noTarget-34.bak	10	v7m2_noBead-33 v7m2_noBead-36 v7m2_noTarget-33 v7m2_noBead-34 v7m2_noTarget-31 v7m2_noTarget-34 v7m2_noBead-32 v7m2_noBead-35 v7m2_noTarget-32 v7m_noBead-32	-0.040305	1.000910	0.714096	-0.082665	0.605330
v7m_noBead-31		31	42.10	0.9733	2.647	0.51833	644	-0.94657	0.64558	-0.98745	0.54917	0.77274	14.3000	0.0000	0.0000	29.0500	0.0000	0.0000	4.7059	4.0000	0.0000	0.0000	0.0000	0.2770	10.0500						45.50	-3.40	docs/artifacts/v7m_noBead-31.bak	2	v7m2_noBead-31 v7m_noBead-31	-0.291168	-0.041875	0.758314	-0.250580	0.337650
v7n1-82		82	51.70	1.2409	3.459	0.64109	269	-0.43858	0.30318	-0.57239	0.26293	0.18186	14.8500	0.1000	0.0250	40.7000	0.0000	0.0000	21.7949	10.0000	0.0500	1.0000	0.0000	0.2650	14.8500						50.20	1.50	docs/artifacts/v7n1-82.bak	1		-0.447767	-0.145816	0.935693	-0.381865	0.731201
v7new1-81		81	55.30	0.8543	2.350	0.63843	282	-0.97130	0.21131	-1.09351	0.16153	0.38598	14.9000	0.1500	0.0000	40.3500	0.0000	0.0000	10.0000	6.0000	0.1000	0.6667	0.0000	0.2647	17.1750						57.20	-1.90	docs/artifacts/v7new1-81.bak	1		-0.283043	-0.150438	0.923229	-0.407899	0.565435
v7new1-92		92	57.50	1.0402	2.830	0.67902	171	-0.62618	0.94346	-0.75154	0.90893	0.52863	15.0000	0.0000	0.0000	39.0000	0.0000	0.0000	11.7647	3.0000	0.0000	0.0000	0.0000	0.3875	0.0000						57.80	-0.30	docs/artifacts/v7new1-92.bak	1		0.109839	-0.038572	0.580192	-0.463597	0.795934
v7new2-81		81	50.60	1.0433	2.839	0.61033	370	-0.77167	0.79454	-1.01465	0.71226	0.40786	14.6250	0.0000	0.0000	39.1250	0.0000	0.0000	8.2192	8.0000	0.0000	0.0000	0.0000	0.2598	0.0000						49.60	1.00	docs/artifacts/v7new2-81.bak	2	v7new2-81 v7new3-81	0.366844	0.044796	0.344252	-0.388752	0.971214
v7new2-92		92	44.70	0.8206	2.272	0.52906	618	-0.70280	0.59603	-0.73091	0.51785	0.61535	14.1750	0.0000	0.0000	18.5500	0.0000	0.0000	6.6667	8.0000	0.0000	0.0000	0.0000	0.2667	1.1250						43.00	1.70	docs/artifacts/v7new2-92.bak	2	v7new2-92 v7new3-92	0.394535	0.023244	0.296845	-0.415257	0.991075
v7new3-81		81	50.60	1.0433	2.839	0.61033	371	-0.74339	0.77021	-1.01213	0.69919	0.34807	14.6250	0.0000	0.0000	39.1250	0.0000	0.0000	8.2192	8.0000	0.0000	0.0000	0.0000	0.2598	0.0000						49.60	1.00	docs/artifacts/v7new3-81.bak	2	v7new2-81 v7new3-81	-0.411939	-0.041359	0.593056	-0.993212	0.532315
v7new3-92		92	44.70	0.8206	2.272	0.52906	619	-0.72434	0.58925	-0.74986	0.51898	0.62584	14.1750	0.0000	0.0000	18.5500	0.0000	0.0000	6.6667	8.0000	0.0000	0.0000	0.0000	0.2667	1.1250						43.00	1.70	docs/artifacts/v7new3-92.bak	2	v7new2-92 v7new3-92	0.394489	0.023206	0.297006	-0.415390	0.991223
v7new4-81		81	60.10	0.4915	1.635	0.65015	239	-0.61805	0.29146	-0.81711	0.31732	0.13694	15.0000	0.0000	0.0000	45.0000	0.0000	0.0000	10.9756	3.0000	0.2500	1.0000	0.0000	0.2660	16.0500						58.10	2.00	docs/artifacts/v7new4-81.bak	1		0.217221	-0.136652	0.890702	-0.699812	0.572477
v7new4-92		92	44.70	0.0532	1.055	0.45232	770	-1.54675	0.66093	-1.43369	0.43069	1.39656	14.5750	0.0000	0.0000	37.6250	0.0000	0.0000	13.7500	2.0000	0.0000	0.0000	0.0000	0.2734	20.0000						50.90	-6.20	docs/artifacts/v7new4-92.bak	1		0.297772	0.053223	0.413683	-0.411818	0.839088
v7new5_005-81		81	46.20	1.1904	3.288	0.58104	470	-0.05244	0.27489	0.02422	0.27543	0.37614	14.1250	0.0000	0.0000	18.4500	0.0000	0.0000	8.6022	4.0000	9.5750	0.9478	0.0000	0.4298	18.0000	90.9375	0.4514	6+2-	91.5972		48.10	-1.90	docs/artifacts/v7new5_005-81.bak	1		0.140059	0.488186	0.497625	-0.368733	0.499784
v7new5_005-92		92	49.80	1.4990	4.477	0.64790	246	0.12997	-0.79508	0.28415	-0.80672	0.06881	15.8000	11.9500	0.0000	18.8750	0.0000	0.0000	25.2525	14.0000	0.0250	0.0000	0.0000	0.1343	0.9000						48.10	1.70	docs/artifacts/v7new5_005-92.bak	1		0.840353	0.155674	0.407102	-0.724837	0.969530
v7new5_01-81		81	53.20	1.2731	3.572	0.65931	219	-0.19790	-0.21894	-0.15082	-0.26609	0.19179	14.8750	0.1000	0.0000	39.3750	0.0000	0.0000	14.1026	11.0000	0.0000	0.0000	0.0000	0.2667	4.5500						47.90	5.30	docs/artifacts/v7new5_01-81.bak	1		0.141874	0.123910	0.583877	-0.551767	0.605521
v7new5_01-92		92	51.20	1.3550	3.877	0.64750	248	-0.09684	0.38120	-0.02527	0.35194	0.06351	13.8250	0.0000	0.0000	32.2750	0.0000	0.0000	14.2857	7.0000	0.0000	0.0000	0.1412	0.2424	18.0250						50.10	1.10	docs/artifacts/v7new5_01-92.bak	1		0.231126	0.142565	0.418307	-0.591535	0.671205
v7new6-94	历代上槽	94	49.30	1.6650	5.285	0.65950	218	0.06884	-0.95279	0.30581	-1.00415	0.18059	16.0750	11.1500	0.0000	23.7000	0.0000	0.0000	11.3402	9.0000	0.6000	0.8095	0.0000	0.2985	18.0750						49.00	0.30	docs/artifacts/v7new6-94.bak	1		0.072250	-0.113024	0.669378	-0.410095	0.880193
v7new6-97		97	47.10	1.0350	2.815	0.57450	499	-0.58934	0.87088	-0.62535	0.82269	0.66406	14.7750	0.0000	0.0000	36.5500	0.0000	0.0000	12.5000	3.0000	0.0000	0.0000	0.0000	0.3474	1.0000						49.20	-2.10	docs/artifacts/v7new6-97.bak	1		0.120312	-0.031580	0.584188	-0.484472	0.785403
v7noteach1-31		31	51.40	0.7985	2.222	0.59385	433	-0.60698	-0.09596	-0.80415	-0.07429	-0.10326	14.6500	0.0000	0.0000	33.4750	0.0000	0.0000	17.7419	8.0000	11.2000	0.9554	0.0000	0.2674	3.0250						49.50	1.90	docs/artifacts/v7noteach1-31.bak	1		-0.411515	-0.041336	0.592864	-0.993464	0.532764
v7noteach1-91		91	51.40	0.7154	2.045	0.58554	452	-1.15059	0.62544	-1.22289	0.50992	0.84479	14.9000	0.0000	0.0000	37.7000	0.0000	0.0000	8.4507	3.0000	0.0000	0.0000	0.0000	0.2877	17.9750						54.00	-2.60	docs/artifacts/v7noteach1-91.bak	1		0.029373	0.905589	0.632840	-0.001234	0.746465
v7phase-31		32	59.60	1.0315	2.805	0.69915	116	-0.20278	0.53686	-0.18460	0.51110	0.38839	14.2250	0.0000	0.0000	21.8000	0.0000	0.0000	15.7895	4.0000	0.0250	1.0000	0.0000	0.3636	0.0000						55.20	4.40	docs/artifacts/v7phase-31.bak	9	v7phase-33 v7salt-32 v7salt-35 v7phase-31 v7phase-34 v7salt-33 v7salt-36 v7phase-32 v7salt-34	0.846428	0.167552	0.429867	-0.737292	0.970506
v7phase-34		32	59.60	1.0315	2.805	0.69915	117	-0.19451	0.48608	-0.17594	0.43315	0.41167	14.2250	0.0000	0.0000	21.8000	0.0000	0.0000	15.7895	4.0000	0.0250	1.0000	0.0000	0.3636	0.0000						55.20	4.40	docs/artifacts/v7phase-34.bak	9	v7phase-33 v7salt-32 v7salt-35 v7phase-31 v7phase-34 v7salt-33 v7salt-36 v7phase-32 v7salt-34	0.846944	0.167764	0.430739	-0.736882	0.970628
v7press-36	历代上槽	36	40.00	1.7587	5.805	0.57587	496	0.26611	0.77352	0.15611	0.86300	-0.16064	14.3000	0.0000	0.0000	33.2000	0.0000	0.0000	15.2941	13.0000	0.0000	0.0000	0.4875	0.3846	0.0000						40.00	0.00	docs/artifacts/v7press-36.bak	1		0.256283	0.103799	0.417783	-0.519950	0.722263
v7press1-82		82	42.90	2.2527	9.513	0.65427	229	-3.43537	0.66234	-0.45769	-0.37106	4.55731	13.9500	0.2750	0.0000	26.2500	0.0000	0.0000	16.0000	15.0000	0.2250	1.0000	0.2500	0.2464	18.3750						44.40	-1.50	docs/artifacts/v7press1-82.bak	1		-0.366872	-0.171976	0.860604	-0.403837	0.698977
v7press1-93		93	50.40	0.6670	1.948	0.57070	510	-1.12516	0.59312	-0.86836	0.39013	1.13665	14.4000	0.0000	0.1500	36.0250	0.0000	0.0000	12.3596	6.0000	0.0000	0.0000	0.0000	0.2730	18.0750						49.80	0.60	docs/artifacts/v7press1-93.bak	1		0.080602	0.007760	0.457571	-0.437527	0.804944
v7press2-82		82	52.00	1.3090	3.702	0.65090	238	-0.80318	0.44021	-0.81846	0.34161	0.63409	14.7500	0.0000	0.2500	34.8000	0.0000	0.0000	19.6970	7.0000	0.0000	0.0000	0.0000	0.2790	17.9250						53.00	-1.00	docs/artifacts/v7press2-82.bak	1		0.157876	0.024681	0.571204	-0.691689	0.624841
v7press2-93		93	39.90	0.9288	2.531	0.49188	715	-0.98090	0.06122	-0.96001	-0.04181	0.54382	14.3250	0.0500	0.0000	44.0500	0.0000	0.0000	8.1395	7.0000	0.4000	1.0000	0.0000	0.2473	19.6000						41.30	-1.40	docs/artifacts/v7press2-93.bak	1		-0.293866	-0.157026	0.910425	-0.389615	0.583979
v7press3-82		82	61.30	1.2726	3.570	0.74026	31	-0.09732	0.58111	-0.13222	0.58871	0.16683	13.9250	0.0000	0.0500	29.4250	0.0000	0.0000	6.5934	9.0000	0.0000	0.0000	0.0229	0.3163	0.0000						57.80	3.50	docs/artifacts/v7press3-82.bak	2	v7ws1-82 v7press3-82	-0.529672	0.188275	0.122587	-0.075308	-0.479434
v7press3-93		93	45.10	1.1007	3.006	0.56107	543	-0.50794	0.25728	-0.48081	-0.02126	0.46286	14.1000	0.0000	0.0000	33.0750	0.0000	0.0000	11.4943	12.0000	34.9750	0.9256	0.0000	0.3526	2.6500						42.90	2.20	docs/artifacts/v7press3-93.bak	2	v7ws1-93 v7press3-93	0.106817	-0.079167	0.594674	-0.436852	0.866644
v7protoE-82		82	45.30	1.2628	3.535	0.57928	480	-0.62731	0.07823	-0.79455	0.10605	0.01784	14.5000	0.0000	0.0000	30.7250	0.0000	0.0000	15.8537	6.0000	9.2250	0.9837	0.0000	0.3050	2.7250						50.00	-4.70	docs/artifacts/v7protoE-82.bak	1		0.110521	0.876997	0.128247	-0.127666	0.798242
v7r3-46		46	40.60	1.7001	5.475	0.57601	495	-1.61414	-0.49708	-0.22273	-0.69918	1.69923	14.7750	4.4000	0.4750	21.7750	0.0000	0.0000	5.3191	11.0000	0.0000	0.0000	0.2500	0.2438	11.8750						39.30	1.30	docs/artifacts/v7r3-46.bak	1		0.169240	0.076095	0.559779	-0.601769	0.625096
v7rand-33		33	46.50	1.1486	3.154	0.57986	476	1.47457	-2.21816	1.10306	-1.81558	-2.74709	14.8500	4.0000	0.1500	28.3500	0.0000	0.0000	8.8889	10.0000	6.5250	0.9458	0.0000	0.2799	16.5500						44.50	2.00	docs/artifacts/v7rand-33.bak	4	v7rand-35 v7rand-33 v7rand-36 v7rand-34	-0.502413	-0.089180	0.777745	-0.845375	0.457313
v7rand-36		33	46.50	1.1486	3.154	0.57986	477	2.40326	0.77741	2.77563	0.03369	1.58866	14.8500	4.0000	0.1500	28.3500	0.0000	0.0000	8.8889	10.0000	6.5250	0.9458	0.0000	0.2799	16.5500						44.50	2.00	docs/artifacts/v7rand-36.bak	4	v7rand-35 v7rand-33 v7rand-36 v7rand-34	-0.502435	-0.089402	0.778050	-0.845397	0.457508
v7rb1-92		92	41.00	1.7304	5.643	0.58304	458	0.35812	0.05662	0.15944	0.17144	-0.64101	14.3250	4.0500	0.1750	33.4000	0.0000	0.0000	20.0000	11.0000	0.0250	0.0000	0.2375	0.2007	0.0000						39.90	1.10	docs/artifacts/v7rb1-92.bak	1		0.855729	0.132216	0.398529	-0.676631	0.944466
v7rb2-92		92	50.80	1.9486	7.019	0.70286	100	0.28226	-0.13004	0.01875	-0.04492	-0.80804	14.2750	0.0000	0.2750	29.1000	0.0000	0.0000	11.6279	15.0000	0.1000	1.0000	0.6125	0.1978	12.0000						47.00	3.80	docs/artifacts/v7rb2-92.bak	1		-0.333050	-0.229597	0.810816	-0.423183	0.807000
v7ringA1-81		81	41.80	0.8179	2.266	0.49979	703	-0.75671	0.58699	-0.77650	0.49485	0.64998	14.2250	0.0000	0.0000	32.6750	0.0000	0.0000	19.7917	6.0000	0.0000	0.0000	0.0000	0.2920	18.8750						50.40	-8.60	docs/artifacts/v7ringA1-81.bak	1		0.091606	0.887484	0.137538	-0.118546	0.799638
v7ringA1-92		92	41.00	0.6877	1.989	0.47877	734	-0.88249	0.34630	-0.81085	0.21284	0.72618	14.7250	0.0000	0.0000	37.4750	0.0000	0.0000	16.2500	6.0000	0.0000	0.0000	0.0189	0.2599	18.0250						50.00	-9.00	docs/artifacts/v7ringA1-92.bak	1		0.182576	0.032233	0.547481	-0.687923	0.660916
v7ringB1-81		81	43.20	1.3983	4.048	0.57183	506	0.05975	-0.44604	-0.14903	-0.37716	-0.60470	15.0000	0.6500	1.4250	31.9750	0.0000	0.0000	9.1954	10.0000	24.2250	0.7259	0.0000	0.2857	18.8750	71.8837	-18.6024	0+8-	73.9583		46.50	-3.30	docs/artifacts/v7ringB1-81.bak	1		-0.035460	0.149778	0.321335	-0.767577	0.468375
v7ringB1-92		92	40.80	0.0828	1.086	0.41628	810	-0.68461	0.69660	-0.81367	0.68166	0.44783	14.7750	0.0000	0.0000	45.0500	0.0000	0.0000	12.3596	3.0000	0.0000	0.0000	0.0000	0.2867	7.5250						48.00	-7.20	docs/artifacts/v7ringB1-92.bak	1		-0.107208	-0.113801	0.697775	-0.646773	0.532980
v7ringT-81		81	28.20	0.8893	2.434	0.37093	861	1.02207	0.11996	0.79434	0.25601	-1.20605	13.8000	0.0000	0.0000	29.4000	0.0000	0.0000	6.3158	5.0000	0.0000	0.0000	0.1498	0.3668	0.0000						27.90	0.30	docs/artifacts/v7ringT-81.bak	4	v7ringT-81 v7ringT2-81 v7ctrlE-81 v7roleC-81	-0.032264	1.042284	0.735382	-0.144017	0.550338
v7ringT-92		92	59.30	0.2243	1.251	0.61543	351	-1.26601	0.64782	-1.27455	0.47353	1.05015	14.7750	0.0000	0.0000	37.5750	0.0000	0.0000	13.8462	2.0000	0.0000	0.0000	0.0000	0.2878	18.0000						63.30	-4.00	docs/artifacts/v7ringT-92.bak	3	v7ringT-92 v7ringT2-92 v7roleC-92	0.046292	0.927657	0.638680	-0.021199	0.790367
v7ringT2-81		81	28.20	0.8893	2.434	0.37093	862	1.07511	0.16548	0.85892	0.27527	-1.16653	13.8000	0.0000	0.0000	29.4000	0.0000	0.0000	6.3158	5.0000	0.0000	0.0000	0.1498	0.3668	0.0000						27.90	0.30	docs/artifacts/v7ringT2-81.bak	4	v7ringT-81 v7ringT2-81 v7ctrlE-81 v7roleC-81	-0.032210	1.042591	0.735563	-0.144106	0.550519
v7ringT2-92		92	59.30	0.2243	1.251	0.61543	352	-1.25364	0.60749	-1.24828	0.43494	1.03447	14.7750	0.0000	0.0000	37.5750	0.0000	0.0000	13.8462	2.0000	0.0000	0.0000	0.0000	0.2878	18.0000						63.30	-4.00	docs/artifacts/v7ringT2-92.bak	3	v7ringT-92 v7ringT2-92 v7roleC-92	0.046459	0.927949	0.638794	-0.021545	0.790689
v7ringT3-81		81	49.20	0.9919	2.696	0.59119	437	-0.87420	0.83554	-0.77922	0.69609	1.03137	14.2750	0.0000	0.0000	26.1750	0.0000	0.0000	11.4943	3.0000	0.0000	0.0000	0.0000	0.3970	16.2250						49.10	0.10	docs/artifacts/v7ringT3-81.bak	1		0.103365	-0.042109	0.571584	-0.443866	0.796714
v7ringT3-92		92	51.20	0.0205	1.021	0.51405	658	-1.29812	0.64292	-1.26318	0.47432	1.12536	14.8250	0.0000	0.0000	30.9750	0.0000	0.0000	12.5000	2.0000	0.0000	0.0000	0.0000	0.2929	18.1500						53.90	-2.70	docs/artifacts/v7ringT3-92.bak	1		0.080849	0.927022	0.616488	-0.031549	0.849203
v7role1-81		81	54.00	1.6305	5.106	0.70305	98	-0.23181	-0.47036	-0.38603	-0.42771	-0.50534	14.2750	0.1000	0.0000	27.9750	0.0000	0.0000	8.2353	14.0000	3.6500	0.7899	0.0000	0.3356	15.6750						50.60	3.40	docs/artifacts/v7role1-81.bak	1		-0.397850	-0.206655	0.798281	-0.398096	0.650044
v7role1-92		92	51.10	0.5583	1.748	0.56683	526	-0.53626	1.14851	-0.90675	1.08263	0.25641	14.8250	0.0000	0.0000	43.9000	0.0000	0.0000	10.8434	3.0000	0.0000	0.0000	0.0000	0.2764	18.4250						53.30	-2.20	docs/artifacts/v7role1-92.bak	1		0.232555	-0.123685	0.869565	-0.731007	0.581831
v7role12-94		94	47.40	1.9759	7.213	0.67159	192	0.08629	-0.17439	-0.20057	-0.05014	-0.77740	14.6500	0.0000	1.3750	40.3250	0.0000	0.0000	8.5366	15.0000	1.4000	0.9821	0.2437	0.1727	18.0250						50.60	-3.20	docs/artifacts/v7role12-94.bak	1		-0.469222	-0.013973	0.628448	-0.883838	0.434605
v7role1w-31		31	56.00	0.7160	2.046	0.63160	308	-1.47237	0.56971	-1.37818	0.36346	1.24047	14.8500	0.0000	0.0000	36.3000	0.0000	0.0000	13.1579	3.0000	0.0000	0.0000	0.0000	0.2878	19.6500						58.70	-2.70	docs/artifacts/v7role1w-31.bak	1		0.052227	0.928817	0.634774	-0.030377	0.799615
v7role1w-91		91	50.20	1.2477	3.482	0.62677	319	-0.79109	0.18908	-0.32250	0.09090	0.78933	14.2000	0.0000	0.5000	33.6000	0.0000	0.0000	10.7527	8.0000	0.0000	0.0000	0.1321	0.2590	18.0250						51.10	-0.90	docs/artifacts/v7role1w-91.bak	1		0.407049	0.001378	0.254907	-0.427722	1.013185
v7role5-31		31	45.60	0.8484	2.336	0.54084	597	-1.00144	0.80052	-0.94990	0.65198	1.02138	14.1750	0.0000	0.0000	28.2000	0.0000	0.0000	13.9785	3.0000	0.0000	0.0000	0.0000	0.2937	17.8750						45.00	0.60	docs/artifacts/v7role5-31.bak	1		0.001893	0.969841	0.681777	-0.058968	0.690482
v7role5-91		91	50.50	1.0590	2.883	0.61090	365	-0.56288	-0.36038	-0.75823	-0.33085	-0.27498	14.5000	0.0000	0.0000	33.8500	0.0000	0.0000	13.6364	9.0000	5.8500	1.0000	0.0000	0.2766	18.0250						50.80	-0.30	docs/artifacts/v7role5-91.bak	1		0.331152	0.043013	0.372100	-0.409521	0.913952
v7roleC-31		31	43.50	0.0000	1.000	0.43500	795	-1.17162	-0.30312	-1.37344	-0.33145	0.14653	15.0000	0.0000	0.0000	47.0000	0.0000	0.0000	0.0000	1.0000	110.0000	1.0000	0.0000	0.2819	19.3750						47.50	-4.00	docs/artifacts/v7roleC-31.bak	5	v7ringT-31 v7ringT2-31 v7ctrlE-31 v7roleC-31 v7roleC2-31	-0.139035	-0.124938	0.746509	-0.643399	0.581654
v7roleC-91		91	43.50	0.6192	1.858	0.49692	712	-0.27283	0.88100	-0.26634	0.84547	0.52463	14.6750	0.0000	0.0000	33.2000	0.0000	0.0000	10.7143	3.0000	0.0000	0.0000	0.0000	0.4069	0.0000						46.60	-3.10	docs/artifacts/v7roleC-91.bak	3	v7ringT-91 v7ringT2-91 v7roleC-91	0.270918	-0.069547	0.534892	-0.846711	0.622600
v7roleC2-31		31	43.50	0.0000	1.000	0.43500	796	-1.24986	-0.28141	-1.43487	-0.31758	0.20616	15.0000	0.0000	0.0000	47.0000	0.0000	0.0000	0.0000	1.0000	110.0000	1.0000	0.0000	0.2819	19.3750						47.50	-4.00	docs/artifacts/v7roleC2-31.bak	5	v7ringT-31 v7ringT2-31 v7ctrlE-31 v7roleC-31 v7roleC2-31	-0.138906	-0.125073	0.746738	-0.643559	0.581817
v7roleC2-96		96	43.80	0.7796	2.181	0.51596	650	-0.88250	0.76137	-1.02842	0.66866	0.62263	14.7750	0.0000	0.0000	33.3250	0.0000	0.0000	9.5890	3.0000	0.0000	0.0000	0.0000	0.1103	0.0000						43.90	-0.10	docs/artifacts/v7roleC2-96.bak	1		0.268616	-0.064713	0.532483	-0.840276	0.628419
v7s4-93		93	43.90	1.1440	3.139	0.55340	573	0.33784	-1.14608	0.40150	-1.15874	-0.38522	15.0250	0.6500	0.0000	30.9750	0.0000	0.0000	14.4444	9.0000	15.4750	0.8976	0.0375	0.3278	9.1250						43.20	0.70	docs/artifacts/v7s4-93.bak	1		0.318602	0.140466	0.281633	-0.537314	0.744729
v7s5-93		93	53.10	1.8137	6.133	0.71237	82	0.31967	0.18703	0.16283	0.27019	-0.49050	14.1750	0.0000	4.6750	24.2250	0.0000	0.0000	11.3636	7.0000	0.0250	1.0000	0.0703	0.2884	1.0000						55.70	-2.60	docs/artifacts/v7s5-93.bak	1		0.149127	0.831565	0.593584	-0.148244	0.799140
v7s6-93		93	42.70	1.1431	3.137	0.54131	595	0.10080	0.58728	0.03235	0.63129	-0.00137	14.7250	0.0000	0.1250	37.8000	0.0000	0.0000	7.1429	7.0000	0.0250	1.0000	0.0198	0.4192	0.0000						44.60	-1.90	docs/artifacts/v7s6-93.bak	1		0.215704	0.015467	0.526437	-0.720623	0.749366
v7s7-93		93	43.70	0.8360	2.307	0.52060	639	-0.76080	0.24709	-0.88400	0.15932	0.42501	14.5250	0.0000	0.0750	40.3750	0.0000	0.0000	18.7500	9.0000	0.0000	0.0000	0.1761	0.2047	19.3500						44.90	-1.20	docs/artifacts/v7s7-93.bak	1		0.367070	0.053591	0.355191	-0.380389	0.981036
v7s8-93		93	43.70	2.0385	7.679	0.64085	270	0.18950	-0.18354	-0.06327	-0.06927	-0.69031	14.3750	0.5500	4.8500	26.3250	0.0000	0.0000	12.2449	11.0000	0.9250	0.8919	0.0300	0.2057	10.5250						44.50	-0.80	docs/artifacts/v7s8-93.bak	1		-0.336955	-0.215374	0.770142	-0.412662	0.773292
v7s9-93		93	49.80	1.8284	6.224	0.68084	166	0.11480	-0.08364	-0.00681	-0.00504	-0.43236	14.5000	0.2000	0.2500	32.5250	0.0000	0.0000	13.6364	11.0000	0.0000	0.0000	0.0755	0.2283	15.4250						54.20	-4.40	docs/artifacts/v7s9-93.bak	1		0.289282	0.106785	0.377042	-0.534741	0.795133
v7salt-33		32	59.60	1.0315	2.805	0.69915	118	-0.15833	0.33101	-0.10724	0.27332	0.35039	14.2250	0.0000	0.0000	21.8000	0.0000	0.0000	15.7895	4.0000	0.0250	1.0000	0.0000	0.3636	0.0000						55.20	4.40	docs/artifacts/v7salt-33.bak	9	v7phase-33 v7salt-32 v7salt-35 v7phase-31 v7phase-34 v7salt-33 v7salt-36 v7phase-32 v7salt-34	0.860367	0.174599	0.457298	-0.727965	0.966612
v7salt-36		32	59.60	1.0315	2.805	0.69915	119	0.21565	0.40417	0.38988	0.26931	0.34720	14.2250	0.0000	0.0000	21.8000	0.0000	0.0000	15.7895	4.0000	0.0250	1.0000	0.0000	0.3636	0.0000						55.20	4.40	docs/artifacts/v7salt-36.bak	9	v7phase-33 v7salt-32 v7salt-35 v7phase-31 v7phase-34 v7salt-33 v7salt-36 v7phase-32 v7salt-34	0.860715	0.174798	0.457901	-0.728108	0.966962
v7seat2-46		46	45.50	1.0560	2.875	0.56060	548	0.19399	0.01964	0.00068	0.13155	-0.55853	14.1000	0.0000	5.2500	22.1000	0.0000	0.0000	4.0816	11.0000	0.0000	0.0000	0.0099	0.2509	14.7250						42.70	2.80	docs/artifacts/v7seat2-46.bak	1		0.225447	0.069126	0.491342	-0.505827	0.673603
v7seat2-51		51	49.40	1.4150	4.116	0.63550	296	0.09136	-0.29735	-0.01230	-0.23123	-0.45153	14.0250	1.0500	1.3000	26.4000	0.0000	0.0000	7.0707	14.0000	1.0750	0.8837	0.0000	0.2222	0.0000						50.80	-1.40	docs/artifacts/v7seat2-51.bak	1		-0.379207	-0.195273	0.798736	-0.422627	0.678816
v7seat24-82		82	55.00	1.7955	6.023	0.72955	59	0.36726	-0.03068	0.13014	0.07229	-0.77729	14.1500	0.0000	0.1250	35.8750	0.0000	0.0000	11.9565	10.0000	0.2250	1.0000	0.1401	0.2337	16.2500						52.60	2.40	docs/artifacts/v7seat24-82.bak	1		-0.277805	-0.228579	0.706173	-0.437468	0.826079
v7seat24b-92		92	43.80	2.2210	9.217	0.66010	214	1.38948	-1.65709	1.80337	-1.64677	0.44626	14.7750	0.0500	0.0250	41.6500	0.0000	0.0000	2.8571	16.0000	12.5000	0.9617	0.1829	0.1636	0.0000						46.60	-2.80	docs/artifacts/v7seat24b-92.bak	1		0.156089	0.103680	0.642775	-0.532324	0.634088
v7stock1-31		31	59.30	0.9571	2.604	0.68871	148	-0.97187	-0.01967	-1.07844	-0.07038	0.30895	14.8750	0.0000	0.0000	37.0000	0.0000	0.0000	6.4935	4.0000	0.3250	0.9231	0.0000	0.2664	18.0000						61.50	-2.20	docs/artifacts/v7stock1-31.bak	1		-0.176383	-0.146849	0.774254	-0.608577	0.640549
v7stock1-91		91	44.30	0.4507	1.569	0.48807	719	-0.79021	0.10361	-0.68862	0.02048	0.49111	14.7500	0.0000	0.0000	33.4250	0.0000	0.0000	10.2564	8.0000	0.4000	1.0000	0.0000	0.3066	20.0000						47.10	-2.80	docs/artifacts/v7stock1-91.bak	1		0.346458	-0.053602	0.555747	-0.950238	0.593780
v7stock2-31		31	55.90	1.0272	2.793	0.66172	209	-0.75938	-0.43538	-1.04273	-0.41874	-0.30551	14.5750	0.0000	0.0000	38.6250	0.0000	0.0000	7.5758	4.0000	27.0500	0.5222	0.0000	0.3897	0.0750						56.80	-0.90	docs/artifacts/v7stock2-31.bak	3	v7f35t-31 v7stock2-31 v7f35b-31	0.289668	0.252536	0.575133	-0.321990	0.588198
v7stock2-91		91	51.50	0.4105	1.508	0.55605	563	-0.65159	-0.12893	-0.78262	-0.12639	0.01067	14.7750	0.0000	0.0000	32.0750	0.0000	0.0000	12.5000	5.0000	0.1250	1.0000	0.0000	0.2680	14.5500						51.40	0.10	docs/artifacts/v7stock2-91.bak	2	v7f35t-91 v7stock2-91	-0.174439	-0.164075	0.762518	-0.614385	0.683238
v7sub1-31		31	48.10	1.0724	2.922	0.58824	446	-0.57523	-0.14082	-0.73890	-0.13293	-0.08161	14.5250	0.0000	0.0000	32.5250	0.0000	0.0000	11.1111	5.0000	13.7000	0.9653	0.0000	0.3772	16.8750						49.10	-1.00	docs/artifacts/v7sub1-31.bak	1		0.114426	-0.085698	0.573421	-0.428227	0.888416
v7sub1-91		91	47.90	0.9922	2.697	0.57822	483	-0.66726	0.87691	-0.62022	0.80595	0.78880	13.3000	0.0000	0.0000	26.8500	0.0000	0.0000	10.7527	4.0000	0.0000	0.0000	0.0000	0.2707	18.6500						45.10	2.80	docs/artifacts/v7sub1-91.bak	1		0.232615	-0.124996	0.868826	-0.733762	0.583637
v7t1-31		31	60.30	1.2586	3.520	0.72886	61	-0.27855	0.22272	-0.20512	0.15940	0.37602	14.5000	0.9500	0.0000	26.4250	0.0000	0.0000	14.2857	8.0000	0.0000	0.0000	0.0187	0.3862	16.9000	97.8299	7.3438	8+0-	97.0833		51.80	8.50	docs/artifacts/v7t1-31.bak	1		0.379600	0.063854	0.357109	-0.360096	1.014288
v7t2-31		31	48.60	1.9699	7.170	0.68299	161	0.89895	2.18358	0.56757	1.99618	-1.87796	14.1500	2.3000	0.8750	26.9500	0.0000	0.0000	17.3913	14.0000	0.9000	1.0000	0.2500	0.2030	17.5250	90.9983	0.5122	5+3-	87.8472		45.70	2.90	docs/artifacts/v7t2-31.bak	1		-0.360714	-0.196385	0.794106	-0.421387	0.717351
v7teach-32		32	22.30	1.1994	3.318	0.34294	883	0.15066	0.68426	-0.19333	0.73321	-0.46379	15.0000	0.0000	80.9000	47.0000	0.0000	0.0000	100.0000	6.0000	0.0000	0.0000	0.0000	0.1079	0.0000						21.70	0.60	docs/artifacts/v7teach-32.bak	1		0.190929	-0.010474	0.541968	-0.609669	0.734932
v7teach2-31		31	53.50	1.5997	4.951	0.69497	130	0.25312	-0.39301	0.03836	-0.28822	-0.78843	14.5250	0.0000	1.4000	26.3750	0.0000	0.0000	7.4468	11.0000	3.5250	0.3121	0.0063	0.1857	5.5750						50.90	2.60	docs/artifacts/v7teach2-31.bak	2	v7teach2-31 v7wall-31	0.290660	0.248970	0.596960	-0.319335	0.600114
v7tgt2-31		31	44.30	0.3600	1.433	0.47900	730	-0.48079	0.20603	-0.65792	0.25525	-0.06994	14.6750	0.0000	0.0000	30.8750	0.0000	0.0000	20.3125	3.0000	0.0250	1.0000	0.0000	0.2535	11.8500						43.70	0.60	docs/artifacts/v7tgt2-31.bak	2	v7tgt3-31 v7tgt2-31	0.260944	-0.039271	0.516807	-0.828483	0.693037
v7tgt4-62		62	52.90	1.5950	4.928	0.68850	151	-0.82082	0.63549	-0.70611	0.22993	1.09796	14.1500	0.0000	0.0000	28.3250	0.0000	0.0000	7.0000	12.0000	0.2750	0.7000	0.0000	0.2491	18.0000						55.60	-2.70	docs/artifacts/v7tgt4-62.bak	1		-0.347939	-0.133994	0.821295	-0.502919	0.669906
v7tgt4-66		66	46.10	1.2130	3.364	0.58230	464	-0.59976	0.48016	-0.57212	0.23906	0.62543	14.8750	0.6000	0.0750	36.0000	0.0000	0.0000	8.9888	12.0000	0.0750	1.0000	0.0000	0.2323	16.6000						47.10	-1.00	docs/artifacts/v7tgt4-66.bak	1		0.478045	-0.650780	0.642193	0.334478	-0.404498
v7tgt5-64		64	47.10	1.4588	4.301	0.61688	346	0.13951	0.42161	0.15953	0.45145	-0.14782	14.4000	0.0000	0.0000	28.4000	0.0000	0.0000	18.3908	8.0000	0.0000	0.0000	0.8250	0.2404	12.0000						48.00	-0.90	docs/artifacts/v7tgt5-64.bak	1		0.000321	-0.514282	0.185719	0.805010	-0.126473
v7u1-93		93	56.70	1.8320	6.246	0.75020	18	0.37415	0.22364	0.31552	0.24694	-0.44313	14.3500	0.3500	0.3000	23.8750	0.0000	0.0000	14.5833	10.0000	0.0000	0.0000	0.1444	0.3674	18.0250	86.8489	-3.6372	2+6-	84.4444		56.70	0.00	docs/artifacts/v7u1-93.bak	1		0.149601	-0.434804	0.236679	0.743120	-0.353276
v7w3c-82		82	48.10	1.4361	4.204	0.62461	322	0.20251	-0.94834	0.28139	-0.95134	-0.24805	15.2500	5.5000	0.0000	31.3000	0.0000	0.0000	7.1429	9.0000	12.4250	0.5357	0.0000	0.2563	13.4250						50.00	-1.90	docs/artifacts/v7w3c-82.bak	2	v7w3c-82 v7divK2b-82	0.497293	-0.359655	0.217791	0.497611	-0.371590
v7w3c-93		93	45.00	1.1776	3.247	0.56776	525	-0.09269	-0.11501	0.10024	-0.15825	0.49981	14.8750	4.5000	0.0000	16.0500	0.0000	0.0000	17.0000	6.0000	0.0000	0.0000	0.0000	0.3397	12.2000						45.50	-0.50	docs/artifacts/v7w3c-93.bak	1		0.187898	-0.599031	0.550903	0.811833	-0.253432
v7w3r1-82		82	51.20	1.3700	3.935	0.64900	242	0.53748	0.29660	0.30122	0.45410	-0.69400	13.2500	0.0000	0.3500	26.9000	0.0000	0.0000	15.4639	13.0000	0.0000	0.0000	0.0168	0.2653	1.5750						50.80	0.40	docs/artifacts/v7w3r1-82.bak	1		0.067341	-0.575575	0.516685	0.699325	-0.269085
v7w3r1-93		93	50.80	0.8930	2.442	0.59730	417	-0.53193	0.72103	-0.56450	0.65083	0.54139	14.2500	0.0000	0.0000	29.5750	0.0000	0.0000	12.3596	5.0000	0.0000	0.0000	0.0000	0.2847	0.0000						51.50	-0.70	docs/artifacts/v7w3r1-93.bak	1		0.133749	-0.648228	0.609518	0.739045	-0.381507
v7wall-34		34	40.20	1.7517	5.765	0.57717	494	0.08239	0.72487	-0.74858	0.62276	-0.93958	13.5250	0.0000	19.9000	38.8250	0.0000	0.0000	11.3636	6.0000	0.0000	0.0000	0.1132	0.1705	10.0250						44.50	-4.30	docs/artifacts/v7wall-34.bak	1		0.072670	-0.609665	0.562927	0.725492	-0.203008
v7wall1-81		81	51.90	0.0329	1.033	0.52229	637	-1.13741	0.61686	-1.28019	0.47645	0.76945	14.9000	0.0000	0.0000	38.4750	0.0000	0.0000	13.0435	2.0000	0.0000	0.0000	0.0000	0.2749	16.0750						53.60	-1.70	docs/artifacts/v7wall1-81.bak	1		0.115381	-0.688325	0.661776	0.701583	-0.109152
v7wall1-92		92	50.70	1.0193	2.771	0.60893	376	-0.59971	-0.24151	-0.81804	-0.21171	-0.22229	14.5250	0.0000	0.0000	35.8250	0.0000	0.0000	13.7500	4.0000	17.8750	0.9636	0.0000	0.2790	18.0500						53.80	-3.10	docs/artifacts/v7wall1-92.bak	1		0.070717	-0.671476	0.583825	0.684154	-0.086777
v7wall2-94		94	53.90	0.7803	2.182	0.61703	345	-0.80776	0.63489	-0.83747	0.50713	0.71654	13.6500	0.0000	0.0000	29.8000	0.0000	0.0000	6.7416	4.0000	0.0000	0.0000	0.0000	0.2571	15.9000						57.00	-3.10	docs/artifacts/v7wall2-94.bak	1		0.176907	-0.655401	0.593182	0.764863	-0.355542
v7wall2-97		97	42.00	2.1784	8.832	0.63784	285	-0.14856	-0.07330	-0.31116	-0.00623	-0.35518	14.4500	0.0000	0.0750	34.6250	0.0000	0.0000	5.9524	13.0000	9.4000	1.0000	0.0000	0.2968	18.0250						43.30	-1.30	docs/artifacts/v7wall2-97.bak	1		0.200086	-0.759431	0.604426	0.915849	-0.068091
v7ws1-31		31	56.30	1.7881	5.978	0.74181	28	0.97285	0.89948	1.14253	0.95393	0.09776	14.9500	0.0000	15.3750	40.7750	0.0000	0.0000	14.4928	9.0000	0.0000	0.0000	0.4188	0.3648	0.0000						57.30	-1.00	docs/artifacts/v7ws1-31.bak	2	v7ws1-31 v7press3-31	0.033475	-0.536630	0.241272	0.782115	-0.142753
v7ws1-91		91	57.00	2.0238	7.567	0.77238	5	0.46662	-0.23129	0.10402	-0.07734	-1.07533	13.5750	0.0000	0.2500	30.7250	0.0000	0.0000	11.3402	15.0000	0.1250	1.0000	0.0875	0.2929	18.0250						54.20	2.80	docs/artifacts/v7ws1-91.bak	2	v7ws1-91 v7press3-91	0.604504	-0.144297	-0.371169	-0.013639	0.687726
v7ws2-31		31	56.60	1.8948	6.651	0.75548	13	0.86698	0.30598	1.06068	0.02649	0.66494	14.6750	2.5500	0.0000	26.0500	0.0000	0.0000	6.4516	9.0000	7.0750	0.7052	0.0000	0.1727	14.3750						53.40	3.20	docs/artifacts/v7ws2-31.bak	1		0.395144	-0.641407	0.594530	0.490129	-0.316259
v7ws2-91		91	61.20	0.0421	1.043	0.61621	350	-0.91865	-0.04097	-1.03403	-0.09505	0.27812	14.8750	0.0000	0.0000	34.9500	0.0000	0.0000	7.5758	3.0000	0.3750	1.0000	0.0000	0.2857	18.0500						56.40	4.80	docs/artifacts/v7ws2-91.bak	1		0.303262	-0.663253	0.676591	0.564888	-0.129513
v8fix-35		35	35.30	1.5686	4.800	0.50986	678	0.29126	-1.23227	0.40856	-1.23847	-0.33339	15.8750	4.2750	0.0000	28.2750	0.0000	0.0000	6.7416	11.0000	0.2250	1.0000	0.0000	0.2249	4.0750						38.50	-3.20	docs/artifacts/v8fix-35.bak	17	seedtest2-31 v7l7-33 v7l7-36 v7l7-43 v7l7-46 v7phase-36 v9-35 v7l7-31 v7l7-34 v7l7-41 v7l7-44 v8fix-35 v7l7-32 v7l7-35 v7l7-42 v7l7-45 v7phase-35	0.465934	-0.597274	0.550461	0.531900	-0.465981
v9-33		33	50.70	0.6599	1.935	0.57299	504	-0.03472	-0.34687	0.11058	-0.41677	0.27607	15.4500	2.2000	0.0000	27.8000	0.0000	0.0000	18.6813	7.0000	0.0000	0.0000	0.0000	0.2624	3.4500						45.50	5.20	docs/artifacts/v9-33.bak	1		0.166030	-0.607842	0.563892	0.807515	-0.298886
v9-36		36	38.40	0.7155	2.045	0.45555	762	-0.69553	0.61208	-0.60888	0.50809	0.83717	14.2250	0.0000	0.0000	20.2750	0.0000	0.0000	14.8936	4.0000	0.0000	0.0000	0.0000	0.3313	17.7500						40.50	-2.10	docs/artifacts/v9-36.bak	1		0.184825	-0.718985	0.624998	0.846538	-0.195231
v9-43		43	38.40	0.9408	2.562	0.47808	735	-0.95789	0.15176	-0.74178	0.07618	0.81664	14.4500	1.2500	0.0000	38.9000	0.0000	0.0000	2.5000	5.0000	0.0000	0.0000	0.0000	0.2831	19.4250						39.50	-1.10	docs/artifacts/v9-43.bak	1		0.075189	-0.670848	0.597958	0.669038	-0.096054
v9-46		46	47.00	0.5620	1.754	0.52620	628	-0.62414	0.44316	-0.47221	0.30639	0.76899	14.3750	0.0000	0.0000	28.8750	0.0000	0.0000	17.0455	2.0000	0.0000	0.0000	0.0000	0.3111	20.0000						49.60	-2.60	docs/artifacts/v9-46.bak	1		0.205794	-0.694437	0.626741	0.905604	-0.252788
def-33		33	35.30	0.7620	2.143	0.42920	803	-1.08356	0.21862	-1.00336	0.10557	0.73298	14.6750	0.0000	0.0000	38.6500	0.0000	0.0000	11.3924	4.0000	0.0500	1.0000	0.0000	0.2772	19.8250						30.80	4.50	docs/artifacts/def-33.bak	1		0.338498	-0.668585	0.693908	0.499483	-0.179147
def-36		36	36.00	0.3236	1.382	0.39236	841	-1.18409	0.07013	-0.84090	-0.07889	0.98421	14.1750	0.0000	0.0000	29.5750	0.0000	0.0000	5.6818	7.0000	1.3750	0.8909	0.0000	0.2826	18.3000						29.40	6.60	docs/artifacts/def-36.bak	1		0.143719	-0.630771	0.600462	0.722168	-0.424472
eco-33		33	26.20	1.1517	3.164	0.37717	854	0.03935	-0.37074	-0.10426	-0.30554	-0.55753	14.6750	1.3000	0.0000	35.2750	0.0000	0.0000	16.4706	14.0000	1.1250	1.0000	0.0151	0.2050	2.5250						25.00	1.20	docs/artifacts/eco-33.bak	1		0.393789	-0.688159	0.665949	0.480391	-0.299730
eco-34	历代上槽	34	41.20	1.4203	4.138	0.55403	569	0.42200	-0.39691	0.08078	-0.18978	-1.23138	14.1000	0.0000	0.0000	29.5500	0.0000	0.0000	7.7778	11.0000	1.1250	1.0000	0.1403	0.2151	17.6000						31.80	9.40	docs/artifacts/eco-34.bak	1		0.218247	-0.645315	0.553428	0.610559	-0.394898
eco2-31		31	19.80	0.0785	1.082	0.20585	917	0.27704	0.84147	0.31108	0.86343	0.23183	14.5750	0.0000	0.0000	38.8250	0.0000	0.0000	4.4944	5.0000	0.0000	0.0000	0.0104	0.4812	0.0000						16.10	3.70	docs/artifacts/eco2-31.bak	1		0.086943	-0.826816	0.699922	0.783228	-0.242625
eco2-34		34	31.20	1.6791	5.361	0.47991	728	-0.21083	-0.06238	-0.40552	-0.00011	-0.33398	14.4250	0.1500	1.6250	44.4750	0.0000	0.0000	17.7215	10.0000	4.7500	0.9251	0.0000	0.3345	15.0250						28.30	2.90	docs/artifacts/eco2-34.bak	1		0.188487	-0.430731	0.264263	0.682181	-0.408444
fgtA-31		31	30.40	0.4079	1.504	0.34479	881	-0.57213	0.65815	-0.58983	0.59083	0.58260	14.1500	0.0000	0.0000	30.9250	0.0000	0.0000	4.5977	3.0000	0.0000	0.0000	0.0000	0.2878	0.0000						25.00	5.40	docs/artifacts/fgtA-31.bak	1		0.233055	-0.775618	0.702909	0.955234	-0.037524
fgtA-34		34	36.10	1.2779	3.589	0.48879	717	-0.54777	0.04896	-0.66895	0.06519	0.02950	14.3500	0.0000	0.0000	34.7250	0.0000	0.0000	13.4831	8.0000	0.0750	1.0000	0.0000	0.2994	19.1750						34.50	1.60	docs/artifacts/fgtA-34.bak	1		0.427224	-0.448843	0.380154	0.601409	-0.640952
fgtB-31		31	31.00	2.1040	8.199	0.52040	640	0.08007	-0.32245	-0.11230	-0.22275	-0.66621	14.4500	3.6250	0.0500	29.9000	0.0000	0.0000	9.1954	18.0000	1.9500	0.6883	0.0000	0.2717	5.8500						27.70	3.30	docs/artifacts/fgtB-31.bak	1		-0.223237	-0.430333	0.366677	0.356681	-0.329223
fgtB-34		34	35.80	1.6709	5.317	0.52509	629	-0.69901	0.32488	-0.56740	-0.09453	0.86681	14.7250	2.9500	0.0000	30.1000	0.0000	0.0000	15.4639	12.0000	2.5250	0.4688	0.0539	0.2482	18.2500						29.30	6.50	docs/artifacts/fgtB-34.bak	1		0.402680	-0.621366	0.559280	0.493363	-0.356625
fstA-31		31	23.30	1.4447	4.241	0.37747	853	0.03106	-0.62741	0.03252	-0.62535	-0.28545	14.6500	6.2250	0.0000	20.4250	0.0000	0.0000	8.6022	14.0000	3.9500	1.0000	0.0000	0.3365	19.4750						20.20	3.10	docs/artifacts/fstA-31.bak	1		0.388347	-0.686510	0.643967	0.494906	-0.299231
fstA-34		34	29.00	0.8778	2.406	0.37778	852	-1.10371	0.31139	-0.78632	0.14432	1.08971	14.0500	0.0000	0.0000	28.0500	0.0000	0.0000	4.3956	7.0000	0.0000	0.0000	0.0451	0.2771	20.0000						25.30	3.70	docs/artifacts/fstA-34.bak	1		0.122972	-0.629755	0.638225	0.810135	-0.373084
incumbent-forpromote		31	55.90	1.5617	4.767	0.71517	74	-0.08976	-0.73976	0.31184	-0.86786	0.43450	16.0500	2.7500	0.0000	21.9000	0.0000	0.0000	10.0000	10.0000	4.6500	0.3602	0.0000	0.3464	20.6750						53.00	2.90	docs/artifacts/incumbent-forpromote.bak	2	v7cmin4-31 incumbent-forpromote	0.498196	-0.411693	0.296480	0.478807	-0.420060
mix-33		33	28.70	0.0841	1.088	0.29541	897	-0.83837	0.66136	-0.89068	0.58401	0.64809	14.5500	0.0000	0.5250	37.4500	0.0000	0.0000	8.8608	3.0000	0.0000	0.0000	0.0000	0.2647	13.1750						27.80	0.90	docs/artifacts/mix-33.bak	1		0.112131	-0.780298	0.560829	0.768916	-0.052278
mix-36		36	29.00	0.8241	2.280	0.37241	859	-0.80323	0.62598	-0.79400	0.53733	0.72010	14.4000	0.0000	0.0000	32.9500	0.0000	0.0000	9.3023	4.0000	0.0000	0.0000	0.0000	0.3815	15.5250						27.40	1.60	docs/artifacts/mix-36.bak	1		0.149345	-0.789661	0.582094	0.828518	-0.049774
r61fix-82		82	46.50	0.7626	2.144	0.54126	596	-0.75909	0.61553	-1.08631	0.52404	0.15971	14.6750	0.0000	0.0000	46.6000	0.0000	0.0000	6.2500	6.0000	0.0000	0.0000	0.0000	0.2463	14.2000						44.20	2.30	docs/artifacts/r61fix-82.bak	1		0.322828	-0.737333	0.742307	0.812728	-0.039989
r61fix-93		93	43.30	0.3533	1.424	0.46833	748	-0.44053	-0.40433	-0.67506	-0.37353	-0.40618	14.6500	0.0000	0.0000	42.5750	0.0000	0.0000	13.9241	3.0000	5.8250	1.0000	0.0000	0.2281	1.0250						48.00	-4.70	docs/artifacts/r61fix-93.bak	1		0.349760	-0.700839	0.660680	0.511124	-0.223643
rwd0-33		33	37.60	0.2713	1.312	0.40313	823	-0.19654	0.04221	-0.48758	0.07283	-0.42346	14.7000	0.1000	0.0000	46.2250	0.0000	0.0000	8.8889	7.0000	0.1750	1.0000	0.0000	0.1703	3.4500						30.60	7.00	docs/artifacts/rwd0-33.bak	1		0.467461	-0.679275	0.680322	0.380175	-0.410367
rwd0-36		36	23.00	1.4879	4.428	0.37879	851	0.06555	-0.78013	-0.22193	-0.44876	-1.34931	14.2250	0.2500	0.0000	32.4750	0.0000	0.0000	8.5106	11.0000	0.0250	1.0000	0.0000	0.2690	16.5000						22.80	0.20	docs/artifacts/rwd0-36.bak	1		0.290116	-0.391032	0.312772	0.645842	-0.227025
sty-31		31	27.10	1.2607	3.528	0.39707	827	0.17691	-0.40501	0.11578	-0.35124	-0.40481	14.3750	1.9500	0.1000	25.4250	0.0000	0.0000	10.8696	14.0000	0.9500	0.6563	0.0000	0.2773	15.5000						24.10	3.00	docs/artifacts/sty-31.bak	1		-0.230878	-0.442103	0.360916	0.363632	-0.310517
sty-34		34	39.80	0.8901	2.435	0.48701	720	0.29818	0.11811	0.16497	0.21157	-0.48387	14.2250	0.0000	0.3000	33.2000	0.0000	0.0000	17.8571	9.0000	2.0500	0.8537	0.0277	0.2655	10.1750						33.40	6.40	docs/artifacts/sty-34.bak	1		0.512627	-0.294620	0.139171	0.491193	-0.125012
v11-31		31	45.20	0.8862	2.426	0.54062	599	-0.90763	0.46305	-0.87401	0.36845	0.73585	14.7750	0.0000	0.0000	34.0000	0.0000	0.0000	6.6667	5.0000	0.0000	0.0000	0.0000	0.2945	17.6250						46.30	-1.10	docs/artifacts/v11-31.bak	3	v12-31 v11-31 v9-31	0.262815	-0.788125	0.764781	0.939192	-0.040902
v11-63		63	40.70	0.6412	1.899	0.47112	747	-0.58007	0.66814	-0.84585	0.61508	0.20817	14.9500	0.1500	0.0000	44.8500	0.0000	0.0000	14.2857	5.0000	0.0000	0.0000	0.0000	0.1210	0.0000						41.70	-1.00	docs/artifacts/v11-63.bak	1		0.185306	-0.568570	0.500663	0.807773	-0.271020
v11-66		66	41.00	0.9919	2.696	0.50919	684	-0.55212	0.00482	-0.60230	-0.01469	0.15130	14.1000	0.0000	0.0000	24.9750	0.0000	0.0000	5.6818	4.0000	0.0750	1.0000	0.0000	0.3586	19.4500						42.60	-1.60	docs/artifacts/v11-66.bak	1		0.472375	-0.591217	0.559631	0.525859	-0.489385
v11-73		73	55.40	0.6140	1.848	0.61540	354	-0.92975	0.50929	-1.20503	0.46302	0.35938	15.0000	0.0000	0.0000	45.0000	0.0000	0.0000	6.2500	5.0000	0.0000	0.0000	0.0000	0.2862	16.0500						58.30	-2.90	docs/artifacts/v11-73.bak	1		0.079735	-0.704494	0.689064	0.654521	-0.077094
v11-76		76	53.00	0.4040	1.498	0.57040	515	-0.59470	0.41963	-0.88334	0.40004	0.01657	14.9750	0.0500	0.0500	38.7000	0.0000	0.0000	8.9744	7.0000	0.0500	0.5000	0.0000	0.1786	6.0750						55.90	-2.90	docs/artifacts/v11-76.bak	1		0.486279	-0.663170	0.659546	0.332134	-0.413021
v12-82		82	54.40	0.3146	1.370	0.57546	497	-0.73549	0.69975	-0.71578	0.59564	0.77204	14.1000	0.0000	0.0000	24.0750	0.0000	0.0000	7.6923	2.0000	0.0000	0.0000	0.0000	0.2800	4.5250						54.50	-0.10	docs/artifacts/v12-82.bak	1		0.084263	-0.708763	0.692786	0.668479	-0.080745
v12-85		85	42.50	0.9587	2.608	0.52087	638	-0.37363	0.63583	-0.33445	0.58057	0.56234	14.1000	0.0000	0.0000	21.7250	0.0000	0.0000	9.6774	3.0000	0.0000	0.0000	0.0000	0.3127	18.5000						42.10	0.40	docs/artifacts/v12-85.bak	1		0.211409	-0.816711	0.808475	0.904942	-0.146356
v12-92		92	58.40	0.4865	1.627	0.63265	306	-0.99210	0.40901	-1.06664	0.28898	0.66868	14.8750	0.0000	0.0000	37.6250	0.0000	0.0000	13.8462	7.0000	0.0000	0.0000	0.0000	0.2911	16.6750						55.40	3.00	docs/artifacts/v12-92.bak	1		0.261011	-0.775958	0.759627	0.965251	-0.051493
v12-95		95	43.20	1.2870	3.622	0.56070	546	-0.06862	0.26065	-0.16571	0.27493	-0.11096	14.5000	0.4500	0.3000	34.9750	0.0000	0.0000	9.8592	9.0000	0.0000	0.0000	0.0000	0.2721	19.1500	65.7812	-24.7049	0+8-	70.9722		45.60	-2.40	docs/artifacts/v12-95.bak	1		0.231319	-0.361125	0.208274	0.649961	-0.272727
v13-102		102	53.60	0.8176	2.265	0.61776	342	-0.22735	-0.46024	-0.27127	-0.44399	-0.22762	14.6250	0.8000	0.0000	26.1750	0.0000	0.0000	12.9032	7.0000	0.6000	1.0000	0.0000	0.1835	5.1250						52.40	1.20	docs/artifacts/v13-102.bak	1		0.450197	-0.691530	0.692499	0.409505	-0.400072
v13-105		105	54.00	0.9935	2.701	0.63935	277	-0.31619	0.55716	-0.27267	0.46672	0.54085	14.2500	0.0000	0.0000	27.9500	0.0000	0.0000	21.0526	6.0000	0.0000	0.0000	0.0000	0.4004	8.9000						55.20	-1.20	docs/artifacts/v13-105.bak	1		0.178045	-0.691456	0.627708	0.845907	-0.260143
v14-111		111	51.00	1.5325	4.630	0.66325	207	-0.74897	0.40351	-0.43246	0.22854	0.93668	13.8750	0.0000	0.0000	28.2000	0.0000	0.0000	15.6250	8.0000	0.0000	0.0000	0.0503	0.2262	19.9000						49.90	1.10	docs/artifacts/v14-111.bak	1		-0.002745	-0.514768	0.187611	0.802677	-0.119302
v14-114		114	51.30	1.1751	3.239	0.63051	309	-0.20590	0.51907	-0.18018	0.45670	0.44803	13.9500	0.3000	0.0000	21.9500	0.0000	0.0000	10.5882	6.0000	0.0000	0.0000	0.0000	0.3219	0.8000						52.70	-1.40	docs/artifacts/v14-114.bak	1		0.271364	-0.486807	0.879075	0.785832	-0.503186
v14-31		31	54.00	0.9494	2.584	0.63494	301	-0.70918	0.67592	-0.65501	0.56138	0.80508	14.1250	0.0000	0.0000	28.4500	0.0000	0.0000	12.7660	3.0000	0.0000	0.0000	0.0000	0.3041	14.6000						58.60	-4.60	docs/artifacts/v14-31.bak	3	v15-31 v16-31 v14-31	0.209673	-0.701581	0.629293	0.915268	-0.244611
v15-123		123	53.00	1.1759	3.241	0.64759	247	-0.43939	0.61728	-0.50340	0.58170	0.40247	14.6750	0.0000	0.0000	36.6500	0.0000	0.0000	18.2927	4.0000	0.0000	0.0000	0.0000	0.3371	15.9250	77.8559	-12.6302	0+8-	72.5000		52.70	0.30	docs/artifacts/v15-123.bak	1		0.316140	-0.766778	0.767226	0.848689	-0.006637
v15-126		126	31.70	0.6699	1.954	0.38399	847	0.26180	0.77952	0.33942	0.79291	0.28979	14.2000	0.0000	0.0000	21.5750	0.0000	0.0000	10.5882	5.0000	0.0000	0.0000	0.0375	0.4294	0.0000						35.10	-3.40	docs/artifacts/v15-126.bak	1		0.109908	-0.854256	0.762476	0.793312	-0.268669
v16-132		132	50.40	0.9409	2.562	0.59809	414	0.06686	-0.82131	0.16586	-0.84744	-0.04870	14.9750	6.3000	0.0000	26.3250	0.0000	0.0000	14.1304	6.0000	0.9750	0.5263	0.0000	0.2405	0.8000						53.60	-3.20	docs/artifacts/v16-132.bak	1		0.505915	-0.607438	0.602645	0.445971	-0.489142
v16-135		135	35.70	0.4929	1.637	0.40629	819	0.41738	0.81977	0.33094	0.88091	-0.09329	14.1250	0.0000	9.5250	33.8750	0.0000	0.0000	5.2632	2.0000	0.0000	0.0000	0.0000	0.4853	0.0000						32.40	3.30	docs/artifacts/v16-135.bak	1		0.150831	-0.761031	0.611054	0.815594	-0.039985
v17-141		141	30.40	0.8968	2.452	0.39368	840	-0.42878	0.68949	-0.48159	0.65439	0.44241	14.3250	0.0000	0.0000	33.5250	0.0000	0.0000	14.2857	3.0000	0.0000	0.0000	0.0000	0.4004	17.0250						33.00	-2.60	docs/artifacts/v17-141.bak	1		0.156343	-0.763817	0.627960	0.814978	-0.079926
v17-144		144	55.90	0.5805	1.787	0.61705	344	-1.34540	0.37898	-1.08520	0.16912	1.19312	14.9750	0.0000	0.0000	45.0000	0.0000	0.0000	9.3750	2.0000	0.0000	0.0000	0.0000	0.2993	18.2500						54.00	1.90	docs/artifacts/v17-144.bak	1		0.225953	-0.820066	0.820271	0.915312	-0.128449
v17-31		31	41.70	0.9509	2.588	0.51209	662	-0.21134	0.07778	-0.27827	0.00277	-0.04875	14.4250	0.4250	1.2250	34.3500	0.0000	0.0000	12.8205	12.0000	0.1750	1.0000	0.0189	0.2519	17.1500						45.80	-4.10	docs/artifacts/v17-31.bak	1		0.432911	-0.168961	-0.161549	0.253732	-0.176840
v7a-33		33	50.50	1.3720	3.943	0.64220	268	0.93209	-1.67746	1.16462	-1.71564	-0.45249	15.3000	10.3000	0.0000	31.1500	0.0000	0.0000	24.7191	8.0000	0.0250	1.0000	0.0000	0.2183	0.0000						49.70	0.80	docs/artifacts/v7a-33.bak	3	v7c-33 v7d-33 v7a-33	0.295126	-0.389763	0.308572	0.643303	-0.227442
v7a-36		36	51.10	0.5086	1.663	0.56186	541	-1.08891	0.37827	-0.95673	0.20042	0.97010	14.7500	0.0000	0.0000	33.9500	0.0000	0.0000	14.2857	6.0000	0.0000	0.0000	0.0000	0.2252	19.5000						53.30	-2.20	docs/artifacts/v7a-36.bak	3	v7c-36 v7d-36 v7a-36	0.307918	-0.754192	0.745526	0.812778	-0.002570
v7aim1-82		82	39.80	1.1819	3.261	0.51619	648	0.63659	2.32119	-0.86210	2.31967	-1.31364	16.2500	14.6750	0.0000	20.2500	0.0000	0.0000	24.4898	9.0000	0.0000	0.0000	0.0000	0.2175	18.3750						38.70	1.10	docs/artifacts/v7aim1-82.bak	1		0.123702	-0.530182	0.343363	0.758438	-0.207696
v7aim1-93		93	60.30	1.9905	7.319	0.80205	2	0.13966	-0.30326	-0.10943	-0.18516	-0.81744	13.7500	0.0000	0.0000	26.0000	0.0000	0.0000	13.4831	14.0000	1.1250	1.0000	0.1384	0.2564	17.8750						58.50	1.80	docs/artifacts/v7aim1-93.bak	1		0.232494	-0.644876	0.570593	0.626515	-0.343714
v7aim1f-93		93	35.50	1.0903	2.975	0.46403	752	0.22385	-0.70562	0.05011	-0.60435	-0.89307	13.7250	0.1500	0.1250	32.6000	0.0000	0.0000	9.0000	14.0000	29.2250	0.9400	0.0013	0.3796	0.7500						37.00	-1.50	docs/artifacts/v7aim1f-93.bak	1		0.340826	-0.225638	-0.052332	0.294458	-0.236231
v7aim2-93		93	41.10	0.6192	1.857	0.47292	741	0.25572	-1.00834	0.40198	-1.00212	-0.03785	17.0000	16.0000	0.0000	24.8000	0.0000	0.0000	20.6186	6.0000	0.0250	1.0000	0.0000	0.1290	18.7000						39.30	1.80	docs/artifacts/v7aim2-93.bak	1		0.203304	-0.589391	0.534069	0.861255	-0.258829
v7aim3-93		93	36.20	1.3997	4.054	0.50197	698	0.01393	0.07954	0.07615	0.03391	0.18380	14.3250	1.4000	0.0000	23.0250	0.0000	0.0000	10.4167	9.0000	0.0000	0.0000	0.0000	0.2877	0.9500						35.30	0.90	docs/artifacts/v7aim3-93.bak	1		0.229109	-0.508099	0.852840	0.967439	-0.165785
v7attr-33		33	49.80	0.8551	2.352	0.58351	454	-0.53428	0.45409	-0.41101	0.32448	0.86648	14.3250	0.2000	0.0000	28.4500	0.0000	0.0000	14.9425	12.0000	0.0000	0.0000	0.0000	0.2518	18.5750						50.20	-0.40	docs/artifacts/v7attr-33.bak	1		0.169658	-0.547609	0.456815	0.804343	-0.283872
v7b-38		38	30.70	0.3057	1.358	0.33757	885	0.50655	0.78956	0.60615	0.81125	0.21232	14.6750	0.0000	0.0000	28.7750	0.0000	0.0000	6.4935	7.0000	0.0000	0.0000	0.0619	0.4782	0.0000						33.10	-2.40	docs/artifacts/v7b-38.bak	2	v7b-38 v7c-38	-0.072108	-0.951885	0.674645	0.968070	-0.489689
v7b-41		41	51.90	0.0397	1.041	0.52297	632	-1.31862	0.41335	-1.13669	0.19135	1.18200	14.9000	0.0000	0.0000	38.6250	0.0000	0.0000	14.4737	2.0000	0.0000	0.0000	0.0000	0.2609	18.2500						51.00	0.90	docs/artifacts/v7b-41.bak	3	v7d-41 v7b-41 v7c-41	0.123924	-0.722607	0.707454	0.736921	-0.052328
v7b-44		44	36.20	0.4970	1.644	0.41170	815	0.73520	0.98071	0.84110	1.04688	0.15142	14.2000	0.0000	0.0000	40.8250	0.0000	0.0000	6.5934	4.0000	0.0000	0.0000	0.0703	0.4797	0.0000						36.60	-0.40	docs/artifacts/v7b-44.bak	1		0.088279	-0.840280	0.717036	0.828618	-0.240618
v7b-47		47	44.00	0.4388	1.551	0.48388	721	-0.20408	0.74478	-0.14985	0.70808	0.54090	14.4250	0.0000	0.0000	25.6250	0.0000	0.0000	10.2273	6.0000	0.0000	0.0000	0.0933	0.4656	0.8500						44.10	-0.10	docs/artifacts/v7b-47.bak	1		0.108358	-0.855452	0.760350	0.793330	-0.270630
v7bead1-82		82	46.40	1.9363	6.933	0.65763	223	-0.00673	0.17624	-0.03228	0.20549	-0.09459	14.5500	0.9000	0.2000	28.7250	0.0000	0.0000	6.3830	9.0000	0.0000	0.0000	0.0492	0.2457	15.1500	84.2101	-6.2760	0+8-	82.1528		47.00	-0.60	docs/artifacts/v7bead1-82.bak	2	v7u1-82 v7bead1-82	0.096193	-0.383064	0.111364	0.809079	-0.326068
v7bead100-82		82	58.90	1.4529	4.275	0.73429	41	0.64209	0.52506	0.45927	0.63046	-0.59830	14.1750	0.0000	0.4000	28.5500	0.0000	0.0000	8.2353	8.0000	0.0000	0.0000	0.0388	0.3353	5.3000	86.8663	-3.6198	1+7-	86.5972		55.90	3.00	docs/artifacts/v7bead100-82.bak	1		-0.041633	-0.533834	0.199360	0.813255	-0.052524
v7bead15-82		82	46.20	1.7176	5.571	0.63376	304	0.30091	-0.18688	0.44409	-0.23655	0.09777	14.8500	1.8000	0.1000	27.0000	0.0000	0.0000	22.4490	9.0000	0.0000	0.0000	0.0252	0.2727	17.5500						46.80	-0.60	docs/artifacts/v7bead15-82.bak	1		0.068958	-0.423065	0.163361	0.834514	-0.292891
v7bead2-82		82	57.60	1.7515	5.763	0.75115	16	0.17336	0.19027	0.08320	0.23447	-0.28261	14.4000	0.6000	2.0500	32.4750	0.0000	0.0000	9.3023	9.0000	0.0000	0.0000	0.1344	0.2324	5.2500						53.20	4.40	docs/artifacts/v7bead2-82.bak	1		0.233940	-0.359273	0.206594	0.648528	-0.270431
v7bead25-82		82	54.70	1.8352	6.266	0.73052	49	-0.55794	-0.41574	-0.23687	-0.38920	0.17265	14.3500	0.4500	0.5000	27.8500	0.0000	0.0000	14.7368	9.0000	0.0250	1.0000	0.0126	0.2835	16.5250						51.80	2.90	docs/artifacts/v7bead25-82.bak	1		0.063095	-0.379326	0.111461	0.870173	-0.319628
v7bead3-82		82	41.00	1.9594	7.095	0.60594	389	2.41879	-0.17154	2.03273	0.26364	-2.22927	13.7500	0.2000	0.4250	26.2500	0.0000	0.0000	11.1111	11.0000	0.1250	0.8000	0.0377	0.2179	16.6750	76.2153	-14.2708	0+8-	76.1111		44.60	-3.60	docs/artifacts/v7bead3-82.bak	1		0.442370	-0.161024	-0.186808	0.257660	-0.175702
v7beadseed-82		82	61.70	1.9979	7.374	0.81679	1	0.11322	-0.07443	-0.06657	0.01268	-0.54645	14.4250	0.0000	15.9750	33.2000	0.0000	0.0000	17.6471	12.0000	0.0500	1.0000	0.0717	0.2259	16.0000						57.90	3.80	docs/artifacts/v7beadseed-82.bak	1		0.530551	-0.249931	0.102397	0.453818	-0.063850
v7big1-81		81	51.90	1.6582	5.250	0.68482	160	0.04194	-0.58138	-0.01836	-0.53012	-0.49845	14.3500	0.7000	0.0000	34.2250	0.0000	0.0000	2.1739	14.0000	23.0750	0.7642	0.0286	0.3245	6.0250						53.60	-1.70	docs/artifacts/v7big1-81.bak	1		0.373212	-0.249509	-0.054794	0.303725	-0.304332
v7big1-92		92	34.30	1.9853	7.281	0.54153	594	-0.37310	-1.05840	0.77543	-0.49110	1.64887	15.3750	13.5250	0.0500	26.4250	0.0000	0.0000	15.7895	16.0000	0.0000	0.0000	0.0000	0.1036	0.0000						26.70	7.60	docs/artifacts/v7big1-92.bak	1		0.123036	-0.492705	0.389555	0.821503	-0.217549
v7blk1-81		81	55.60	0.5434	1.722	0.61034	369	-0.89733	0.22675	-0.88613	0.11447	0.58792	14.2250	0.0000	0.0000	28.7750	0.0000	0.0000	6.2500	3.0000	0.1000	0.5000	0.0000	0.2642	18.0500						52.00	3.60	docs/artifacts/v7blk1-81.bak	1		0.457057	-0.556161	0.520911	0.448096	-0.474182
v7blk1-92		92	49.80	1.6370	5.140	0.66170	211	0.36567	-0.11645	0.12974	0.01515	-0.81014	14.3500	0.0000	0.2000	34.5000	0.0000	0.0000	9.0909	8.0000	0.0750	1.0000	0.2658	0.2266	8.9500						49.00	0.80	docs/artifacts/v7blk1-92.bak	1		0.522245	-0.274979	0.122412	0.474188	-0.098171
v7c-32		32	30.70	0.6744	1.963	0.37444	857	-0.98669	0.35498	-0.79579	0.23443	0.93921	14.6500	0.0000	0.0000	32.0750	0.0000	0.0000	3.5714	3.0000	0.0000	0.0000	0.0000	0.3182	19.6250						35.70	-5.00	docs/artifacts/v7c-32.bak	3	v7a-32 v7c-32 v7d-32	0.319611	-0.803263	0.803385	0.887135	0.049406
v7c-35		35	46.20	1.0868	2.965	0.57068	513	-0.00302	0.34371	0.14185	0.32808	0.42286	14.1000	0.7500	0.0000	18.8000	0.0000	0.0000	14.0000	8.0000	0.0000	0.0000	0.0125	0.3838	0.0000						45.80	0.40	docs/artifacts/v7c-35.bak	4	v7f-35 v7a-35 v7c-35 v7d-35	-0.004847	-0.437629	0.054514	0.761485	-0.185476
v7c-38		38	30.70	0.3057	1.358	0.33757	886	0.53356	0.74956	0.62553	0.78064	0.14573	14.6750	0.0000	0.0000	28.7750	0.0000	0.0000	6.4935	7.0000	0.0000	0.0000	0.0619	0.4782	0.0000						33.10	-2.40	docs/artifacts/v7c-38.bak	2	v7b-38 v7c-38	-0.070989	-0.952398	0.676037	0.968940	-0.489062
v7c-41		41	51.90	0.0397	1.041	0.52297	633	-1.29862	0.41212	-1.10528	0.19594	1.17146	14.9000	0.0000	0.0000	38.6250	0.0000	0.0000	14.4737	2.0000	0.0000	0.0000	0.0000	0.2609	18.2500						51.00	0.90	docs/artifacts/v7c-41.bak	3	v7d-41 v7b-41 v7c-41	0.121067	-0.727633	0.718220	0.736698	-0.042668
v7catE1-81		81	57.20	0.3886	1.475	0.61086	367	-1.01116	0.47988	-1.15710	0.33814	0.57266	14.8250	0.0000	0.0000	39.2250	0.0000	0.0000	10.0000	2.0000	0.0000	0.0000	0.0000	0.2877	19.4750						54.90	2.30	docs/artifacts/v7catE1-81.bak	1		0.236568	-0.830835	0.842814	0.933022	-0.110159
v7catE5-81		81	48.20	0.9841	2.676	0.58041	474	-0.90993	0.41890	-0.83651	0.30497	0.76679	14.7250	0.0000	0.0000	35.1250	0.0000	0.0000	6.9444	4.0000	0.0000	0.0000	0.0000	0.3579	18.0250						54.30	-6.10	docs/artifacts/v7catE5-81.bak	1		0.309036	-0.780706	0.780519	0.839547	0.005441
v7clear2-81		81	40.50	1.5141	4.545	0.55641	560	0.17171	-0.72329	0.31877	-0.76563	0.03709	15.2250	2.3500	1.2000	25.5750	0.0000	0.0000	15.4639	9.0000	1.2000	0.8837	0.0000	0.3082	18.0250						43.00	-2.50	docs/artifacts/v7clear2-81.bak	1		0.198959	-0.432776	0.276381	0.666321	-0.428387
v7cmin3-82		82	55.00	1.2397	3.454	0.67397	187	0.19048	-0.44743	0.29037	-0.45510	0.00510	14.9500	1.2500	0.0000	26.5500	0.0000	0.0000	16.8421	8.0000	0.3250	0.0769	0.0081	0.3720	0.0000						56.50	-1.50	docs/artifacts/v7cmin3-82.bak	1		-0.021379	-0.417519	0.014346	0.738948	-0.185466
v7cmin4-82		82	48.50	1.5845	4.877	0.64345	263	-0.27823	-0.61135	-0.46803	-0.57295	-0.51468	15.7750	0.4000	0.0000	36.6250	0.0000	0.0000	10.1266	8.0000	28.9750	0.8706	0.0000	0.2465	4.7500						51.60	-3.10	docs/artifacts/v7cmin4-82.bak	1		0.524742	-0.408498	0.258925	0.478310	-0.456067
v7ctrlE-81		81	28.20	0.8893	2.434	0.37093	863	1.49247	0.05388	1.22586	0.18709	-1.56502	13.8000	0.0000	0.0000	29.4000	0.0000	0.0000	6.3158	5.0000	0.0000	0.0000	0.1498	0.3668	0.0000						27.90	0.30	docs/artifacts/v7ctrlE-81.bak	4	v7ringT-81 v7ringT2-81 v7ctrlE-81 v7roleC-81	-0.008907	-0.918122	0.707161	0.942137	-0.377945
v7cur-82		82	23.90	1.9419	6.972	0.43319	798	0.56161	0.04467	0.47797	0.14630	-0.62093	13.7750	0.0000	0.3000	37.9750	0.0000	0.0000	10.5263	12.0000	4.7750	0.9791	0.3175	0.2727	0.0000						25.40	-1.50	docs/artifacts/v7cur-82.bak	1		-0.244309	-0.502700	0.358267	0.405881	-0.126412
v7cur2-82		82	45.30	1.4139	4.112	0.59439	430	-0.64305	-0.16028	-0.76248	-0.16548	0.00812	14.6500	0.0000	0.0000	36.5250	0.0000	0.0000	6.5217	7.0000	11.3750	0.9429	0.0063	0.2857	18.0000						45.40	-0.10	docs/artifacts/v7cur2-82.bak	1		0.150293	-0.267907	0.861243	0.253531	-0.211847
v7cur3-82		82	50.10	1.3767	3.962	0.63867	280	-0.28216	0.06433	-0.45131	0.10980	-0.23305	14.7000	0.0000	0.0000	43.4750	0.0000	0.0000	13.0952	8.0000	0.1000	1.0000	0.0000	0.3129	1.0750						52.80	-2.70	docs/artifacts/v7cur3-82.bak	1		0.403787	-0.449688	0.359290	0.618021	-0.677283
v7curri1-81		81	46.00	0.8017	2.229	0.54017	601	-0.32259	0.34470	-1.07139	0.27774	-0.75334	14.8250	0.0000	0.0000	40.9000	0.0000	0.0000	9.6774	4.0000	20.6750	0.9855	0.0000	0.3145	5.7500						48.40	-2.40	docs/artifacts/v7curri1-81.bak	1		0.243631	-0.823494	0.831993	0.885306	-0.118711
v7curri1-92		92	54.40	0.2127	1.237	0.56527	533	-0.80192	0.23075	-0.77849	0.12232	0.56100	14.8000	0.0000	0.0000	30.0250	0.0000	0.0000	10.6061	4.0000	0.1000	0.5000	0.0000	0.2680	18.0250						55.30	-0.90	docs/artifacts/v7curri1-92.bak	1		0.445267	-0.548205	0.506770	0.435201	-0.461634
v7curri2-81		81	47.40	0.5735	1.774	0.53135	615	1.22088	0.56271	0.69428	0.79828	-1.38319	14.5000	0.0000	0.1750	31.8250	0.0000	0.0000	9.8765	4.0000	0.0000	0.0000	0.0000	0.3517	18.0500						49.60	-2.20	docs/artifacts/v7curri2-81.bak	1		0.141382	-0.794884	0.555637	0.827144	-0.011490
v7curri2-92		92	61.40	0.7108	2.036	0.68508	159	0.56053	0.27479	0.57320	0.17608	-0.22917	14.7250	0.0000	0.0000	34.8500	0.0000	0.0000	17.2840	4.0000	0.3000	1.0000	0.0000	0.2772	14.6750						58.60	2.80	docs/artifacts/v7curri2-92.bak	1		0.320779	-0.670521	0.681711	0.535857	-0.152323
v7d-32		32	30.70	0.6744	1.963	0.37444	858	-0.97326	0.35815	-0.79275	0.22671	0.90533	14.6500	0.0000	0.0000	32.0750	0.0000	0.0000	3.5714	3.0000	0.0000	0.0000	0.0000	0.3182	19.6250						35.70	-5.00	docs/artifacts/v7d-32.bak	3	v7a-32 v7c-32 v7d-32	0.320333	-0.806120	0.808766	0.886270	0.053254
v7d-35		35	46.20	1.0868	2.965	0.57068	514	0.06711	0.35640	0.14495	0.32761	0.31432	14.1000	0.7500	0.0000	18.8000	0.0000	0.0000	14.0000	8.0000	0.0000	0.0000	0.0125	0.3838	0.0000						45.80	0.40	docs/artifacts/v7d-35.bak	4	v7f-35 v7a-35 v7c-35 v7d-35	-0.005214	-0.437489	0.053780	0.761418	-0.185409
v7d-42		42	45.10	0.0000	1.000	0.45100	773	-1.18922	0.49862	-1.03817	0.20537	1.19805	14.9000	0.0000	0.0000	34.2750	0.0000	0.0000	13.5135	1.0000	0.0000	0.0000	0.0000	0.2852	19.8500						51.60	-6.50	docs/artifacts/v7d-42.bak	3	v7b-42 v7c-42 v7d-42	0.038942	-0.735655	0.766186	0.676334	0.061519
v7densE-82		82	27.50	0.1382	1.148	0.28882	898	-0.03457	0.72107	-0.22130	0.84843	-0.09540	14.5000	0.0000	0.0000	45.5250	0.0000	0.0000	8.1395	3.0000	0.0000	0.0000	0.0000	0.2765	0.0000						28.00	-0.50	docs/artifacts/v7densE-82.bak	1		0.076652	-0.775340	0.811375	0.694010	-0.108359
v7divK-82		82	49.30	1.5522	4.722	0.64822	244	-0.39243	2.10131	0.26586	0.84322	2.83089	14.0500	0.0000	0.0500	21.6250	0.0000	0.0000	10.9890	11.0000	0.3500	0.8571	0.0000	0.3463	0.0000						51.30	-2.00	docs/artifacts/v7divK-82.bak	1		-0.269247	-0.499285	0.369778	0.372884	-0.137962
v7divK2b-82		82	48.10	1.4361	4.204	0.62461	323	0.36759	-1.05947	0.50021	-1.06950	-0.20578	15.2500	5.5000	0.0000	31.3000	0.0000	0.0000	7.1429	9.0000	12.4250	0.5357	0.0000	0.2563	13.4250	77.8819	-12.6042	0+8-	77.5694		50.00	-1.90	docs/artifacts/v7divK2b-82.bak	2	v7w3c-82 v7divK2b-82	0.498851	-0.364063	0.219076	0.495828	-0.378623
v7expo-34		34	23.50	0.0000	1.000	0.23500	910	0.63407	0.43474	0.75247	0.57628	-0.13341	15.0000	0.0000	115.0000	47.0000	0.0000	0.0000	0.0000	1.0000	0.0000	0.0000	0.0000	0.0649	0.0000						25.10	-1.60	docs/artifacts/v7expo-34.bak	1		0.139121	-0.743436	0.642454	0.793058	-0.016696
v7f2b-31		31	56.30	1.5977	4.942	0.72277	68	-0.56927	0.86943	-0.35831	0.31827	1.29491	14.8250	0.7500	0.0000	28.8000	0.0000	0.0000	12.5000	11.0000	0.0250	0.0000	0.0111	0.3345	18.0000						53.90	2.40	docs/artifacts/v7f2b-31.bak	1		-0.036425	-0.385394	-0.029721	0.701826	-0.192481
v7f2t-31		31	50.30	1.6747	5.337	0.67047	194	1.09623	-0.04660	0.89331	0.12852	-1.16471	14.6750	0.1500	13.7250	34.9500	0.0000	0.0000	9.8361	13.0000	13.0500	0.9516	0.0500	0.2811	18.0250						51.30	-1.00	docs/artifacts/v7f2t-31.bak	1		-0.384952	0.102385	0.347762	-1.032670	-0.176171
v7f2t-91		91	45.30	2.0413	7.700	0.65713	227	-0.95672	-0.73597	-0.88990	-0.75583	0.28990	14.0000	0.1500	0.1750	26.2750	0.0000	0.0000	3.0928	14.0000	0.0000	0.0000	0.1688	0.1071	6.3250						47.00	-1.70	docs/artifacts/v7f2t-91.bak	1		0.107134	-0.429259	0.194869	0.819617	-0.343806
v7f3-91		91	53.80	0.7183	2.051	0.60983	374	-1.07320	0.36627	-0.66160	0.12697	1.20683	14.2000	0.0000	0.0000	28.3750	0.0000	0.0000	14.1304	9.0000	0.0000	0.0000	0.0000	0.2857	18.0750						52.80	1.00	docs/artifacts/v7f3-91.bak	1		0.018699	-0.722312	0.771961	0.629686	0.014750
v7f35b-31		31	55.90	1.0272	2.793	0.66172	210	-0.61241	-0.37898	-0.90160	-0.38226	-0.32488	14.5750	0.0000	0.0000	38.6250	0.0000	0.0000	7.5758	4.0000	27.0500	0.5222	0.0000	0.3897	0.0750						56.80	-0.90	docs/artifacts/v7f35b-31.bak	3	v7f35t-31 v7stock2-31 v7f35b-31	0.497439	-0.826001	0.914761	0.563175	-0.434110
v7f35b-96		96	49.30	1.6521	5.218	0.65821	221	0.19694	0.03007	-0.01105	0.13424	-0.49339	14.2500	0.2000	0.0250	27.5750	0.0000	0.0000	8.6022	14.0000	0.0000	0.0000	0.1996	0.2773	0.0000						45.90	3.40	docs/artifacts/v7f35b-96.bak	1		0.096047	-0.415856	0.174406	0.830323	-0.347987
v7f35b-99		99	44.70	1.4405	4.223	0.59105	438	0.38931	-0.42987	0.30895	-0.33118	-0.72333	14.5250	0.0500	0.5500	34.2750	0.0000	0.0000	16.6667	14.0000	0.6750	1.0000	0.0629	0.3213	18.1000						47.00	-2.30	docs/artifacts/v7f35b-99.bak	1		0.403727	-0.171973	-0.126049	0.234757	-0.179967
v7f35t-82		82	61.10	0.9661	2.628	0.70761	91	-0.10356	-0.11608	-0.22618	-0.05506	-0.32101	14.8000	0.0000	0.0000	42.3000	0.0000	0.0000	13.2353	7.0000	0.4750	1.0000	0.0063	0.2734	18.8250						59.20	1.90	docs/artifacts/v7f35t-82.bak	2	v7stock2-82 v7f35t-82	0.150383	-0.268395	0.861175	0.254229	-0.212413
v7f35t-93		93	56.00	0.7520	2.121	0.63520	298	0.20565	-0.36525	0.24428	-0.40604	-0.09079	15.2000	0.8500	0.0000	34.0500	0.0000	0.0000	22.2222	9.0000	0.0500	0.5000	0.0157	0.3502	17.9250						61.90	-5.90	docs/artifacts/v7f35t-93.bak	2	v7stock2-93 v7f35t-93	0.406178	-0.281600	-0.041619	0.269780	-0.384408
v7f5b-95		95	47.90	1.1918	3.293	0.59818	413	1.39134	0.10561	1.61561	0.01792	-0.05043	14.4000	0.0000	0.0000	28.2250	0.0000	0.0000	2.2222	8.0000	0.2000	1.0000	0.0000	0.3552	18.0000						47.70	0.20	docs/artifacts/v7f5b-95.bak	1		0.468769	-0.489780	0.447045	0.546127	-0.628109
v7f5b-98		98	55.00	1.2874	3.623	0.67874	173	-1.20912	0.11388	-0.77017	-0.09948	1.26291	14.7750	0.7500	0.0000	35.6250	0.0000	0.0000	11.3636	5.0000	0.0000	0.0000	0.0000	0.2797	18.0750						52.40	2.60	docs/artifacts/v7f5b-98.bak	1		0.280178	-0.575697	0.812871	0.491220	0.117478
v7f5div3-81		81	47.00	1.2988	3.665	0.59988	408	-0.80501	0.28290	-0.65025	0.15186	0.75463	14.6250	0.0000	0.0000	32.5750	0.0000	0.0000	13.5802	9.0000	0.0000	0.0000	0.0000	0.2664	19.5000						50.40	-3.40	docs/artifacts/v7f5div3-81.bak	1		0.337074	-0.831908	0.790521	0.824049	0.130446
v7f5div3-92		92	45.20	0.9529	2.593	0.54729	583	-3.20131	-0.16440	-0.40317	-0.78940	3.69964	14.6250	0.0000	0.2250	38.0750	0.0000	0.0000	26.4706	8.0000	0.0500	0.5000	0.0000	0.2945	17.9250						43.20	2.00	docs/artifacts/v7f5div3-92.bak	1		0.395073	-0.446326	0.350457	0.624224	-0.688460
v7f5t-81		81	53.00	0.9073	2.478	0.62073	333	0.15562	-0.98594	0.17892	-0.99305	-0.27587	15.0250	0.9500	0.0000	37.2000	0.0000	0.0000	13.9241	6.0000	0.6000	1.0000	0.0000	0.1307	18.0250						50.40	2.60	docs/artifacts/v7f5t-81.bak	1		0.553974	-0.610924	0.640013	0.412395	-0.558841
v7f5t-92		92	60.60	0.6666	1.948	0.67266	189	0.14925	0.76797	0.23094	0.74346	0.41049	14.2500	0.0000	0.0000	18.4750	0.0000	0.0000	8.6022	3.0000	0.0000	0.0000	0.0000	0.4244	0.0000						57.60	3.00	docs/artifacts/v7f5t-92.bak	1		0.179521	-0.889679	0.884580	0.761579	-0.123230
v7fix-31		41	36.40	1.0825	2.952	0.47225	745	0.47141	-1.00052	0.57988	-1.02957	-0.09408	15.6500	2.8000	0.1250	28.7000	0.0000	0.0000	15.7303	9.0000	0.9250	0.8710	0.0000	0.2795	12.3750						37.80	-1.40	docs/artifacts/v7fix-31.bak	3	v7fix-32 seedtest2-41 v7fix-31	-0.201711	-0.367923	0.383888	0.265811	-0.431410
v7fix1-81		81	55.00	1.6306	5.107	0.71306	79	-0.54182	-0.80817	0.74946	-0.21739	1.78439	15.2500	5.2500	2.0500	29.6250	0.0000	0.0000	17.3913	12.0000	17.7750	0.7712	0.0000	0.0815	7.6750						53.00	2.00	docs/artifacts/v7fix1-81.bak	1		-0.187768	-0.386627	0.400056	0.307891	-0.419749
v7fix1-92		92	35.00	1.4056	4.078	0.49056	716	1.36732	0.05966	0.88662	0.11798	-1.72944	14.9250	0.2000	0.0000	46.8000	0.0000	0.0000	22.7273	11.0000	26.1250	0.9770	0.4813	0.0341	0.0000						34.60	0.40	docs/artifacts/v7fix1-92.bak	1		0.369534	-0.280457	-0.020119	0.323568	-0.341936
v7force-34		34	48.90	1.4959	4.463	0.63859	281	0.05715	-0.61059	0.04107	-0.57621	-0.39253	14.8000	1.1500	0.0000	25.8250	0.0000	0.0000	8.6957	9.0000	0.6250	1.0000	0.0000	0.2567	11.8750	72.5347	-17.9514	0+8-	70.2778		45.20	3.70	docs/artifacts/v7force-34.bak	1		0.531410	-0.491331	0.441644	0.440826	-0.596966
v7gf1-31		31	41.70	1.0923	2.981	0.52623	627	0.42407	-1.31509	0.67215	-1.34710	0.03170	16.8000	16.0000	0.0000	13.4500	0.0000	0.0000	11.2500	4.0000	0.0000	0.0000	0.0000	0.2686	4.2250						38.50	3.20	docs/artifacts/v7gf1-31.bak	1		0.281388	-0.572290	0.819035	0.484736	0.123285
v7gf1-91		91	43.90	2.0345	7.648	0.64245	265	0.16763	-0.15804	-0.06711	-0.01794	-0.68967	14.2750	0.0000	0.1250	34.9000	0.0000	0.0000	13.4831	15.0000	0.0000	0.0000	0.2463	0.2251	2.9000						44.50	-0.60	docs/artifacts/v7gf1-91.bak	1		-0.141654	-0.620283	0.310007	0.818300	0.136057
v7iso1-31		31	43.50	0.8194	2.269	0.51694	645	-0.68467	0.40852	-0.58803	0.31054	0.67438	14.5000	0.0000	0.0000	28.2250	0.0000	0.0000	10.2564	3.0000	0.0000	0.0000	0.0000	0.3218	19.3500						45.20	-1.70	docs/artifacts/v7iso1-31.bak	1		0.156298	-0.930801	0.949469	0.781431	-0.186307
v7iso1-91		91	43.50	0.2654	1.304	0.46154	754	-0.70101	0.03077	-1.03013	0.00894	-0.20028	14.5250	0.0000	0.0000	40.7750	0.0000	0.0000	4.8193	5.0000	4.6500	0.9785	0.0000	0.2996	15.4000						45.90	-2.40	docs/artifacts/v7iso1-91.bak	1		0.482062	-0.837907	0.928839	0.582537	-0.412190
v7l2a-81		81	54.40	1.7636	5.834	0.72036	71	-0.46581	-0.70473	-0.43276	-0.74269	-0.07635	14.7500	0.0000	0.0000	22.9500	0.0000	0.0000	9.3023	10.0000	0.9750	0.2703	0.1750	0.2801	1.9500						53.10	1.30	docs/artifacts/v7l2a-81.bak	1		0.390891	-0.557678	0.563245	0.399997	-0.229436
v7l2c-103		103	45.40	1.6279	5.093	0.61679	347	2.36060	0.65680	2.75925	0.03672	1.38018	14.6500	0.0000	0.0000	27.9000	0.0000	0.0000	13.1579	10.0000	4.1500	0.5542	0.0000	0.2590	15.2750						46.70	-1.30	docs/artifacts/v7l2c-103.bak	1		0.376488	-0.585932	0.603709	0.440930	-0.213067
v7l2c-124		124	43.40	0.8552	2.352	0.51952	642	-0.60133	0.05988	-0.67591	0.02296	0.16473	14.5750	0.0000	0.0000	33.7000	0.0000	0.0000	9.8765	4.0000	0.1250	0.8000	0.0000	0.2675	16.1000						43.00	0.40	docs/artifacts/v7l2c-124.bak	1		0.516248	-0.809721	0.896396	0.540587	-0.462909
v7l2c-143		143	56.40	1.4838	4.410	0.71238	81	0.12328	-0.31813	-0.02079	-0.23551	-0.60933	13.9750	0.0000	0.0250	24.3500	0.0000	0.0000	10.9890	9.0000	0.3750	1.0000	0.0233	0.2923	16.9250						56.00	0.40	docs/artifacts/v7l2c-143.bak	1		0.604094	-0.100429	-0.390854	0.052677	0.634194
v7l2c-146		146	34.50	0.6712	1.957	0.41212	813	-0.48695	0.70630	-0.58925	0.66331	0.42597	14.4250	0.0000	0.0000	43.1750	0.0000	0.0000	7.3171	3.0000	0.0000	0.0000	0.0000	0.3309	0.0000						39.10	-4.60	docs/artifacts/v7l2c-146.bak	1		0.184795	-0.895279	0.895566	0.762741	-0.136327
v7l2c-149		149	50.60	0.7472	2.111	0.58072	473	-0.24508	-0.12142	-0.29414	-0.11808	-0.06458	14.5750	0.3000	0.0000	31.1500	0.0000	0.0000	11.3636	10.0000	0.4000	0.8667	0.0000	0.3004	15.6250						50.40	0.20	docs/artifacts/v7l2c-149.bak	1		0.656925	0.359964	-0.424469	-0.151068	0.337500
v7l2c-152		152	44.90	0.8322	2.298	0.53222	612	-0.01668	0.82643	0.03662	0.80816	0.44459	14.3500	0.0000	0.0000	28.1750	0.0000	0.0000	10.5882	3.0000	0.0000	0.0000	0.0000	0.4185	0.0000						45.80	-0.90	docs/artifacts/v7l2c-152.bak	1		0.161201	-0.929616	0.949133	0.771005	-0.167381
v7l2c-91		91	51.70	1.4260	4.162	0.65960	217	0.31931	-0.19021	0.12641	-0.13943	-0.70746	14.4750	0.0000	0.0500	42.4250	0.0000	0.0000	20.2532	11.0000	0.1250	1.0000	0.0817	0.2226	1.9750						51.50	0.20	docs/artifacts/v7l2c-91.bak	2	v7l2h-91 v7l2c-91	0.531650	-0.248001	0.101375	0.452427	-0.058253
v7l2f-102		102	58.60	1.0034	2.727	0.68634	157	-0.83057	0.33865	-0.70829	0.19855	0.76483	14.2500	0.0000	0.0000	33.7000	0.0000	0.0000	10.7527	9.0000	0.0000	0.0000	0.0000	0.2817	18.1750						57.80	0.80	docs/artifacts/v7l2f-102.bak	1		0.033020	-0.795916	0.858343	0.655713	-0.083503
v7l2f-142		142	36.00	1.1253	3.081	0.47253	742	0.76923	0.61487	0.85647	0.66005	-0.01564	14.8500	0.0000	0.0000	43.0750	0.0000	0.0000	16.8831	4.0000	0.0000	0.0000	0.2924	0.4380	0.0000						35.20	0.80	docs/artifacts/v7l2f-142.bak	1		0.066619	-0.878891	0.755869	0.875649	-0.256839
v7l2f-145		145	51.00	1.4735	4.365	0.65735	226	0.06378	0.03933	0.09048	-0.00490	-0.00338	14.1250	0.0000	1.1750	28.9750	0.0000	0.0000	21.2766	11.0000	1.0500	0.6667	0.1958	0.2210	18.1000						50.80	0.20	docs/artifacts/v7l2f-145.bak	1		-0.148430	-0.416268	0.447084	0.356480	-0.397373
v7l2f-148		148	29.10	0.1627	1.177	0.30727	894	0.71721	0.83168	0.76677	0.92030	-0.04569	13.9250	0.0000	0.0250	40.6750	0.0000	0.0000	5.4348	8.0000	0.0000	0.0000	0.0353	0.4837	0.0000						32.90	-3.80	docs/artifacts/v7l2f-148.bak	1		-0.095074	-0.555158	0.223586	0.797785	0.039524
v7l2f-151		151	29.90	1.4895	4.435	0.44795	775	0.52544	0.39464	0.55282	0.42375	-0.16012	13.4250	0.0000	1.5250	32.3000	0.0000	0.0000	4.3478	7.0000	0.0000	0.0000	0.1274	0.3767	0.0000						26.00	3.90	docs/artifacts/v7l2f-151.bak	1		-0.192178	-0.694453	0.409642	0.824889	0.208888
v7l2f-81		81	34.10	1.3792	3.972	0.47892	731	1.55431	0.07203	1.37929	0.22957	-1.41474	13.8250	0.0000	0.2500	28.5250	0.0000	0.0000	4.4944	6.0000	0.0000	0.0000	0.4357	0.3667	0.0000						33.60	0.50	docs/artifacts/v7l2f-81.bak	1		-0.029997	-0.901968	0.678046	0.957146	-0.365584
v7l2h-81		81	50.20	1.3880	4.007	0.64080	271	0.20784	0.38771	0.11777	0.44014	-0.20475	14.7750	0.0000	0.0250	37.5750	0.0000	0.0000	10.7692	9.0000	0.0000	0.0000	0.0563	0.2817	0.0000						51.50	-1.30	docs/artifacts/v7l2h-81.bak	1		-0.219291	-0.517367	0.342944	0.438183	-0.091847
v7l2o-91		91	51.00	1.2753	3.580	0.63753	287	-2.07596	0.07185	-0.63889	-0.25486	2.39200	14.0000	0.0000	0.2250	21.8000	0.0000	0.0000	13.0000	9.0000	0.0000	0.0000	0.0638	0.3449	18.0750						50.40	0.60	docs/artifacts/v7l2o-91.bak	1		-0.112063	-0.587873	0.254448	0.822476	0.087062
v7l2s-111		111	45.30	1.3032	3.681	0.58332	456	0.38261	0.36114	0.31839	0.40745	-0.27561	14.1750	0.0000	2.2500	29.3750	0.0000	0.0000	12.9032	10.0000	0.0000	0.0000	0.0485	0.3201	0.0000						44.00	1.30	docs/artifacts/v7l2s-111.bak	1		-0.080774	-0.615485	0.247536	0.899631	0.063132
v7l2s-91		91	54.20	1.6850	5.393	0.71050	86	-3.36504	3.14438	-0.55720	0.99586	7.26231	13.8000	0.0000	0.0000	28.8500	0.0000	0.0000	14.8936	7.0000	0.0000	0.0000	0.1572	0.2808	18.3000						53.20	1.00	docs/artifacts/v7l2s-91.bak	1		0.003624	-0.889225	0.703767	0.874687	-0.423014
v7l7-32		35	35.30	1.5686	4.800	0.50986	679	0.28611	-1.17607	0.38803	-1.17577	-0.28547	15.8750	4.2750	0.0000	28.2750	0.0000	0.0000	6.7416	11.0000	0.2250	1.0000	0.0000	0.2249	4.0750						38.50	-3.20	docs/artifacts/v7l7-32.bak	17	seedtest2-31 v7l7-33 v7l7-36 v7l7-43 v7l7-46 v7phase-36 v9-35 v7l7-31 v7l7-34 v7l7-41 v7l7-44 v8fix-35 v7l7-32 v7l7-35 v7l7-42 v7l7-45 v7phase-35	0.526685	-0.534624	0.509132	0.463057	-0.596261
v7l7-35		35	35.30	1.5686	4.800	0.50986	680	0.26054	-1.10631	0.33640	-1.09511	-0.34793	15.8750	4.2750	0.0000	28.2750	0.0000	0.0000	6.7416	11.0000	0.2250	1.0000	0.0000	0.2249	4.0750						38.50	-3.20	docs/artifacts/v7l7-35.bak	17	seedtest2-31 v7l7-33 v7l7-36 v7l7-43 v7l7-46 v7phase-36 v9-35 v7l7-31 v7l7-34 v7l7-41 v7l7-44 v8fix-35 v7l7-32 v7l7-35 v7l7-42 v7l7-45 v7phase-35	0.527036	-0.534520	0.509113	0.461564	-0.597494
v7l7-42		35	35.30	1.5686	4.800	0.50986	681	0.29919	-1.03429	0.35488	-1.02518	-0.44282	15.8750	4.2750	0.0000	28.2750	0.0000	0.0000	6.7416	11.0000	0.2250	1.0000	0.0000	0.2249	4.0750						38.50	-3.20	docs/artifacts/v7l7-42.bak	17	seedtest2-31 v7l7-33 v7l7-36 v7l7-43 v7l7-46 v7phase-36 v9-35 v7l7-31 v7l7-34 v7l7-41 v7l7-44 v8fix-35 v7l7-32 v7l7-35 v7l7-42 v7l7-45 v7phase-35	0.527381	-0.534422	0.509445	0.459041	-0.598565
v7l7-45		35	35.30	1.5686	4.800	0.50986	682	0.26591	-1.07175	0.29664	-1.01816	-0.41138	15.8750	4.2750	0.0000	28.2750	0.0000	0.0000	6.7416	11.0000	0.2250	1.0000	0.0000	0.2249	4.0750						38.50	-3.20	docs/artifacts/v7l7-45.bak	17	seedtest2-31 v7l7-33 v7l7-36 v7l7-43 v7l7-46 v7phase-36 v9-35 v7l7-31 v7l7-34 v7l7-41 v7l7-44 v8fix-35 v7l7-32 v7l7-35 v7l7-42 v7l7-45 v7phase-35	0.527720	-0.534330	0.509991	0.456197	-0.599611
v7m2_noBead-32		32	26.20	1.3323	3.790	0.39523	835	0.46944	1.10511	0.26653	1.27997	-0.35934	13.4750	0.0000	0.0000	28.8250	0.0000	0.0000	20.8333	6.0000	0.0000	0.0000	0.3333	0.2980	0.0000						25.60	0.60	docs/artifacts/v7m2_noBead-32.bak	10	v7m2_noBead-33 v7m2_noBead-36 v7m2_noTarget-33 v7m2_noBead-34 v7m2_noTarget-31 v7m2_noTarget-34 v7m2_noBead-32 v7m2_noBead-35 v7m2_noTarget-32 v7m_noBead-32	0.005250	-0.968097	0.765284	1.001361	-0.395865
v7m2_noBead-35		32	26.20	1.3323	3.790	0.39523	836	0.69640	1.08651	0.24889	1.37395	-0.72982	13.4750	0.0000	0.0000	28.8250	0.0000	0.0000	20.8333	6.0000	0.0000	0.0000	0.3333	0.2980	0.0000						25.60	0.60	docs/artifacts/v7m2_noBead-35.bak	10	v7m2_noBead-33 v7m2_noBead-36 v7m2_noTarget-33 v7m2_noBead-34 v7m2_noTarget-31 v7m2_noTarget-34 v7m2_noBead-32 v7m2_noBead-35 v7m2_noTarget-32 v7m_noBead-32	0.005289	-0.968121	0.766214	1.000905	-0.397136
v7m2_noEffects-32		36	44.00	1.5595	4.756	0.59595	426	0.55428	-1.02391	0.77224	-1.04117	-0.04993	16.7000	4.7500	0.0250	18.0250	0.0000	0.0000	5.3763	8.0000	0.0000	0.0000	0.0000	0.3233	1.0000						44.40	-0.40	docs/artifacts/v7m2_noEffects-32.bak	3	v7m2_noTarget-36 v7m2_noEffects-31 v7m2_noEffects-32	0.095439	-0.499742	0.333843	0.818303	-0.158124
v7m2_noEffects-35		33	42.00	1.1747	3.237	0.53747	608	0.21710	0.45668	0.15705	0.48685	-0.11868	14.2250	0.0500	7.4000	18.1500	0.0000	0.0000	10.6383	5.0000	0.0000	0.0000	0.0000	0.3158	1.0000						42.40	-0.40	docs/artifacts/v7m2_noEffects-35.bak	4	v7m2_noEffects-33 v7m2_noEffects-36 v7m2_noEffects-34 v7m2_noEffects-35	0.273444	-0.481023	0.882728	0.783946	-0.510620
v7m2_noTarget-32		32	26.20	1.3323	3.790	0.39523	837	1.14960	0.68927	0.54029	1.06813	-1.40954	13.4750	0.0000	0.0000	28.8250	0.0000	0.0000	20.8333	6.0000	0.0000	0.0000	0.3333	0.2980	0.0000						25.60	0.60	docs/artifacts/v7m2_noTarget-32.bak	10	v7m2_noBead-33 v7m2_noBead-36 v7m2_noTarget-33 v7m2_noBead-34 v7m2_noTarget-31 v7m2_noTarget-34 v7m2_noBead-32 v7m2_noBead-35 v7m2_noTarget-32 v7m_noBead-32	0.005398	-0.968185	0.769077	1.000438	-0.399182
v7m2_noTarget-35		35	41.40	1.8589	6.417	0.59989	407	0.16012	-0.40687	0.05719	-0.31194	-0.61367	14.3000	0.0500	0.0000	33.2000	0.0000	0.0000	11.3636	17.0000	1.2000	0.9583	0.0063	0.3289	1.4500						42.00	-0.60	docs/artifacts/v7m2_noTarget-35.bak	1		0.387524	-0.230847	-0.095030	0.294459	-0.306027
v7m_noBead-32		32	26.20	1.3323	3.790	0.39523	838	0.67573	-1.60725	0.96445	-1.63133	-0.04897	13.4750	0.0000	0.0000	28.8250	0.0000	0.0000	20.8333	6.0000	0.0000	0.0000	0.3333	0.2980	0.0000						25.60	0.60	docs/artifacts/v7m_noBead-32.bak	10	v7m2_noBead-33 v7m2_noBead-36 v7m2_noTarget-33 v7m2_noBead-34 v7m2_noTarget-31 v7m2_noTarget-34 v7m2_noBead-32 v7m2_noBead-35 v7m2_noTarget-32 v7m_noBead-32	0.005511	-0.968269	0.771377	1.000000	-0.400903
v7n1-93	历代上槽	93	43.90	1.5721	4.817	0.59621	421	-0.17951	0.09034	-0.09374	0.04726	0.19333	14.4500	0.9500	0.8750	27.3500	0.0000	0.0000	16.3265	9.0000	0.0000	0.0000	0.0215	0.2647	18.0000	78.4462	-12.0399	0+8-	77.3611		49.20	-5.30	docs/artifacts/v7n1-93.bak	1		0.084422	-0.387214	0.118362	0.826992	-0.334625
v7new1-82		82	55.90	0.7268	2.069	0.63168	307	-0.60498	0.18539	-0.53887	0.11294	0.41862	14.5750	0.0500	0.0000	31.6500	0.0000	0.0000	11.3924	8.0000	0.3750	0.0000	0.0000	0.2804	18.0250						53.00	2.90	docs/artifacts/v7new1-82.bak	1		0.641369	0.329269	-0.416316	-0.159426	0.275034
v7new1-93		93	44.90	0.8615	2.367	0.53515	609	-0.48602	-0.54273	0.38471	-0.19775	1.29638	14.2750	0.0000	0.0000	39.8250	0.0000	0.0000	17.4419	6.0000	0.0500	1.0000	0.0000	0.2602	17.0750						48.00	-3.10	docs/artifacts/v7new1-93.bak	1		0.578348	-0.717069	0.769536	0.492848	-0.599640
v7new2-82		82	44.00	0.8726	2.393	0.52726	623	-0.14595	0.26386	-0.08257	0.21423	0.28447	14.4000	0.9500	0.0000	31.6250	0.0000	0.0000	8.1395	7.0000	0.0000	0.0000	0.0000	0.2842	1.9000						41.70	2.30	docs/artifacts/v7new2-82.bak	2	v7new2-82 v7new3-82	0.540773	-1.012036	1.050000	0.355863	-0.003353
v7new2-93		93	49.70	1.8935	6.643	0.68635	155	3.37834	0.10475	1.70405	0.21678	-4.17235	13.6250	0.0000	4.2750	22.7750	0.0000	0.0000	9.0909	8.0000	0.0000	0.0000	0.1569	0.3291	7.9500						49.60	0.10	docs/artifacts/v7new2-93.bak	2	v7new2-93 v7new3-93	-0.080138	-0.550593	0.215207	0.809981	0.012753
v7new3-82		82	44.00	0.8726	2.393	0.52726	624	-0.03883	0.31897	-0.01085	0.25496	0.23339	14.4000	0.9500	0.0000	31.6250	0.0000	0.0000	8.1395	7.0000	0.0000	0.0000	0.0000	0.2842	1.9000						41.70	2.30	docs/artifacts/v7new3-82.bak	2	v7new2-82 v7new3-82	0.540896	-1.012312	1.050000	0.355949	-0.003002
v7new3-93		93	49.70	1.8935	6.643	0.68635	156	-2.14725	-0.94627	0.52279	0.09513	4.67023	13.6250	0.0000	4.2750	22.7750	0.0000	0.0000	9.0909	8.0000	0.0000	0.0000	0.1569	0.3291	7.9500						49.60	0.10	docs/artifacts/v7new3-93.bak	2	v7new2-93 v7new3-93	-0.080270	-0.550890	0.215296	0.810285	0.013021
v7new4-82		82	51.80	0.5468	1.728	0.57268	505	-0.57657	0.59241	-0.65212	0.56105	0.47223	14.9500	0.0000	0.0000	44.2500	0.0000	0.0000	5.5556	2.0000	0.0000	0.0000	0.0000	0.2821	1.0000						51.00	0.80	docs/artifacts/v7new4-82.bak	1		0.023732	-0.757108	0.821740	0.677134	0.049994
v7new4-93		93	43.60	0.0877	1.092	0.44477	779	-0.20528	-0.02908	-0.28711	-0.01324	-0.10657	14.9000	0.1500	0.0000	36.2250	0.0000	0.0000	12.6761	7.0000	1.0750	0.9535	0.0000	0.2660	17.6500						45.80	-2.20	docs/artifacts/v7new4-93.bak	1		0.560526	-0.613729	0.646999	0.404054	-0.562154
v7new5_005-82		82	50.60	0.8332	2.301	0.58932	440	-0.09602	0.34946	0.05866	0.27007	0.41029	14.6750	0.0000	0.1500	41.8000	0.0000	0.0000	19.2771	5.0000	0.0000	0.0000	0.0000	0.2692	18.1000						50.10	0.50	docs/artifacts/v7new5_005-82.bak	1		-0.072713	-0.779838	0.744001	0.671525	0.226530
v7new5_005-93		93	56.90	0.9089	2.482	0.65989	215	0.18137	-0.44525	0.11878	-0.39590	-0.51887	15.4500	1.4000	0.0000	39.4250	0.0000	0.0000	7.5949	7.0000	0.0500	1.0000	0.0000	0.2628	0.0000						52.70	4.20	docs/artifacts/v7new5_005-93.bak	1		0.570850	-0.615302	0.652088	0.420290	-0.595120
v7new5_01-82		82	37.00	0.5979	1.818	0.42979	802	0.13319	-0.18480	-0.04150	-0.11037	-0.60576	14.6250	0.0000	0.1250	38.3000	0.0000	0.0000	10.1695	4.0000	2.7750	1.0000	0.0000	0.3063	0.0000						43.70	-6.70	docs/artifacts/v7new5_01-82.bak	1		-0.079374	-0.319466	0.972908	0.522145	-0.072190
v7new5_01-93		93	46.50	1.4249	4.157	0.60749	378	-0.46205	0.33520	-0.43500	0.26800	0.39023	14.4750	0.0000	0.0000	31.3750	0.0000	0.0000	10.2273	6.0000	0.0000	0.0000	0.0063	0.2288	18.8250						47.00	-0.50	docs/artifacts/v7new5_01-93.bak	1		-0.205097	-0.720337	0.451377	0.830400	0.235192
v7new6-95		95	49.20	0.7593	2.137	0.56793	523	-2.46969	-0.38062	-0.74973	-0.78170	2.58878	14.8000	0.0000	0.4750	36.0250	0.0000	0.0000	13.4328	5.0000	0.0000	0.0000	0.0000	0.2867	18.0250						48.50	0.70	docs/artifacts/v7new6-95.bak	1		-0.064301	-0.775408	0.749527	0.662967	0.209830
v7new6-98		98	50.30	1.2139	3.366	0.62439	325	0.52815	-1.42682	0.73699	-1.43568	-0.14968	17.2000	15.3500	0.0750	15.5750	0.0000	0.0000	12.5000	7.0000	0.2000	1.0000	0.0000	0.2007	14.7250						50.20	0.10	docs/artifacts/v7new6-98.bak	1		0.196876	0.290659	-0.153548	-0.981703	0.342844
v7noteach1-81		81	55.80	1.3470	3.846	0.69270	140	0.59226	-0.64016	0.54774	-0.56851	-0.72858	14.2250	0.0000	0.6750	22.9250	0.0000	0.0000	16.0920	9.0000	2.5000	1.0000	0.0065	0.3964	0.0000						52.90	2.90	docs/artifacts/v7noteach1-81.bak	1		-0.118199	-0.533498	0.205780	0.744643	0.065453
v7noteach1-92		92	35.50	1.4961	4.464	0.50461	690	0.62615	0.46366	0.90641	0.12836	0.96272	14.1250	0.0000	0.0000	23.8500	0.0000	0.0000	15.0538	5.0000	7.1250	0.6211	0.0000	0.2888	18.0250						40.50	-5.00	docs/artifacts/v7noteach1-92.bak	1		0.469272	-0.849093	0.944315	0.595516	-0.394275
v7phase-32		32	59.60	1.0315	2.805	0.69915	120	0.59688	-0.00753	0.87972	0.10048	-0.10886	14.2250	0.0000	0.0000	21.8000	0.0000	0.0000	15.7895	4.0000	0.0250	1.0000	0.0000	0.3636	0.0000						55.20	4.40	docs/artifacts/v7phase-32.bak	9	v7phase-33 v7salt-32 v7salt-35 v7phase-31 v7phase-34 v7salt-33 v7salt-36 v7phase-32 v7salt-34	0.579900	-0.717465	0.770417	0.495893	-0.605581
v7phase-35		35	35.30	1.5686	4.800	0.50986	683	0.24652	-1.05900	0.31846	-1.04426	-0.38722	15.8750	4.2750	0.0000	28.2750	0.0000	0.0000	6.7416	11.0000	0.2250	1.0000	0.0000	0.2249	4.0750						38.50	-3.20	docs/artifacts/v7phase-35.bak	17	seedtest2-31 v7l7-33 v7l7-36 v7l7-43 v7l7-46 v7phase-36 v9-35 v7l7-31 v7l7-34 v7l7-41 v7l7-44 v8fix-35 v7l7-32 v7l7-35 v7l7-42 v7l7-45 v7phase-35	0.532940	-0.532660	0.510968	0.453618	-0.617427
v7press1-31		31	47.20	0.5529	1.738	0.52729	622	-0.56242	0.45677	-0.44688	0.35077	0.68456	14.3500	0.0000	0.0000	27.5000	0.0000	0.0000	10.8696	4.0000	0.0000	0.0000	0.0000	0.3031	18.1250						51.40	-4.20	docs/artifacts/v7press1-31.bak	1		0.162635	-0.946507	0.973571	0.793278	-0.167811
v7press1-91		91	48.80	0.6653	1.945	0.55453	567	-0.72055	0.46566	-0.93718	0.39858	0.30246	14.9000	0.0000	0.0000	39.0750	0.0000	0.0000	13.5135	2.0000	0.0000	0.0000	0.0000	0.2421	14.0250						50.70	-1.90	docs/artifacts/v7press1-91.bak	1		0.276067	-0.917762	0.919836	0.732811	0.047647
v7press2-31		31	40.80	1.5205	4.575	0.56005	550	1.86760	-0.04274	1.05371	0.10158	-2.54122	13.8250	0.2000	1.9000	45.0500	0.0000	0.0000	5.3191	15.0000	1.3000	1.0000	0.0881	0.1604	4.9250						43.80	-3.00	docs/artifacts/v7press2-31.bak	1		0.275837	0.359712	-0.176405	-0.423257	0.081821
v7press2-91		91	45.70	0.5556	1.743	0.51256	660	-0.62019	0.69911	-0.92941	0.62546	0.18481	14.9250	0.0000	0.0000	46.0000	0.0000	0.0000	13.3333	2.0000	0.0000	0.0000	0.0000	0.2862	1.0000						51.90	-6.20	docs/artifacts/v7press2-91.bak	1		0.015914	-0.750226	0.810720	0.666625	0.069140
v7press3-31		31	56.30	1.7881	5.978	0.74181	29	1.11727	0.75877	1.30642	0.80887	0.06916	14.9500	0.0000	15.3750	40.7750	0.0000	0.0000	14.4928	9.0000	0.0000	0.0000	0.4188	0.3648	0.0000						57.30	-1.00	docs/artifacts/v7press3-31.bak	2	v7ws1-31 v7press3-31	-0.106543	-0.580523	0.248083	0.817032	0.071873
v7press3-91	历代上槽	91	57.00	2.0238	7.567	0.77238	6	0.94949	-0.30015	0.51384	-0.08302	-1.55270	13.5750	0.0000	0.2500	30.7250	0.0000	0.0000	11.3402	15.0000	0.1250	1.0000	0.0875	0.2929	18.0250						54.20	2.80	docs/artifacts/v7press3-91.bak	2	v7ws1-91 v7press3-91	0.602994	-0.145650	-0.365293	-0.022165	0.684282
v7protoE-31		31	57.60	0.0519	1.053	0.58119	468	-1.15871	0.34141	-0.84854	0.11694	1.23098	14.8250	0.0000	0.0000	36.6750	0.0000	0.0000	16.6667	3.0000	0.0000	0.0000	0.0000	0.2951	19.8750						58.90	-1.30	docs/artifacts/v7protoE-31.bak	1		0.289562	-0.980207	0.964932	0.860773	0.047320
v7r2-35	历代上槽	35	43.20	1.3469	3.845	0.56669	528	0.20468	-0.86381	0.19752	-0.82433	-0.56660	14.8250	4.6500	0.0000	25.1250	0.0000	0.0000	7.2165	9.0000	0.8250	1.0000	0.0000	0.2807	17.9250						42.10	1.10	docs/artifacts/v7r2-35.bak	2	v7force2-35 v7r2-35	0.534719	-0.489508	0.435518	0.431484	-0.602907
v7r3-52		52	54.40	0.9331	2.542	0.63731	290	0.81726	1.14381	-0.19904	0.97908	-1.70398	14.8750	0.0000	0.0000	41.3000	0.0000	0.0000	9.8592	7.0000	0.0000	0.0000	0.0000	0.3055	18.0250						54.80	-0.40	docs/artifacts/v7r3-52.bak	1		0.240770	-0.993675	1.000000	0.872320	-0.034541
v7rand-34		33	46.50	1.1486	3.154	0.57986	478	2.08304	-0.03202	2.41510	-0.34982	0.51929	14.8500	4.0000	0.1500	28.3500	0.0000	0.0000	8.8889	10.0000	6.5250	0.9458	0.0000	0.2799	16.5500						44.50	2.00	docs/artifacts/v7rand-34.bak	4	v7rand-35 v7rand-33 v7rand-36 v7rand-34	-0.202951	-0.365300	0.382965	0.261219	-0.433127
v7rb1-31		31	47.30	0.4314	1.539	0.51614	649	-0.54213	0.44541	-0.62407	0.38710	0.34864	14.6750	0.0000	0.0000	42.9750	0.0000	0.0000	6.5789	3.0000	0.0000	0.0000	0.0000	0.2760	3.8250						50.10	-2.80	docs/artifacts/v7rb1-31.bak	1		0.263481	-0.891039	0.861911	0.715366	0.078299
v7rb2-31		31	49.90	1.2514	3.495	0.62414	326	-0.24087	-0.41299	-0.38223	-0.37169	-0.37463	14.5250	0.0500	0.0000	34.2750	0.0000	0.0000	10.0000	8.0000	35.3750	0.9915	0.0000	0.2199	9.9500						47.60	2.30	docs/artifacts/v7rb2-31.bak	1		0.542489	-0.408750	0.246051	0.471932	-0.482444
v7ring-34		34	36.60	1.1055	3.021	0.47655	737	-0.02872	0.64835	0.06195	0.60702	0.46549	14.2750	0.0000	0.0000	22.5000	0.0000	0.0000	13.6842	6.0000	0.0000	0.0000	0.2008	0.4010	0.0000						34.20	2.40	docs/artifacts/v7ring-34.bak	1		0.049583	-0.912245	0.783572	0.916222	-0.330441
v7ringA1-82		82	42.90	0.4431	1.558	0.47331	740	-1.74110	-0.04864	-0.61371	-0.32432	2.25776	14.2250	3.1000	0.0500	33.9500	0.0000	0.0000	27.8351	10.0000	0.1500	0.8333	0.0440	0.2820	18.0750						44.60	-1.70	docs/artifacts/v7ringA1-82.bak	1		-0.042359	0.221624	0.099503	-0.702120	0.457636
v7ringA1-93		93	35.00	0.1836	1.202	0.36836	866	-0.35846	0.43480	-0.45190	0.41931	0.21557	14.7250	0.0000	0.0000	40.5250	0.0000	0.0000	14.4928	3.0000	0.0000	0.0000	0.0000	0.2893	17.9750						42.80	-7.80	docs/artifacts/v7ringA1-93.bak	1		0.295475	-0.988455	0.967543	0.879815	0.061174
v7ringB1-82		82	47.40	1.2612	3.530	0.60012	406	0.10754	-0.49430	0.01594	-0.45164	-0.53016	14.5500	0.0000	0.7750	41.9750	0.0000	0.0000	11.1111	12.0000	5.0250	0.9652	0.0027	0.2806	18.5000						48.10	-0.70	docs/artifacts/v7ringB1-82.bak	1		0.022654	-0.232545	-0.258498	-0.765680	0.328971
v7ringB1-93		93	42.80	1.5542	4.731	0.58342	455	-0.05993	-0.24972	-0.10894	-0.24366	-0.23630	13.7750	0.4500	0.0000	21.4500	0.0000	0.0000	9.0909	11.0000	2.0750	0.8434	0.0000	0.3576	18.0500	79.7396	-10.7465	0+8-	81.2500		40.50	2.30	docs/artifacts/v7ringB1-93.bak	1		0.561309	-0.512404	0.489880	0.423817	-0.651516
v7ringT-82		82	57.90	0.9516	2.590	0.67416	185	0.73924	-1.67241	1.06471	-1.72383	-0.13745	15.0000	0.0000	0.0000	37.6500	0.0000	0.0000	13.1148	3.0000	0.0000	0.0000	0.0000	0.3454	18.0000						54.60	3.30	docs/artifacts/v7ringT-82.bak	4	v7ctrlE-82 v7roleC-82 v7ringT-82 v7ringT2-82	0.285384	-0.931980	0.950846	0.751167	0.060369
v7ringT-93		93	55.10	0.7943	2.213	0.63043	311	0.05775	0.73262	0.18874	0.69026	0.52955	14.3000	0.0000	0.0000	23.3000	0.0000	0.0000	9.7826	4.0000	0.0000	0.0000	0.0000	0.4327	5.0750						52.10	3.00	docs/artifacts/v7ringT-93.bak	3	v7roleC-93 v7ringT-93 v7ringT2-93	0.193247	-0.932255	0.949597	0.764032	-0.105951
v7ringT2-82		82	57.90	0.9516	2.590	0.67416	186	-0.51577	0.52342	-0.46020	0.39455	0.62410	15.0000	0.0000	0.0000	37.6500	0.0000	0.0000	13.1148	3.0000	0.0000	0.0000	0.0000	0.3454	18.0000						54.60	3.30	docs/artifacts/v7ringT2-82.bak	4	v7ctrlE-82 v7roleC-82 v7ringT-82 v7ringT2-82	0.284886	-0.932520	0.951986	0.751866	0.059572
v7ringT2-93		93	55.10	0.7943	2.213	0.63043	312	0.12078	0.63968	0.28317	0.60871	0.51892	14.3000	0.0000	0.0000	23.3000	0.0000	0.0000	9.7826	4.0000	0.0000	0.0000	0.0000	0.4327	5.0750						52.10	3.00	docs/artifacts/v7ringT2-93.bak	3	v7roleC-93 v7ringT-93 v7ringT2-93	0.193772	-0.933268	0.951679	0.764308	-0.104729
v7ringT3-82		82	52.10	0.5338	1.705	0.57438	501	-0.50401	0.18180	-0.25784	0.04330	0.61990	14.8000	0.0000	0.0000	32.8750	0.0000	0.0000	15.7895	8.0000	0.0000	0.0000	0.0125	0.2842	18.1500						51.30	0.80	docs/artifacts/v7ringT3-82.bak	1		-0.034700	-0.698069	0.764582	0.804901	0.184594
v7ringT3-93		93	52.20	0.8806	2.412	0.61006	372	-0.27916	-0.20037	-0.47477	-0.21915	-0.33980	14.8250	0.0000	0.0000	38.6500	0.0000	0.0000	13.3333	4.0000	45.8250	0.9815	0.0000	0.4017	15.0500						52.90	-0.70	docs/artifacts/v7ringT3-93.bak	1		0.324644	-0.909376	0.957802	0.688096	0.056755
v7role1-82		82	61.50	0.5311	1.701	0.66811	198	-0.05591	0.54637	-0.08783	0.49549	0.22749	14.8000	0.0000	0.0000	38.8750	0.0000	0.0000	20.5128	2.0000	0.0000	0.0000	0.0000	0.3599	0.0000						58.50	3.00	docs/artifacts/v7role1-82.bak	1		0.264121	-0.938976	0.947556	0.778923	0.028314
v7role1-93		93	39.10	0.2077	1.231	0.41177	814	-1.12152	0.29877	-0.79786	0.12296	1.09453	14.7500	0.0000	0.0000	35.2250	0.0000	0.0000	8.7500	6.0000	0.0000	0.0000	0.0000	0.2882	19.8500						44.20	-5.10	docs/artifacts/v7role1-93.bak	1		0.268165	-1.000000	0.993563	0.883589	0.009910
v7role12-95		95	56.20	0.0837	1.087	0.57037	516	-0.68887	0.47408	-0.82603	0.38218	0.32222	14.6500	0.0000	0.0000	45.0000	0.0000	0.0000	10.8108	3.0000	0.0000	0.0000	0.0000	0.3262	10.6000						58.20	-2.00	docs/artifacts/v7role12-95.bak	1		0.222395	-1.022043	1.050000	0.830625	-0.007470
v7role1w-81		81	52.60	1.0240	2.784	0.62840	317	0.00341	-0.40312	-0.17101	-0.35187	-0.64895	14.5250	0.0000	0.0000	30.1000	0.0000	0.0000	18.5714	6.0000	2.7000	1.0000	0.0000	0.1893	15.1500						57.30	-4.70	docs/artifacts/v7role1w-81.bak	1		0.595270	-0.770995	0.855061	0.530932	-0.618379
v7role1w-92		92	50.10	1.0983	2.999	0.61083	368	-0.15778	0.04234	-0.14930	0.03860	0.04366	14.6250	0.0000	1.4250	32.0250	0.0000	0.0000	11.2676	9.0000	0.0000	0.0000	0.0000	0.2900	16.3500						52.10	-2.00	docs/artifacts/v7role1w-92.bak	1		-0.159558	-0.891831	0.890949	0.916007	0.121251
v7role5-81		81	30.10	0.0000	1.000	0.30100	896	0.34583	0.81267	0.49922	0.72594	0.45573	14.6750	0.0000	0.0000	32.7000	0.0000	0.0000	10.6667	1.0000	0.0000	0.0000	0.0000	0.4920	0.0000						32.30	-2.20	docs/artifacts/v7role5-81.bak	1		0.219450	-1.024902	1.050000	0.823179	-0.003801
v7role5-92		92	50.80	0.3659	1.442	0.54459	589	-0.82113	0.07002	-0.40294	-0.02113	0.83579	14.7250	0.0000	0.0000	30.3250	0.0000	0.0000	9.1954	7.0000	0.0000	0.0000	0.0314	0.2993	20.0000						53.90	-3.10	docs/artifacts/v7role5-92.bak	1		-0.020069	-0.988226	0.770376	1.023324	-0.458697
v7roleC-81		81	28.20	0.8893	2.434	0.37093	864	1.50609	-0.01019	1.19841	0.14273	-1.68722	13.8000	0.0000	0.0000	29.4000	0.0000	0.0000	6.3158	5.0000	0.0000	0.0000	0.1498	0.3668	0.0000						27.90	0.30	docs/artifacts/v7roleC-81.bak	4	v7ringT-81 v7ringT2-81 v7ctrlE-81 v7roleC-81	0.016631	-0.941119	0.774691	0.949113	-0.407585
v7roleC-92		92	59.30	0.2243	1.251	0.61543	353	-0.78918	0.44924	-0.84692	0.30540	0.64484	14.7750	0.0000	0.0000	37.5750	0.0000	0.0000	13.8462	2.0000	0.0000	0.0000	0.0000	0.2878	18.0000						63.30	-4.00	docs/artifacts/v7roleC-92.bak	3	v7ringT-92 v7ringT2-92 v7roleC-92	0.297551	-0.987831	0.968417	0.876798	0.068022
v7roleC2-94		94	44.70	1.7251	5.613	0.61951	334	0.25539	0.17739	0.11622	0.24559	-0.43710	14.3500	0.0000	0.2000	40.0750	0.0000	0.0000	11.8280	10.0000	0.0000	0.0000	0.0796	0.1474	8.1000						53.10	-8.40	docs/artifacts/v7roleC2-94.bak	1		-0.135200	-0.605572	0.276931	0.824054	0.127337
v7s4-31		31	54.60	1.6846	5.390	0.71446	77	1.00376	-0.23956	1.18451	-0.22440	-0.24502	14.1000	0.2500	0.0000	18.1250	0.0000	0.0000	8.0000	9.0000	3.5250	0.9559	0.0189	0.3533	14.9250						51.00	3.60	docs/artifacts/v7s4-31.bak	1		0.371292	-0.283694	-0.018010	0.323012	-0.350729
v7s5-31		31	51.30	0.9942	2.702	0.61242	362	0.32534	0.52743	0.35067	0.53517	0.07680	14.3250	0.0000	0.1500	31.3250	0.0000	0.0000	10.8434	7.0000	0.0000	0.0000	0.0313	0.4087	0.0000						48.20	3.10	docs/artifacts/v7s5-31.bak	1		-0.202324	-0.707304	0.429358	0.827709	0.229793
v7s6-31		31	58.50	1.1215	3.069	0.69715	124	-0.33871	-0.42806	-0.55508	-0.23681	-0.58998	14.1250	0.0000	0.0000	29.5750	0.0000	0.0000	11.9565	7.0000	0.1250	1.0000	0.0000	0.3889	20.0000						57.40	1.10	docs/artifacts/v7s6-31.bak	1		0.596073	-0.760776	0.839705	0.521822	-0.622791
v7s7-31		31	49.70	0.8450	2.328	0.58150	467	0.08130	0.44387	0.17544	0.39767	0.35720	14.2500	0.0000	0.0000	29.6750	0.0000	0.0000	16.4384	6.0000	0.0000	0.0000	0.0042	0.3896	18.5500						49.80	-0.10	docs/artifacts/v7s7-31.bak	1		0.018740	-0.940477	0.785956	0.945959	-0.430513
v7s8-31		31	49.70	1.6693	5.308	0.66393	205	0.08456	-0.39935	-0.08530	-0.28481	-0.72300	14.2250	0.0500	0.0000	27.2000	0.0000	0.0000	12.3711	12.0000	0.0750	1.0000	0.1021	0.2834	18.2000						50.60	-0.90	docs/artifacts/v7s8-31.bak	1		-0.146790	-0.039110	0.791360	-0.594460	-0.003702
v7s9-31		31	53.80	1.0777	2.938	0.64577	255	-0.15793	0.45887	-0.08490	0.41091	0.39917	14.4750	0.5000	0.0000	25.2250	0.0000	0.0000	11.2360	6.0000	0.0000	0.0000	0.0000	0.3960	15.0250						53.40	0.40	docs/artifacts/v7s9-31.bak	1		0.287652	-0.563085	0.832717	0.464276	0.139315
v7salt-31		31	47.60	1.4693	4.346	0.62293	327	0.51848	-0.38140	0.31270	-0.20557	-1.03983	14.3000	0.0000	5.0250	28.6500	0.0000	0.0000	10.7143	9.0000	0.0250	1.0000	0.0000	0.2218	15.3750	74.8524	-15.6337	0+8-	75.3472		44.20	3.40	docs/artifacts/v7salt-31.bak	1		-0.307495	-0.507983	0.391842	0.322728	-0.130417
v7salt-34		32	59.60	1.0315	2.805	0.69915	121	1.07968	-0.14197	1.09174	0.00182	-0.82374	14.2250	0.0000	0.0000	21.8000	0.0000	0.0000	15.7895	4.0000	0.0250	1.0000	0.0000	0.3636	0.0000						55.20	4.40	docs/artifacts/v7salt-34.bak	9	v7phase-33 v7salt-32 v7salt-35 v7phase-31 v7phase-34 v7salt-33 v7salt-36 v7phase-32 v7salt-34	0.581432	-0.719858	0.774730	0.496882	-0.607950
v7seat-34		34	51.60	1.5652	4.784	0.67252	190	0.19907	-0.00872	0.15686	0.02387	-0.26940	14.5250	0.0000	0.0750	32.0500	0.0000	0.0000	13.9535	10.0000	0.0000	0.0000	0.0377	0.2101	6.1500						52.10	-0.50	docs/artifacts/v7seat-34.bak	1		-0.162801	-0.625729	0.304443	0.820082	0.176494
v7seat2-48		48	56.20	0.9150	2.497	0.65350	233	-0.22421	0.36814	-0.20517	0.33442	0.27783	14.4750	0.0000	0.0250	27.9500	0.0000	0.0000	8.6420	4.0000	0.0000	0.0000	0.0000	0.2915	3.9500						52.80	3.40	docs/artifacts/v7seat2-48.bak	1		0.823901	-0.682972	0.515517	0.867494	0.513599
v7seat24-31	历代上槽	31	38.20	0.0000	1.000	0.38200	849	-0.35180	0.24527	0.09430	0.46965	0.99885	15.0000	0.0000	0.0000	47.0000	0.0000	0.0000	0.0000	1.0000	0.0000	0.0000	0.0000	0.2211	0.0000						39.80	-1.60	docs/artifacts/v7seat24-31.bak	2	v7seat24-31 v7seat24b-31	0.247857	-0.932848	0.945811	0.750847	-0.000674
v7seat24b-31		31	38.20	0.0000	1.000	0.38200	850	-0.39832	0.22495	-0.05563	0.34624	0.86664	15.0000	0.0000	0.0000	47.0000	0.0000	0.0000	0.0000	1.0000	0.0000	0.0000	0.0000	0.2211	0.0000						39.80	-1.60	docs/artifacts/v7seat24b-31.bak	2	v7seat24-31 v7seat24b-31	0.247746	-0.933088	0.950521	0.750108	-0.000911
v7seat24b-93		93	43.80	1.4161	4.121	0.57961	479	0.55248	-0.61722	0.60024	-0.60889	-0.39769	14.6000	2.1750	0.0000	26.8750	0.0000	0.0000	8.5106	11.0000	14.4750	0.8159	0.0000	0.2853	16.8750						47.00	-3.20	docs/artifacts/v7seat24b-93.bak	1		-0.049560	-0.065748	0.322158	-0.049103	0.844498
v7stock1-81		81	53.30	0.4459	1.562	0.57759	491	-1.58433	0.19584	-0.87572	-0.06470	1.64475	14.2250	0.0000	0.0000	28.3750	0.0000	0.0000	5.6818	6.0000	0.0000	0.0000	0.0000	0.3053	18.3000						57.10	-3.80	docs/artifacts/v7stock1-81.bak	1		0.825147	-0.684210	0.517285	0.868997	0.517055
v7stock1-92		92	54.10	1.1639	3.202	0.65739	225	0.20102	0.07811	0.27602	0.09159	-0.04801	14.8000	0.0000	0.0500	39.4750	0.0000	0.0000	5.1948	10.0000	0.0000	0.0000	0.0000	0.2756	1.6000						52.60	1.50	docs/artifacts/v7stock1-92.bak	1		-0.079666	-0.780187	0.740025	0.667358	0.244427
v7stock2-81		81	46.00	0.9647	2.624	0.55647	559	-0.75978	-0.69001	0.17345	-0.41360	1.32934	14.6000	0.0750	0.0000	34.3250	0.0000	0.0000	17.5000	9.0000	16.0750	0.9751	0.0000	0.2881	20.0000						49.40	-3.40	docs/artifacts/v7stock2-81.bak	2	v7f35t-81 v7stock2-81	0.491077	0.279425	-0.127786	0.050579	0.172315
v7stock2-92		92	52.00	0.8357	2.306	0.60357	397	-0.47600	0.21658	-0.44555	0.14808	0.36696	14.5750	0.0000	0.0000	33.9250	0.0000	0.0000	10.8108	6.0000	0.0000	0.0000	0.0000	0.2962	19.1250						55.00	-3.00	docs/artifacts/v7stock2-92.bak	2	v7f35t-92 v7stock2-92	0.821283	-0.671300	0.490278	0.854255	0.495934
v7sub1-81		81	42.20	1.1973	3.311	0.54173	593	0.72826	-0.26022	0.57956	-0.05824	-1.02266	14.5250	0.0000	2.7500	28.3250	0.0000	0.0000	10.8434	5.0000	0.4000	1.0000	0.0000	0.3514	7.2750						44.80	-2.60	docs/artifacts/v7sub1-81.bak	1		-0.307837	-0.509025	0.393745	0.322821	-0.127804
v7sub1-92		92	64.20	0.9481	2.581	0.73681	35	-0.22552	0.57247	-0.11710	0.49343	0.59574	14.5250	0.0000	0.0000	25.1000	0.0000	0.0000	16.0920	3.0000	0.0000	0.0000	0.0000	0.3596	16.0250						61.80	2.40	docs/artifacts/v7sub1-92.bak	1		0.825076	-0.683654	0.515653	0.868317	0.515913
v7t1-82		82	60.60	1.7688	5.864	0.78288	3	1.90805	-0.07866	1.30323	0.05121	-2.16139	14.2250	0.4000	3.3000	26.8000	0.0000	0.0000	8.4211	9.0000	0.0000	0.0000	0.0711	0.2808	16.5750	93.8455	3.3594	7+1-	90.6250		56.30	4.30	docs/artifacts/v7t1-82.bak	1		0.079123	-0.389498	0.127575	0.842190	-0.355013
v7t2-82		82	48.80	2.1007	8.172	0.69807	122	2.24359	0.14862	1.32935	0.18784	-2.73294	14.5500	0.2000	1.9250	32.6500	0.0000	0.0000	13.2530	10.0000	2.7750	0.9730	0.1509	0.2565	15.9250	84.7830	-5.7031	0+8-	82.2222		49.80	-1.00	docs/artifacts/v7t2-82.bak	1		0.590038	0.327031	-0.349928	-0.197853	0.251208
v7teach-33		33	42.20	1.8444	6.324	0.60644	387	0.79364	0.51023	0.63666	0.63053	-0.68009	14.0500	0.0000	7.8750	30.0500	0.0000	0.0000	6.1856	10.0000	0.0000	0.0000	0.2500	0.2202	18.4750						41.30	0.90	docs/artifacts/v7teach-33.bak	2	v7wall-33 v7teach-33	-0.074044	-0.623017	0.246813	0.917044	0.055393
v7teach2-32		32	41.30	2.0079	7.448	0.61379	358	1.90349	0.00607	1.05621	0.09441	-2.44501	14.1000	2.5250	0.5000	27.4500	0.0000	0.0000	10.8696	17.0000	0.7500	1.0000	0.1500	0.3366	0.0000						40.20	1.10	docs/artifacts/v7teach2-32.bak	1		-0.603944	0.716093	-0.498483	-0.334989	-0.411692
v7tgt2-52	历代上槽	52	45.00	1.5701	4.807	0.60701	382	0.87098	-0.53786	0.63951	-0.23779	-1.41803	14.2750	0.0000	6.1250	31.1000	0.0000	0.0000	6.7416	10.0000	0.0250	1.0000	0.0351	0.2976	1.6500						42.20	2.80	docs/artifacts/v7tgt2-52.bak	1		0.593176	-0.169517	-0.332592	-0.070835	0.682648
v7tgt4-63		63	59.00	1.8549	6.391	0.77549	4	0.09536	-1.16969	-0.12190	-0.60280	-1.80341	14.2250	0.8500	0.0250	31.2500	0.0000	0.0000	8.8608	21.0000	1.6750	1.0000	0.0000	0.1498	0.3750						56.30	2.70	docs/artifacts/v7tgt4-63.bak	1		0.206061	0.376795	-0.126119	-0.532909	0.222633
v7tgt5-31		31	47.80	1.1982	3.314	0.59782	415	-0.27619	0.23356	-0.16690	0.17771	0.33496	14.5250	0.0000	0.0000	31.6000	0.0000	0.0000	6.7416	6.0000	0.0000	0.0000	0.0314	0.2805	15.3500						48.60	-0.80	docs/artifacts/v7tgt5-31.bak	1		-0.190406	-0.650880	0.337103	0.821310	0.224671
v7u1-31		31	52.50	1.1145	3.048	0.63645	293	1.04385	-0.24374	0.95440	-0.01218	-1.06164	14.4250	0.3000	0.0750	28.1000	0.0000	0.0000	6.4516	7.0000	0.0250	1.0000	0.0000	0.3468	8.8000						49.30	3.20	docs/artifacts/v7u1-31.bak	1		0.211343	0.291780	-0.166319	-0.980349	0.368295
v7w3c-31		31	56.70	0.5749	1.777	0.62449	324	-0.75290	0.79188	-0.10956	0.26576	1.50515	14.7000	0.0000	0.0000	41.8500	0.0000	0.0000	18.5714	2.0000	0.0000	0.0000	0.0000	0.2867	18.0250						53.50	3.20	docs/artifacts/v7w3c-31.bak	1		-0.090033	-0.781437	0.735800	0.658980	0.265658
v7w3c-91		91	49.00	2.0469	7.744	0.69469	133	0.55565	-0.04635	0.45842	0.01630	-0.60580	14.2250	0.0000	0.2500	29.4250	0.0000	0.0000	16.0920	12.0000	0.7750	0.6129	0.2687	0.1949	0.7500						51.20	-2.20	docs/artifacts/v7w3c-91.bak	1		-0.553698	0.470238	-0.213280	-0.581401	-0.391825
v7w3r1-31		31	51.10	0.5994	1.821	0.57094	509	0.50620	-1.33322	0.34367	-1.22363	-1.24042	14.7000	0.0000	0.0000	30.3000	0.0000	0.0000	12.0482	3.0000	4.0750	0.9080	0.0000	0.2473	18.0000						53.40	-2.30	docs/artifacts/v7w3r1-31.bak	1		-0.717240	0.341109	0.042827	-0.672704	-0.808098
v7w3r1-91		91	55.00	1.0111	2.749	0.65111	237	0.04046	0.57508	0.08904	0.54808	0.31082	14.6250	0.0000	0.0000	33.3250	0.0000	0.0000	10.9756	5.0000	0.0000	0.0000	0.0000	0.3410	0.0000						51.10	3.90	docs/artifacts/v7w3r1-91.bak	1		-0.736778	-0.266298	0.002587	-0.479035	-0.967348
v7wall-31	历代上槽	31	53.50	1.5997	4.951	0.69497	131	0.37200	-0.59706	0.29748	-0.53332	-0.69093	14.5250	0.0000	1.4000	26.3750	0.0000	0.0000	7.4468	11.0000	3.5250	0.3121	0.0063	0.1857	5.5750						50.90	2.60	docs/artifacts/v7wall-31.bak	2	v7teach2-31 v7wall-31	-0.525166	0.498991	-0.320448	-0.436214	0.031592
v7wall-35		35	26.30	1.8357	6.270	0.44657	778	0.41925	-0.75690	0.57285	-0.79272	-0.07975	14.6750	6.6000	0.0000	27.9000	0.0000	0.0000	12.3596	10.0000	2.9750	0.9739	0.0000	0.2887	18.0250						37.60	-11.30	docs/artifacts/v7wall-35.bak	2	v7teach-35 v7wall-35	-0.729187	0.390915	0.207728	-0.627818	-0.716013
v7wall1-82		82	47.30	0.2789	1.322	0.50089	701	0.14802	-0.58931	0.28047	-0.54291	-0.37369	14.8000	0.0000	0.2250	32.0250	0.0000	0.0000	3.8462	8.0000	0.1000	1.0000	0.0000	0.2616	1.1250						47.00	0.30	docs/artifacts/v7wall1-82.bak	1		-0.414371	0.628068	0.014663	-0.908952	-0.420493
v7wall1-93		93	39.70	1.3574	3.886	0.53274	611	0.45338	-0.26436	0.59039	-0.34385	-0.09632	14.4500	0.0000	0.2250	34.9000	0.0000	0.0000	17.0455	13.0000	9.9500	0.9925	0.0063	0.2338	17.9500						40.10	-0.40	docs/artifacts/v7wall1-93.bak	1		0.321922	0.429477	-0.328713	-0.441650	0.118740
v7wall2-95		95	48.90	0.8895	2.434	0.57795	486	0.24109	-0.20955	0.40200	-0.31826	0.09495	14.6500	0.0000	0.0000	34.2750	0.0000	0.0000	21.4286	4.0000	2.7000	0.9907	0.0000	0.1993	18.0500						47.40	1.50	docs/artifacts/v7wall2-95.bak	1		-0.710872	0.332194	0.036473	-0.647594	-0.832519
v7wall2-98		98	49.40	0.4891	1.631	0.54291	591	0.36322	0.57302	0.09889	0.66444	-0.47135	14.6750	0.0000	0.0750	35.1250	0.0000	0.0000	8.6420	5.0000	0.0000	0.0000	0.0000	0.2857	18.4500						49.40	0.00	docs/artifacts/v7wall2-98.bak	1		-0.751225	-0.296849	-0.015108	-0.420861	-1.000000
v7ws1-81		81	59.30	1.1819	3.261	0.71119	84	0.30922	0.17832	0.28699	0.24992	-0.27249	14.4750	0.0000	1.6750	44.4000	0.0000	0.0000	11.3924	9.0000	0.0000	0.0000	0.0303	0.3101	19.1750						52.60	6.70	docs/artifacts/v7ws1-81.bak	2	v7press3-81 v7ws1-81	-0.668980	-0.403157	-0.636347	0.466710	0.104121
v7ws1-92		92	53.20	0.7471	2.111	0.60671	384	-0.14419	0.53209	-1.13435	0.38407	-1.19035	14.7250	0.0000	0.0000	39.2750	0.0000	0.0000	11.5942	9.0000	20.3750	0.9779	0.0000	0.2482	5.8500						53.70	-0.50	docs/artifacts/v7ws1-92.bak	2	v7press3-92 v7ws1-92	-0.714380	0.337027	0.039996	-0.659162	-0.821590
v7ws2-81		81	47.30	0.9859	2.680	0.57159	508	0.14609	0.02026	0.30312	-0.02488	0.36152	13.9500	0.0500	0.0500	18.0500	0.0000	0.0000	11.2245	7.0000	0.0250	0.0000	0.0000	0.3778	18.7000						44.60	2.70	docs/artifacts/v7ws2-81.bak	2	v7gf1-81 v7ws2-81	0.197969	0.288021	-0.152571	-0.991948	0.337880
v7ws2-92		92	48.90	0.6920	1.998	0.55820	556	-0.41115	0.47077	-0.54663	0.32491	0.33091	14.0750	0.0000	0.0000	44.2250	0.0000	0.0000	15.3846	2.0000	0.0000	0.0000	0.0000	0.2782	6.7750						46.40	2.50	docs/artifacts/v7ws2-92.bak	1		-0.754655	-0.305531	-0.018653	-0.412856	-1.003417
v9-31		31	45.20	0.8862	2.426	0.54062	600	-0.48861	0.28728	-0.34668	0.22046	0.52928	14.7750	0.0000	0.0000	34.0000	0.0000	0.0000	6.6667	5.0000	0.0000	0.0000	0.0000	0.2945	17.6250						46.30	-1.10	docs/artifacts/v9-31.bak	3	v12-31 v11-31 v9-31	-0.937309	-0.510681	-0.989058	0.581265	0.073549
v9-34		34	55.70	0.0316	1.032	0.56016	549	-2.24459	0.23237	-0.94829	-0.13141	2.65087	14.8750	0.0000	0.0000	36.9000	0.0000	0.0000	14.0845	5.0000	0.0000	0.0000	0.0126	0.2886	18.3250						57.10	-1.40	docs/artifacts/v9-34.bak	1		-0.937004	-0.514368	-0.991005	0.586605	0.076486
v9-41		41	48.20	0.7081	2.030	0.55281	575	0.28923	-0.58264	0.28436	-0.54869	-0.41207	15.1500	1.5000	0.0000	34.0000	0.0000	0.0000	17.9487	5.0000	0.0250	1.0000	0.0000	0.2813	4.0000						46.70	1.50	docs/artifacts/v9-41.bak	1		-0.482586	0.827655	-0.590644	-0.759422	0.101591
v9-44		44	49.60	0.4980	1.645	0.54580	587	-0.13805	0.15410	-0.13165	0.05707	0.16976	14.4500	1.0500	0.0000	35.0500	0.0000	0.0000	12.3457	5.0000	0.0000	0.0000	0.0000	0.1286	15.5750						50.50	-0.90	docs/artifacts/v9-44.bak	1		-0.973013	-0.405382	-0.939991	0.393390	0.019369
long-33	历代上槽	33	27.10	0.1125	1.119	0.28225	899	1.07014	0.48138	0.78739	0.53291	-1.04838	15.0000	0.0000	0.0000	47.0000	0.0000	0.0000	100.0000	2.0000	0.0000	0.0000	0.0000	0.0400	0.0000						22.00	5.10	docs/artifacts/long-33.bak	1		-0.910724	-0.469455	-0.927270	0.535844	0.062259
E51-t8-713			55.60	2.0807	8.010	0.76407	11	1.87021	-0.09517	2.12949	-0.22467	-0.18936	14.5000	3.2000	0.0000	23.3750	0.0000	0.0000	18.5567	10.0000	1.6750	0.1846	0.0187	0.3499	1.0000					父链	48.60	7.00	docs/artifacts/E51-t8-713.bak	1		1.000000	-0.161523	-0.898306	0.190619	-0.341511
e35prod807			54.60	1.4268	4.166	0.68868	149	0.65474	-1.06854	0.80994	-1.07061	-0.32700	15.9250	1.3000	0.0000	23.6500	0.0000	0.0000	17.7083	5.0000	8.5000	0.4311	0.0000	0.3212	1.0000					续训现役	55.30	-0.70	docs/artifacts/E35-prod-807.bak	1		-1.000000	0.654790	-0.627736	-0.621034	-0.867866
cal-ctl			49.70	1.9257	6.860	0.68957	144	1.18198	-0.66327	1.34448	-0.62228	-0.53526	14.7500	3.1000	0.0000	19.0000	0.0000	0.0000	9.3750	10.0000	1.0500	0.3000	0.0375	0.3620	1.0000					续训现役	47.90	1.80	docs/artifacts/e59-out/cal-ctl.js	3	cal-ctl seq20 land20	-0.814550	0.665108	-0.710569	-0.643939	-0.504941
E59-land-902			51.50	2.0828	8.027	0.72328	67	0.72475	-1.29244	0.67188	-1.16210	-1.18176	15.4250	3.5000	0.0000	23.4000	0.0000	0.0000	11.4583	10.0000	6.3750	0.4486	0.0125	0.3343	2.0000					续训现役	47.60	3.90	docs/artifacts/E59-land-902.bak	1		-0.966864	0.475278	-0.529392	-0.886204	-0.710967
E59-ctl-901			54.00	1.9598	7.098	0.73598	36	1.22498	0.35107	1.48956	0.11018	0.45420	15.3750	2.3500	0.0000	25.0000	0.0000	0.0000	17.8947	10.0000	4.3250	0.3023	0.1062	0.3290	0.0000					续训现役	47.10	6.90	docs/artifacts/e59-out/E59-ctl-901.bak	3	E59-ctl-901 E59-seq-901 E59-land-901	-0.796385	0.582509	-0.603782	-0.737308	-0.534314
E59-land-903			45.90	1.4806	4.395	0.60706	379	0.48033	-0.65219	0.82741	-0.68755	0.16403	15.5250	1.8500	0.0000	29.8250	0.0000	0.0000	21.3483	7.0000	10.4500	0.6346	0.0000	0.2886	20.0000					续训现役	45.70	0.20	docs/artifacts/e59-out/E59-land-903.bak	3	E59-land-903 E59-ctl-903 E59-seq-903	-1.050000	0.710815	-0.587688	-0.526216	-1.046338
Ldemo		31	55.40	1.9181	6.808	0.74581	23	1.13380	-1.45015	1.38767	-1.46098	-0.36507	15.1000	2.8500	0.0000	24.3000	0.0000	0.0000	10.2041	10.0000	2.1000	0.4024	0.0063	0.3311	2.0000					续训现役	47.30	8.10	docs/artifacts/e316-out/SHIPPED-3P.bak	4	SHIPPED-Ldemo Ldemo C5-02-31 C5-02-71	-0.855254	0.697117	-0.692007	-0.551611	-0.601172
L71		71	50.70	0.8013	2.229	0.58713	447	0.72073	0.38443	0.92714	0.41850	0.03022	13.6000	0.0000	0.0000	28.8000	0.0000	0.0000	9.7826	5.0000	0.0000	0.0000	0.0625	0.3983	0.0000					续训现役	50.70	0.00	docs/artifacts/eval-out/win-L71.bak	4	L71 C1s71 C2s71 C0s71	-0.810668	-0.591023	-0.808356	0.743794	0.057458
L191		191	41.00	1.7857	5.964	0.58857	443	1.21603	-0.37525	1.12773	-0.25489	-1.04712	14.6000	3.8500	0.0250	33.7750	0.0000	0.0000	19.1489	16.0000	0.0250	1.0000	0.1069	0.2814	0.0250					续训现役	41.70	-0.70	docs/artifacts/eval-out/win-L191.bak	1		0.482348	0.488491	-0.294529	-0.423936	0.564337
R311		311	50.50	1.9693	7.165	0.70193	105	1.02003	-0.75280	1.16203	-0.72098	-0.51084	14.9500	3.2500	0.0000	21.1750	0.0000	0.0000	13.6842	10.0000	1.3750	0.3019	0.0125	0.3437	1.0000					续训现役	45.80	4.70	docs/artifacts/eval-out/win-R311.bak	1		-0.884255	0.533612	-0.589179	-0.786741	-0.620502
R391		391	24.30	1.2445	3.471	0.36745	867	1.33521	-0.52452	1.24868	-0.37955	-1.32955	14.9250	0.0000	0.0250	45.9250	0.0000	0.0000	22.5000	19.0000	65.5750	0.9966	0.0250	0.1763	0.0000					续训现役	26.20	-1.90	docs/artifacts/eval-out/win-R391.bak	1		-0.639234	0.426859	-0.211469	-0.723968	-0.301651
C1s71		71	50.70	0.8013	2.229	0.58713	448	0.92590	0.30992	1.06713	0.32899	-0.09488	13.6000	0.0000	0.0000	28.8000	0.0000	0.0000	9.7826	5.0000	0.0000	0.0000	0.0625	0.3983	0.0000					续训现役	50.70	0.00	docs/artifacts/eval-out/win-C1s71.bak	4	L71 C1s71 C2s71 C0s71	-0.810737	-0.591110	-0.808197	0.743566	0.057210
C1s31		31	38.60	1.9191	6.815	0.57791	487	1.50457	-0.60736	1.35105	-0.44697	-1.48695	14.4500	0.2000	23.8500	42.3500	0.0000	0.0000	15.5844	18.0000	6.0250	0.9461	0.1394	0.1740	4.0000					续训现役	37.10	1.50	docs/artifacts/eval-out/win-C1s31.bak	4	C1s31 C2s31 Lctl C0s31	0.335253	0.373324	-0.240391	-0.372755	0.140881
B0-111			43.30	0.8947	2.447	0.52247	634	0.50412	-0.34261	0.44215	-0.26807	-0.67090	14.7250	0.1000	0.0000	37.0250	0.0000	0.0000	7.3171	9.0000	2.1750	0.9302	0.0000	0.1404	0.0000					续训现役	46.10	-2.80	docs/artifacts/e66-out/B0-111.bak	3	B0-111 M111 Q111	-0.690180	0.830336	-0.561601	-0.992739	-0.497238
B0L-31			49.20	1.8360	6.271	0.67560	178	1.53560	-0.80073	1.70508	-0.72820	-0.84356	14.9750	1.3250	0.3000	26.2500	0.0000	0.0000	10.7527	15.0000	5.6750	0.6344	0.1375	0.3375	17.0000					续训现役	49.00	0.20	docs/artifacts/e66-out/B0L-31.bak	2	B0L-31 D5a	-0.623239	0.706576	-0.516294	-0.372024	-0.427146
V2-31			42.80	1.7734	5.891	0.60534	391	0.79146	-1.14091	0.94175	-1.13518	-0.45619	14.3000	2.2250	0.0750	26.9250	0.0000	0.0000	13.6364	13.0000	1.1750	0.5745	0.0000	0.3060	2.0000					续训现役	37.10	5.70	docs/artifacts/e68-out/V2-31.bak	1		-0.873340	0.454772	-0.473346	-0.685997	-0.807491
V3-71			28.30	1.6964	5.454	0.45264	767	0.84374	-1.19733	1.07913	-1.18524	-0.26940	15.9500	14.2250	0.0000	16.7750	0.0000	0.0000	12.5000	11.0000	0.0000	0.0000	0.0000	0.1019	0.0000					续训现役	29.40	-1.10	docs/artifacts/e68-out/V3-71.bak	3	V3-71 K5 V1-71	-0.967676	-0.384999	-0.913560	0.384151	-0.007093
D05-71			39.70	1.9726	7.189	0.59426	431	0.88795	-0.40910	0.83865	-0.33700	-0.91023	15.0500	0.8500	0.0000	27.7250	0.0000	0.0000	12.5000	12.0000	17.2500	0.9289	0.3000	0.1601	0.0000					续训现役	39.90	-0.20	docs/artifacts/e70-out/D05-71.bak	2	D05-71 K6	-0.730051	0.463537	-0.369787	-0.803361	-0.507282
D005-71			39.70	0.9128	2.491	0.48828	718	0.60238	0.01524	0.61702	0.10081	-0.50070	14.6250	0.0000	1.9750	43.8250	0.0000	0.0000	7.5000	12.0000	0.2250	0.3333	0.0457	0.2837	0.0000					续训现役	39.30	0.40	docs/artifacts/e70-out/D005-71.bak	1		-0.416074	0.091841	0.302321	-1.050000	-0.210091
L05-71			53.60	1.5838	4.873	0.69438	134	1.25964	-0.13439	1.18247	-0.04086	-0.98445	14.2750	0.5000	0.2000	28.5250	0.0000	0.0000	12.2222	9.0000	0.0000	0.0000	0.3750	0.2953	14.3000					续训现役	51.60	2.00	docs/artifacts/e71-out/L05-71.bak	3	L05-71 L05K-71 H24-71	-0.839914	-0.182668	-0.552408	0.416170	-0.024552
L05-31			54.80	1.8182	6.161	0.72982	50	1.13094	-1.01915	1.38141	-1.03622	-0.24013	15.9000	2.0000	0.0000	22.1500	0.0000	0.0000	6.2500	10.0000	7.5250	0.4950	0.0000	0.3289	2.0000					续训现役	49.00	5.80	docs/artifacts/e71-out/L05-31.bak	8	L05-31 R00-31 RG0-31 L05K-31 G15-31 blk0t00-s31 G08-31 H24-31	-0.959229	0.627802	-0.648601	-0.673187	-0.791832
M05C02-111			51.80	1.9656	7.139	0.71456	75	1.08210	-0.88353	1.25293	-0.85670	-0.52337	15.5750	1.8000	0.0000	24.3500	0.0000	0.0000	9.7826	10.0000	5.1750	0.1845	0.0063	0.3609	3.0000					续训现役	48.40	3.40	docs/artifacts/e73-out/M05C02-111.bak	2	M05C02-111 NCV-111	0.999415	-0.216528	-0.980706	0.197381	-0.375494
M05C02-151			58.00	1.8903	6.622	0.76903	9	1.04783	-0.85584	1.21269	-0.82957	-0.50803	15.0750	2.5500	0.0000	21.0000	0.0000	0.0000	10.2041	10.0000	2.5750	0.0098	0.0063	0.3355	0.4000					续训现役	51.50	6.50	docs/artifacts/e73-out/M05C02-151.bak	2	M05C02-151 NCV-151	1.007537	-0.223638	-1.000577	0.184888	-0.384657
M05C02-71			54.50	1.8961	6.660	0.73461	39	1.07428	-1.15591	1.29549	-1.15149	-0.43552	14.9250	2.2500	0.0000	22.0000	0.0000	0.0000	14.2857	10.0000	9.0000	0.5460	0.0063	0.3601	2.0000					续训现役	45.70	8.80	docs/artifacts/e73-out/M05C02-71.bak	2	M05C02-71 E10-71	-0.895170	0.552393	-0.571503	-0.761038	-0.670495
NC-301			50.40	1.6714	5.320	0.67114	193	0.57631	-0.87170	0.97937	-0.88632	0.08324	15.4750	1.9500	0.0000	26.6000	0.0000	0.0000	8.6022	10.0000	1.7250	0.1029	0.0063	0.2915	20.1250					续训现役	50.40	0.00	docs/artifacts/e75-out/NC-301.bak	1		1.026930	-0.203774	-0.986201	0.158836	-0.347784
NC-231			58.70	1.5072	4.514	0.73772	34	1.41714	-1.01278	1.66570	-0.96253	-0.55397	15.9500	3.8500	0.0000	23.4500	0.0000	0.0000	14.0000	9.0000	4.5750	0.9071	0.0000	0.3588	0.0000					续训现役	50.90	7.80	docs/artifacts/e75-out/NC-231.bak	1		-0.983383	0.580353	-0.638973	-0.754823	-0.794568
NC-341			39.20	1.8538	6.384	0.57738	493	2.14021	-0.77784	2.48855	-0.69528	-0.77486	15.2000	0.1000	0.2500	26.1750	0.0000	0.0000	8.5366	11.0000	8.1500	0.4816	0.2500	0.2404	0.0000					续训现役	39.20	0.00	docs/artifacts/e75-out/NC-341.bak	1		-0.592421	0.515399	-0.269626	-0.607126	-0.353420
PL31			52.90	1.7381	5.686	0.70281	101	0.21624	-0.33901	0.23310	-0.34249	-0.06654	15.4500	4.0500	0.0000	22.1750	0.0000	0.0000	12.1212	10.0000	0.5750	0.1818	0.0250	0.3367	2.0000					续训现役	49.00	3.90	docs/artifacts/e77-out/PL31.bak	3	PL31 M05C02-31 NCV-31	0.967840	-0.128735	-0.843606	0.267368	-0.344014
G15-71			55.00	1.8056	6.084	0.73056	44	1.93806	-2.78255	2.15064	-2.75084	-1.65836	15.3000	2.3000	0.0000	24.9000	0.0000	0.0000	11.2360	10.0000	2.7250	0.3551	0.0063	0.3367	2.0000					续训现役	48.50	6.50	docs/artifacts/e78-out/G15-71.bak	5	G15-71 blk0t00-s71 RG0-71 R00-71 G08-71	-0.977271	0.458865	-0.523717	-0.918034	-0.740511
G03-71			48.40	1.5518	4.720	0.63918	278	0.49307	-0.49289	0.33259	-0.33639	-1.00460	14.5750	1.1000	5.3000	23.8250	0.0000	0.0000	10.6383	8.0000	0.0750	1.0000	0.0000	0.2300	18.8250					续训现役	47.70	0.70	docs/artifacts/e78-out/G03-71.bak	1		-0.314322	0.225802	-0.287953	-0.139798	-0.251551
NOL24-31			35.40	1.6176	5.041	0.51576	652	0.99071	-0.68563	1.13688	-0.65640	-0.46302	14.4000	2.6500	0.0250	28.2750	0.0000	0.0000	10.4651	12.0000	1.9000	0.6892	0.0000	0.3402	2.0000					续训现役	36.00	-0.60	docs/artifacts/e78-out/NOL24-31.bak	5	NOL24-31 D0a M31 B0-31 V0-31	-0.925769	0.815834	-0.624816	-0.331000	-0.710634
E00-31			47.00	1.8630	6.443	0.65630	228	0.99167	-0.47444	1.08220	-0.42030	-0.56600	14.4000	0.8000	0.0250	29.5250	0.0000	0.0000	12.2449	11.0000	1.4750	0.1525	0.0563	0.3462	1.0000					续训现役	40.80	6.20	docs/artifacts/e85-out/E00-31.bak	1		0.933735	-0.109672	-0.803190	0.266506	-0.414060
E10-31			52.90	1.9312	6.898	0.72212	69	1.08485	-0.67616	1.22265	-0.63621	-0.55628	15.4250	2.4500	0.0000	22.2000	0.0000	0.0000	13.0435	10.0000	5.2750	0.5952	0.0313	0.3488	1.0000					续训现役	47.70	5.20	docs/artifacts/e85-out/E10-31.bak	1		-0.898154	0.511148	-0.529555	-0.816286	-0.645216
R00-31			54.80	1.8182	6.161	0.72982	51	1.31695	-1.52954	1.60362	-1.54271	-0.42235	15.9000	2.0000	0.0000	22.1500	0.0000	0.0000	6.2500	10.0000	7.5250	0.4950	0.0000	0.3289	2.0000					续训现役	49.00	5.80	docs/artifacts/e91-out/R00-31.bak	8	L05-31 R00-31 RG0-31 L05K-31 G15-31 blk0t00-s31 G08-31 H24-31	-0.953260	0.628305	-0.647471	-0.651874	-0.775999
N5-1			51.60	1.2795	3.595	0.64395	259	1.25467	-0.12168	1.41678	-0.11493	-0.27584	14.7250	0.0500	0.0250	30.1250	0.0000	0.0000	19.5402	12.0000	0.7500	0.6000	0.0063	0.4286	1.8000					续训现役	53.80	-2.20	docs/artifacts/e95-out/N5-1.bak	2	N5-1 B5-05-31	-0.553078	0.411604	-0.193600	-0.631083	-0.582527
B5-10-31			54.10	1.8986	6.677	0.73086	43	1.13521	-0.77730	1.29853	-0.74303	-0.53903	14.9750	0.5000	0.0250	22.8250	0.0000	0.0000	15.0538	11.0000	13.3500	0.7884	0.1000	0.3409	2.0000					续训现役	53.00	1.10	docs/artifacts/e100-out/B5-10-31.bak	1		-0.645485	0.517844	-0.316295	-0.660094	-0.364289
N5L-15			57.20	1.2562	3.512	0.69762	123	1.34196	-0.65315	1.53618	-0.56605	-0.64294	14.7500	1.0000	0.0250	27.9750	0.0000	0.0000	15.2174	9.0000	0.0000	0.0000	0.0000	0.3672	1.8500					续训现役	54.00	3.20	docs/artifacts/e106-out/N5L-15.bak	1		-0.932414	-0.354117	-0.901185	0.410288	-0.085818
C5-02-31			55.40	1.9181	6.808	0.74581	24	1.39299	-1.73926	1.61504	-1.77105	-0.64459	15.1000	2.8500	0.0000	24.3000	0.0000	0.0000	10.2041	10.0000	2.1000	0.4024	0.0063	0.3311	2.0000					续训现役	47.30	8.10	docs/artifacts/e111-out/C5-02-31.bak	4	SHIPPED-Ldemo Ldemo C5-02-31 C5-02-71	-0.851888	0.700468	-0.679326	-0.543803	-0.596747
SQ2-15-31			42.60	1.5215	4.579	0.57815	484	1.38028	-1.03622	1.62962	-1.02569	-0.51236	14.9250	2.7500	0.0000	21.6750	0.0000	0.0000	7.2165	10.0000	0.6250	0.3333	0.0063	0.3433	2.0000					续训现役	44.20	-1.60	docs/artifacts/e120-out/SQ2-15-31.bak	2	SQ2-15-31 N5L-05	-0.854781	0.625106	-0.649517	-0.681280	-0.614362
blk0t00-s71			55.00	1.8056	6.084	0.73056	45	2.10815	0.46854	2.25532	0.64662	-1.10463	15.3000	2.3000	0.0000	24.9000	0.0000	0.0000	11.2360	10.0000	2.7250	0.3551	0.0063	0.3367	2.0000					续训现役	48.50	6.50	docs/artifacts/e124-out/blk0t00-s71.bak	5	G15-71 blk0t00-s71 RG0-71 R00-71 G08-71	-0.975389	0.457402	-0.527465	-0.901722	-0.752418
blk1t00-s71			37.80	1.8768	6.533	0.56568	530	2.29651	-0.64462	2.66415	-0.53681	-0.87539	14.8750	0.7000	0.0000	26.3750	0.0000	0.0000	15.3846	10.0000	8.2000	0.9009	0.2938	0.2109	5.0000					续训现役	43.50	-5.70	docs/artifacts/e124-out/blk1t00-s71.bak	1		-0.725298	0.489579	-0.392758	-0.767418	-0.498581
RG0-31			54.80	1.8182	6.161	0.72982	52	-1.37351	-1.66280	-2.16724	-1.69168	-1.00886	15.9000	2.0000	0.0000	22.1500	0.0000	0.0000	6.2500	10.0000	7.5250	0.4950	0.0000	0.3289	2.0000					续训现役	49.00	5.80	docs/artifacts/e127-out/RG0-31.bak	8	L05-31 R00-31 RG0-31 L05K-31 G15-31 blk0t00-s31 G08-31 H24-31	-0.949518	0.628924	-0.620968	-0.664306	-0.790278
RG0-71			55.00	1.8056	6.084	0.73056	46	2.31343	1.06573	2.61809	1.25133	-0.93470	15.3000	2.3000	0.0000	24.9000	0.0000	0.0000	11.2360	10.0000	2.7250	0.3551	0.0063	0.3367	2.0000					续训现役	48.50	6.50	docs/artifacts/e127-out/RG0-71.bak	5	G15-71 blk0t00-s71 RG0-71 R00-71 G08-71	-0.974178	0.456741	-0.505433	-0.906240	-0.728867
D0a			35.40	1.6176	5.041	0.51576	653	0.06778	-0.33592	0.04081	-0.32144	-0.14229	14.4000	2.6500	0.0250	28.2750	0.0000	0.0000	10.4651	12.0000	1.9000	0.6892	0.0000	0.3402	2.0000					续训现役	36.00	-0.60	docs/artifacts/e234-out/D0a.js	5	NOL24-31 D0a M31 B0-31 V0-31	-0.925574	0.816125	-0.630050	-0.321860	-0.701007
D8a			19.80	0.7709	2.162	0.27509	901	0.40388	0.88461	0.42209	0.91913	0.14501	14.5500	0.0000	0.0000	43.9000	0.0000	0.0000	10.9756	4.0000	0.0000	0.0000	0.1111	0.4625	0.0000					续训现役	20.70	-0.90	docs/artifacts/e234-out/D8a.js	1		-0.747614	-0.584083	-0.727721	0.738825	0.117797
D1a			35.70	1.4772	4.381	0.50472	687	0.26260	-0.87106	0.42350	-0.89320	0.01578	16.5500	14.5250	0.0000	24.8500	0.0000	0.0000	11.1111	9.0000	0.0000	0.0000	0.0000	0.1763	2.0000					续训现役	40.20	-4.50	docs/artifacts/e234-out/D1a.js	3	D1a V1-31 V3-31	-0.981648	-0.359362	-0.887409	0.344373	-0.022967
E1			52.50	1.5742	4.827	0.68242	163	0.77654	-0.25159	0.41305	-0.10828	-1.27928	13.8500	0.3000	0.5750	38.2750	0.0000	0.0000	9.6774	13.0000	1.0750	0.7805	0.5000	0.2854	1.0000					续训现役	53.70	-1.20	docs/artifacts/e234-out/E1.js	1		-0.073848	0.221694	0.090437	-0.756410	0.451115
B2			42.40	1.5680	4.797	0.58080	472	0.31006	-0.82945	0.28935	-0.80858	-0.55882	14.9750	1.3000	0.0000	28.2250	0.0000	0.0000	6.5217	7.0000	5.2750	0.5403	0.0000	0.2241	1.0000					续训现役	44.70	-2.30	docs/artifacts/e234-out/B2.js	1		-1.025925	0.668357	-0.623735	-0.600287	-0.911557
K2			53.30	2.1074	8.227	0.74374	26	0.84695	-1.36582	1.04152	-1.37690	-0.37756	16.2500	10.2500	0.2750	25.6250	0.0000	0.0000	6.1856	12.0000	1.9000	0.1644	0.5000	0.2369	4.5000					续训现役	52.40	0.90	docs/artifacts/e234-out/K2.js	2	K2 D02-31	0.894982	-0.186878	-0.876085	0.241009	-0.486189
K5			28.30	1.6964	5.454	0.45264	768	0.59716	-1.23510	0.86063	-1.25081	-0.06386	15.9500	14.2250	0.0000	16.7750	0.0000	0.0000	12.5000	11.0000	0.0000	0.0000	0.0000	0.1019	0.0000					续训现役	29.40	-1.10	docs/artifacts/e234-out/K5.js	3	V3-71 K5 V1-71	-0.964698	-0.383717	-0.907986	0.388521	-0.008927
Q191			30.50	1.1154	3.051	0.41654	808	0.90158	-0.32084	0.80410	-0.15373	-1.02477	13.4500	0.2000	0.0750	21.2250	0.0000	0.0000	7.6923	7.0000	0.2000	1.0000	0.0000	0.3240	1.0000					续训现役	32.10	-1.60	docs/artifacts/e234-out/Q191.js	2	Q191 M191	0.350872	0.546646	-0.507193	-0.586090	0.164588
P111			36.40	1.3079	3.698	0.49479	713	1.14378	0.01454	1.08362	0.28496	-1.02002	13.9750	0.0000	0.0000	34.8250	0.0000	0.0000	12.0482	4.0000	10.6750	1.0000	0.0000	0.3272	9.0000					续训现役	39.90	-3.50	docs/artifacts/e234-out/P111.js	2	P111 S111	-0.874387	0.243687	-0.410930	-0.820249	-0.100177
T111			32.20	0.4543	1.575	0.36743	868	1.14762	0.25413	1.19890	0.39758	-0.59919	14.2750	0.0000	0.0000	34.0250	0.0000	0.0000	10.8696	6.0000	0.1000	1.0000	0.0000	0.3532	0.0000					续训现役	31.80	0.40	docs/artifacts/e234-out/T111.js	1		0.349336	0.509958	-0.466834	-0.528388	0.154513
U2			27.80	0.8152	2.260	0.35952	872	0.92899	0.54405	1.07395	0.57380	-0.01114	14.7250	0.0000	0.1250	33.8000	0.0000	0.0000	12.1622	6.0000	0.0000	0.0000	0.2938	0.4344	0.0000					续训现役	32.40	-4.60	docs/artifacts/e234-out/U2.js	1		-0.812755	-0.411119	-0.829169	0.487774	0.213333
V111			25.90	0.0000	1.000	0.25900	905	1.14793	0.81120	1.38765	0.89160	0.17147	14.6000	0.0000	0.0000	46.5750	0.0000	0.0000	7.5000	1.0000	0.0000	0.0000	0.0000	0.4933	0.0000					续训现役	23.20	2.70	docs/artifacts/e234-out/V111.js	1		-0.693332	-0.558007	-0.675525	0.716895	0.208147
W31			54.90	1.8288	6.227	0.73188	42	1.30169	-1.17107	0.99269	-1.38461	-0.86462	16.3000	2.9000	0.0000	23.8000	0.0000	0.0000	13.2653	10.0000	13.5750	0.7704	0.0063	0.3191	1.0000					续训现役	50.80	4.10	docs/artifacts/e234-out/W31.js	1		-0.920743	0.526219	-0.542369	-0.793380	-0.699318
BIG0			19.00	0.6918	1.997	0.25918	902	0.61535	-1.75323	0.92238	-1.78922	0.05484	17.0750	16.9750	0.0000	12.3500	0.0000	0.0000	13.3333	5.0000	0.1000	1.0000	0.0000	0.1661	0.0000					续训现役	19.20	-0.20	docs/artifacts/e234-out/BIG0.js	3	BIG0 BIG1 BIG1R	-0.476068	0.814546	-0.561316	-0.746638	0.092385
M191			30.50	1.1154	3.051	0.41654	809	0.92241	-0.38236	0.81547	-0.20878	-1.09501	13.4500	0.2000	0.0750	21.2250	0.0000	0.0000	7.6923	7.0000	0.2000	1.0000	0.0000	0.3240	1.0000					续训现役	32.10	-1.60	docs/artifacts/e234-out/M191.js	2	Q191 M191	0.350954	0.546837	-0.507275	-0.586234	0.164674
M111			43.30	0.8947	2.447	0.52247	635	0.66128	-0.44700	0.70919	-0.32118	-0.74310	14.7250	0.1000	0.0000	37.0250	0.0000	0.0000	7.3171	9.0000	2.1750	0.9302	0.0000	0.1404	0.0000					续训现役	46.10	-2.80	docs/artifacts/e234-out/M111.js	3	B0-111 M111 Q111	-0.687373	0.830603	-0.556675	-0.994791	-0.493904
M31			35.40	1.6176	5.041	0.51576	654	1.04506	-0.68246	1.19800	-0.65207	-0.46573	14.4000	2.6500	0.0250	28.2750	0.0000	0.0000	10.4651	12.0000	1.9000	0.6892	0.0000	0.3402	2.0000					续训现役	36.00	-0.60	docs/artifacts/e234-out/M31.js	5	NOL24-31 D0a M31 B0-31 V0-31	-0.924739	0.816087	-0.610309	-0.330423	-0.702443
M71			50.30	1.1501	3.158	0.61801	336	-0.56279	-0.41722	0.34505	-0.25885	1.08841	14.9500	0.0000	0.0000	36.2750	0.0000	0.0000	17.5676	6.0000	0.0000	0.0000	0.0344	0.2525	19.2250					续训现役	51.10	-0.80	docs/artifacts/e234-out/M71.js	5	M71 V2-71 NOL24-71 C0b B0-71	-0.826493	-0.464589	-0.857283	0.579918	0.151893
seed80		80	44.60	1.5580	4.749	0.60180	403	0.92207	-0.99821	1.12291	-0.98180	-0.40437	16.7500	3.9000	0.0000	24.8250	0.0000	0.0000	14.2857	8.0000	10.4250	0.5897	0.0000	0.3421	4.6750					续训现役	47.00	-2.40	docs/artifacts/eval-out/sel80.bak	1		-0.987033	0.587451	-0.665361	-0.747641	-0.785145
e35prod814			55.30	1.5953	4.930	0.71253	80	0.72054	-0.58208	0.69095	-0.49202	-0.85523	15.4000	0.3000	0.7750	30.4000	0.0000	0.0000	7.9545	11.0000	2.8750	0.5088	0.0000	0.2586	2.0000					续训现役	53.20	2.10	docs/artifacts/E35-prod-814.bak	1		-0.558601	0.374965	-0.230592	-0.569472	-0.615863
seq20			49.70	1.9257	6.860	0.68957	145	1.31848	-0.64755	1.49087	-0.62729	-0.54370	14.7500	3.1000	0.0000	19.0000	0.0000	0.0000	9.3750	10.0000	1.0500	0.3000	0.0375	0.3620	1.0000					续训现役	47.90	1.80	docs/artifacts/e59-out/seq20.js	3	cal-ctl seq20 land20	-0.812012	0.664829	-0.698601	-0.634676	-0.497916
E59-seq-902			41.70	1.4536	4.278	0.56236	535	1.34823	-0.15029	1.34131	0.02156	-0.98757	14.4750	0.2500	0.0000	29.6250	0.0000	0.0000	10.4167	8.0000	8.2250	0.9905	0.0000	0.3137	16.4000					续训现役	43.30	-1.60	docs/artifacts/e59-out/E59-seq-902.bak	2	E59-seq-902 E59-ctl-902	-0.898614	0.901069	-0.509406	-0.279158	-0.810158
E59-seq-901			54.00	1.9598	7.098	0.73598	37	1.16666	0.00055	1.34778	0.00577	-0.21832	15.3750	2.3500	0.0000	25.0000	0.0000	0.0000	17.8947	10.0000	4.3250	0.3023	0.1062	0.3290	0.0000					续训现役	47.10	6.90	docs/artifacts/e59-out/E59-seq-901.bak	3	E59-ctl-901 E59-seq-901 E59-land-901	-0.791424	0.588342	-0.586204	-0.713231	-0.533569
E59-ctl-903			45.90	1.4806	4.395	0.60706	380	0.61649	-0.58734	0.98931	-0.61626	0.13885	15.5250	1.8500	0.0000	29.8250	0.0000	0.0000	21.3483	7.0000	10.4500	0.6346	0.0000	0.2886	20.0000					续训现役	45.70	0.20	docs/artifacts/e59-out/E59-ctl-903.bak	3	E59-land-903 E59-ctl-903 E59-seq-903	-1.050000	0.711296	-0.587355	-0.525769	-1.047423
Lspend		31	41.80	1.3325	3.790	0.55125	579	1.21743	-0.34431	1.34618	-0.26937	-0.62207	14.0750	0.0000	1.0750	26.0500	0.0000	0.0000	11.3402	11.0000	1.7500	0.8485	0.0211	0.3587	0.0000					续训现役	36.90	4.90	docs/artifacts/eval-out/win-Lspend.bak	1		-0.841626	0.272755	-0.350905	-0.790316	-0.138691
L151		151	38.60	1.3748	3.954	0.52348	630	2.21191	-0.43389	2.33479	-0.73239	-0.20779	15.1250	1.0000	0.0000	21.8000	0.0000	0.0000	8.3333	6.0000	5.2250	0.1292	0.0000	0.3662	0.0000					续训现役	39.30	-0.70	docs/artifacts/eval-out/win-L151.bak	1		0.938603	-0.244514	-1.005805	0.269421	-0.339005
R351		351	51.70	1.7452	5.727	0.69152	142	1.14759	-0.95143	1.35190	-0.92217	-0.52829	14.9750	1.8000	0.0000	25.3500	0.0000	0.0000	8.6957	10.0000	2.0250	0.3671	0.0375	0.3782	1.0000					续训现役	43.70	8.00	docs/artifacts/eval-out/win-R351.bak	1		-0.798360	0.627771	-0.625087	-0.649383	-0.519714
R271		271	48.10	1.4094	4.094	0.62194	331	1.35133	-0.69349	1.42661	-0.59936	-1.07987	14.3500	0.0000	0.5750	39.4000	0.0000	0.0000	7.6923	15.0000	50.8250	0.9394	0.0455	0.1429	13.9500					续训现役	47.20	0.90	docs/artifacts/eval-out/win-R271.bak	1		0.302782	0.405427	-0.277179	-0.427694	0.105268
C2s71		71	50.70	0.8013	2.229	0.58713	449	1.42870	0.10798	1.63683	0.14447	-0.28273	13.6000	0.0000	0.0000	28.8000	0.0000	0.0000	9.7826	5.0000	0.0000	0.0000	0.0625	0.3983	0.0000					续训现役	50.70	0.00	docs/artifacts/eval-out/win-C2s71.bak	4	L71 C1s71 C2s71 C0s71	-0.810003	-0.590559	-0.804691	0.737020	0.054634
C2s31		31	38.60	1.9191	6.815	0.57791	488	1.78314	-0.66880	1.72949	-0.49991	-1.57195	14.4500	0.2000	23.8500	42.3500	0.0000	0.0000	15.5844	18.0000	6.0250	0.9461	0.1394	0.1740	4.0000					续训现役	37.10	1.50	docs/artifacts/eval-out/win-C2s31.bak	4	C1s31 C2s31 Lctl C0s31	0.338883	0.374061	-0.236605	-0.370078	0.150520
EL0			44.00	1.6306	5.107	0.60306	399	1.53392	-0.51500	1.71027	-0.45611	-0.76488	15.4500	3.4000	0.0000	22.1750	0.0000	0.0000	10.2041	10.0000	0.3500	0.1429	0.0313	0.3576	1.0000					续训现役	44.60	-0.60	docs/artifacts/eval-out/win-EL0.bak	2	EL0 EL2	1.006149	-0.240369	-0.993499	0.180330	-0.432895
B0-31			35.40	1.6176	5.041	0.51576	655	1.53306	-0.72248	1.77774	-0.67762	-0.61803	14.4000	2.6500	0.0250	28.2750	0.0000	0.0000	10.4651	12.0000	1.9000	0.6892	0.0000	0.3402	2.0000					续训现役	36.00	-0.60	docs/artifacts/e66-out/B0-31.bak	5	NOL24-31 D0a M31 B0-31 V0-31	-0.924368	0.816176	-0.614627	-0.317089	-0.692688
B0L-71			35.40	2.0236	7.565	0.55636	561	1.87954	-0.32651	2.04591	-0.21838	-0.95829	14.5250	0.0000	0.7500	38.4000	0.0000	0.0000	13.2530	12.0000	0.0000	0.0000	0.3187	0.1616	16.0500					续训现役	36.10	-0.70	docs/artifacts/e66-out/B0L-71.bak	1		-0.681001	-0.457815	-0.656845	0.557143	0.155067
V2-71			50.30	1.1501	3.158	0.61801	337	1.68942	-0.48739	2.04219	-0.38651	-0.60741	14.9500	0.0000	0.0000	36.2750	0.0000	0.0000	17.5676	6.0000	0.0000	0.0000	0.0344	0.2525	19.2250					续训现役	51.10	-0.80	docs/artifacts/e68-out/V2-71.bak	5	M71 V2-71 NOL24-71 C0b B0-71	-0.823808	-0.464244	-0.855595	0.568608	0.164827
V1-31			35.70	1.4772	4.381	0.50472	688	1.82996	-0.97356	2.17815	-0.91109	-0.61703	16.5500	14.5250	0.0000	24.8500	0.0000	0.0000	11.1111	9.0000	0.0000	0.0000	0.0000	0.1763	2.0000					续训现役	40.20	-4.50	docs/artifacts/e68-out/V1-31.bak	3	D1a V1-31 V3-31	-0.980480	-0.358652	-0.882935	0.346518	-0.023165
D02-71			53.00	0.3555	1.427	0.56555	531	1.71222	0.79807	1.15620	0.79989	-1.64911	14.8000	0.0000	0.0000	39.2750	0.0000	0.0000	18.1818	3.0000	0.0000	0.0000	0.0000	0.2724	1.0000					续训现役	53.10	-0.10	docs/artifacts/e70-out/D02-71.bak	2	D02-71 T71	-0.890059	-0.459453	-0.899711	0.528049	0.085668
D02-31			53.30	2.1074	8.227	0.74374	27	2.37947	-0.91273	2.79172	-0.81363	-0.72485	16.2500	10.2500	0.2750	25.6250	0.0000	0.0000	6.1856	12.0000	1.9000	0.1644	0.5000	0.2369	4.5000					续训现役	52.40	0.90	docs/artifacts/e70-out/D02-31.bak	2	K2 D02-31	0.895121	-0.186933	-0.876258	0.241125	-0.486308
L05K-71			53.60	1.5838	4.873	0.69438	135	2.62524	-0.64467	3.01579	-0.51740	-0.91347	14.2750	0.5000	0.2000	28.5250	0.0000	0.0000	12.2222	9.0000	0.0000	0.0000	0.3750	0.2953	14.3000					续训现役	51.60	2.00	docs/artifacts/e71-out/L05K-71.bak	3	L05-71 L05K-71 H24-71	-0.840060	-0.182772	-0.552691	0.416305	-0.024422
L05K-31			54.80	1.8182	6.161	0.72982	53	3.07099	-0.37460	3.56135	-0.30164	-0.93050	15.9000	2.0000	0.0000	22.1500	0.0000	0.0000	6.2500	10.0000	7.5250	0.4950	0.0000	0.3289	2.0000					续训现役	49.00	5.80	docs/artifacts/e71-out/L05K-31.bak	8	L05-31 R00-31 RG0-31 L05K-31 G15-31 blk0t00-s31 G08-31 H24-31	-0.929591	0.621750	-0.625443	-0.658841	-0.738412
M05-191			53.10	1.9276	6.873	0.72376	66	4.61418	0.03524	5.40933	0.13175	-1.01894	14.7000	3.3500	0.0000	21.5500	0.0000	0.0000	19.3878	10.0000	0.4250	0.2000	0.0125	0.3636	1.0000					续训现役	45.70	7.40	docs/artifacts/e73-out/M05-191.bak	1		0.951890	-0.193173	-0.931295	0.289581	-0.392390
M05C02-31			52.90	1.7381	5.686	0.70281	102	-1.31351	-1.60145	-2.11256	-1.63744	-0.99775	15.4500	4.0500	0.0000	22.1750	0.0000	0.0000	12.1212	10.0000	0.5750	0.1818	0.0250	0.3367	2.0000					续训现役	49.00	3.90	docs/artifacts/e73-out/M05C02-31.bak	3	PL31 M05C02-31 NCV-31	0.965408	-0.128962	-0.842825	0.267588	-0.350372
M05-111			58.00	1.7039	5.495	0.75039	17	-0.65137	-1.41544	-1.18519	-1.45852	-0.70768	15.0750	0.7000	0.0000	22.9500	0.0000	0.0000	20.4545	9.0000	9.9250	0.4232	0.0000	0.3833	17.1250					续训现役	50.40	7.60	docs/artifacts/e73-out/M05-111.bak	1		-0.946927	0.598161	-0.650392	-0.707579	-0.736627
NCV-31			52.90	1.7381	5.686	0.70281	103	-0.94419	-1.48286	-1.38708	-1.39511	-0.67615	15.4500	4.0500	0.0000	22.1750	0.0000	0.0000	12.1212	10.0000	0.5750	0.1818	0.0250	0.3367	2.0000					续训现役	49.00	3.90	docs/artifacts/e75-out/NCV-31.bak	3	PL31 M05C02-31 NCV-31	0.965322	-0.129123	-0.843052	0.267524	-0.351008
NCV-71			50.70	1.9317	6.901	0.70017	107	0.28996	-1.23631	-0.29936	-1.47927	-0.86886	15.1000	2.9000	0.0000	25.8250	0.0000	0.0000	15.3061	10.0000	1.8250	0.1549	0.0125	0.3659	1.0000					续训现役	43.40	7.30	docs/artifacts/e75-out/NCV-71.bak	3	NCV-71 SM71 DM71	0.959397	-0.170426	-0.901491	0.239956	-0.376690
SM71			50.70	1.9317	6.901	0.70017	108	0.58065	-0.88132	0.20914	-1.07085	-0.64228	15.1000	2.9000	0.0000	25.8250	0.0000	0.0000	15.3061	10.0000	1.8250	0.1549	0.0125	0.3659	1.0000					续训现役	43.40	7.30	docs/artifacts/e76-out/SM71.bak	3	NCV-71 SM71 DM71	0.959285	-0.170505	-0.901452	0.239851	-0.377393
PL71			45.20	2.0221	7.554	0.65421	230	-3.01601	-1.34170	0.05037	-0.11404	5.70240	15.3000	3.2500	0.0000	24.9250	0.0000	0.0000	6.5217	10.0000	3.9500	0.3117	0.0897	0.2466	3.0000					续训现役	45.70	-0.50	docs/artifacts/e77-out/PL71.bak	1		-0.762644	0.582027	-0.580026	-0.685559	-0.482714
G15-31			54.80	1.8182	6.161	0.72982	54	-0.17737	-0.78106	-0.10912	-0.81186	0.09973	15.9000	2.0000	0.0000	22.1500	0.0000	0.0000	6.2500	10.0000	7.5250	0.4950	0.0000	0.3289	2.0000					续训现役	49.00	5.80	docs/artifacts/e78-out/G15-31.bak	8	L05-31 R00-31 RG0-31 L05K-31 G15-31 blk0t00-s31 G08-31 H24-31	-0.924689	0.620712	-0.599217	-0.670030	-0.748962
G03-31			55.00	1.3714	3.941	0.68714	153	-0.17552	-0.63060	-0.36777	-0.56545	-0.50191	14.7000	0.3000	0.0500	32.6750	0.0000	0.0000	19.5122	12.0000	24.2750	0.9514	0.0000	0.3848	17.5750					续训现役	51.30	3.70	docs/artifacts/e78-out/G03-31.bak	1		-0.657693	0.835129	-0.517197	-1.014615	-0.465139
NOL24-71			50.30	1.1501	3.158	0.61801	338	-0.37145	-0.12204	-0.22269	-0.06259	0.20946	14.9500	0.0000	0.0000	36.2750	0.0000	0.0000	17.5676	6.0000	0.0000	0.0000	0.0344	0.2525	19.2250					续训现役	51.10	-0.80	docs/artifacts/e78-out/NOL24-71.bak	5	M71 V2-71 NOL24-71 C0b B0-71	-0.820749	-0.464135	-0.837890	0.561972	0.160195
E00-71			52.70	1.5053	4.505	0.67753	177	0.06325	-0.83751	0.19806	-0.86674	0.07895	15.9500	5.5500	0.0000	24.0750	0.0000	0.0000	14.1414	10.0000	0.2000	0.7500	0.0000	0.3233	3.0000					续训现役	48.70	4.00	docs/artifacts/e85-out/E00-71.bak	1		-0.949548	0.557354	-0.552440	-0.718402	-0.800993
E10-71			54.50	1.8961	6.660	0.73461	40	1.16439	-1.72463	1.46752	-1.77038	-0.34219	14.9250	2.2500	0.0000	22.0000	0.0000	0.0000	14.2857	10.0000	9.0000	0.5460	0.0063	0.3601	2.0000					续训现役	45.70	8.80	docs/artifacts/e85-out/E10-71.bak	2	M05C02-71 E10-71	-0.872428	0.555791	-0.543264	-0.736402	-0.657473
R00-71			55.00	1.8056	6.084	0.73056	47	1.16440	0.32820	1.24911	0.46978	-0.80899	15.3000	2.3000	0.0000	24.9000	0.0000	0.0000	11.2360	10.0000	2.7250	0.3551	0.0063	0.3367	2.0000					续训现役	48.50	6.50	docs/artifacts/e91-out/R00-71.bak	5	G15-71 blk0t00-s71 RG0-71 R00-71 G08-71	-0.965698	0.446593	-0.498756	-0.901310	-0.760497
B5-05-31			51.60	1.2795	3.595	0.64395	260	0.42894	0.14865	0.44747	0.15380	-0.06253	14.7250	0.0500	0.0250	30.1250	0.0000	0.0000	19.5402	12.0000	0.7500	0.6000	0.0063	0.4286	1.8000					续训现役	53.80	-2.20	docs/artifacts/e100-out/B5-05-31.bak	2	N5-1 B5-05-31	-0.552925	0.411746	-0.193536	-0.631066	-0.582510
B5-05-71			51.00	1.5628	4.772	0.66628	200	0.19821	-0.75818	0.14019	-0.71550	-0.57096	15.6250	1.3000	0.0000	25.6750	0.0000	0.0000	10.4167	10.0000	24.4750	0.7894	0.0063	0.3727	2.0000					续训现役	46.10	4.90	docs/artifacts/e100-out/B5-05-71.bak	1		-0.861804	0.749242	-0.663670	-0.456122	-0.613938
N5L-30			51.60	1.8538	6.384	0.70138	106	0.29321	-0.88472	0.43857	-0.89777	-0.06358	15.1500	2.6500	0.0000	22.4750	0.0000	0.0000	8.0808	10.0000	1.1500	0.2683	0.0063	0.3383	2.0000					续训现役	45.70	5.90	docs/artifacts/e106-out/N5L-30.bak	1		-0.847374	0.627647	-0.632312	-0.647266	-0.610418
HF-191			51.00	1.9290	6.882	0.70290	99	0.55138	-0.82815	0.39468	-0.73061	-1.01434	15.7500	0.7500	0.0750	31.1500	0.0000	0.0000	10.8696	11.0000	6.2500	0.4779	0.0449	0.2682	15.2750					续训现役	56.00	-5.00	docs/artifacts/e116-out/HF-191.bak	1		-0.059533	0.268914	0.008511	-0.733319	0.456780
blk0t00-s31			54.80	1.8182	6.161	0.72982	55	0.43573	-0.98109	0.63587	-1.00055	-0.05891	15.9000	2.0000	0.0000	22.1500	0.0000	0.0000	6.2500	10.0000	7.5250	0.4950	0.0000	0.3289	2.0000					续训现役	49.00	5.80	docs/artifacts/e124-out/blk0t00-s31.bak	8	L05-31 R00-31 RG0-31 L05K-31 G15-31 blk0t00-s31 G08-31 H24-31	-0.920087	0.618495	-0.600607	-0.640728	-0.746986
blk1t40-s71			55.50	1.9115	6.763	0.74615	21	0.41266	-0.70426	0.48816	-0.69725	-0.28537	15.5000	1.9500	0.0000	24.1500	0.0000	0.0000	8.8889	10.0000	9.2250	0.7310	0.0250	0.3323	2.0000					续训现役	47.40	8.10	docs/artifacts/e124-out/blk1t40-s71.bak	1		-0.766768	0.658219	-0.577473	-0.563833	-0.566562
blk1t00-s31			55.10	1.4548	4.283	0.69648	127	0.18563	-0.88258	0.08965	-0.83185	-0.70789	15.1000	1.5000	0.0000	28.8250	0.0000	0.0000	8.8608	8.0000	27.6500	0.9036	0.0000	0.3333	1.0000					续训现役	47.10	8.00	docs/artifacts/e124-out/blk1t00-s31.bak	1		-0.868019	0.889770	-0.478055	-0.326374	-0.821318
RG1-31			52.10	1.7592	5.808	0.69692	125	0.48662	-0.75428	0.61373	-0.74286	-0.18841	15.7250	4.6500	0.0000	22.8250	0.0000	0.0000	9.1837	10.0000	1.6250	0.3226	0.0000	0.3469	1.0000					续训现役	47.00	5.10	docs/artifacts/e127-out/RG1-31.bak	1		-0.895064	0.669685	-0.656035	-0.586350	-0.679536
D3a			58.00	1.3962	4.040	0.71962	72	0.46761	-1.14708	0.68297	-1.18588	-0.06338	15.0250	3.1500	0.0000	25.1000	0.0000	0.0000	10.2273	10.0000	0.1000	0.2500	0.0000	0.3399	3.0250					续训现役	51.50	6.50	docs/artifacts/e234-out/D3a.js	1		0.992732	-0.260271	-1.034265	0.213332	-0.437281
D4a			56.60	2.0424	7.709	0.77024	8	0.24006	-0.58630	0.25859	-0.56567	-0.33134	14.6750	0.4500	0.0750	27.2250	0.0000	0.0000	9.2784	12.0000	1.0000	0.6500	0.0063	0.2837	3.7750					续训现役	55.80	0.80	docs/artifacts/e234-out/D4a.js	1		-0.415477	0.090611	0.305394	-1.050000	-0.206547
D6a			33.10	0.4029	1.496	0.37129	860	0.21258	0.30840	-0.89717	0.19844	-1.46883	14.8500	0.0000	0.0000	46.8250	0.0000	0.0000	13.7931	5.0000	105.0000	1.0000	0.2500	0.2241	5.0000					续训现役	34.30	-1.20	docs/artifacts/e234-out/D6a.js	1		-0.645407	0.422471	-0.210256	-0.732022	-0.309776
K6			39.70	1.9726	7.189	0.59426	432	0.59507	-0.44122	0.45918	-0.35373	-0.88950	15.0500	0.8500	0.0000	27.7250	0.0000	0.0000	12.5000	12.0000	17.2500	0.9289	0.3000	0.1601	0.0000					续训现役	39.90	-0.20	docs/artifacts/e234-out/K6.js	2	D05-71 K6	-0.726826	0.463101	-0.364881	-0.801350	-0.502323
B1			52.50	0.9704	2.639	0.62204	330	0.53463	-0.46181	0.58330	-0.42821	-0.32173	14.4250	0.8000	0.0750	21.3250	0.0000	0.0000	13.5417	11.0000	0.2250	0.3750	0.0000	0.3618	0.0000					续训现役	53.00	-0.50	docs/artifacts/e234-out/B1.js	1		-0.880280	0.443104	-0.457460	-0.710164	-0.813653
C0b			50.30	1.1501	3.158	0.61801	339	-0.43484	0.04831	0.04479	0.06665	0.77084	14.9500	0.0000	0.0000	36.2750	0.0000	0.0000	17.5676	6.0000	0.0000	0.0000	0.0344	0.2525	19.2250					续训现役	51.10	-0.80	docs/artifacts/e234-out/C0b.js	5	M71 V2-71 NOL24-71 C0b B0-71	-0.817856	-0.463796	-0.840375	0.581331	0.177886
E2			51.50	1.7406	5.701	0.68906	147	0.58447	-0.67378	0.62918	-0.63539	-0.43647	14.8750	1.1000	0.0000	25.0250	0.0000	0.0000	15.0538	10.0000	11.9250	0.9182	0.0377	0.3378	2.0000					续训现役	47.80	3.70	docs/artifacts/e234-out/E2.js	1		-0.720483	0.501569	-0.398296	-0.745644	-0.496370
K3			27.10	0.6050	1.831	0.33150	887	0.61548	-1.05371	0.67369	-1.02782	-0.56030	15.9750	1.8000	0.0000	42.0500	0.0000	0.0000	10.3896	10.0000	62.8750	0.6962	0.0000	0.0833	0.4500					续训现役	30.50	-3.40	docs/artifacts/e234-out/K3.js	3	K3 D05-31 S31	-0.883993	0.745816	-0.666855	-0.462926	-0.661337
Q151			36.40	1.1482	3.153	0.47882	732	0.36993	-0.32136	0.22600	-0.22994	-0.78549	14.7000	0.0000	0.0000	43.9250	0.0000	0.0000	4.5977	8.0000	0.3000	1.0000	0.2500	0.2270	7.5750					续训现役	36.50	-0.10	docs/artifacts/e234-out/Q151.js	2	Q151 M151	-0.425423	0.607025	0.022372	-0.897883	-0.370848
Q111			43.30	0.8947	2.447	0.52247	636	0.30949	-0.27710	0.20220	-0.21211	-0.58486	14.7250	0.1000	0.0000	37.0250	0.0000	0.0000	7.3171	9.0000	2.1750	0.9302	0.0000	0.1404	0.0000					续训现役	46.10	-2.80	docs/artifacts/e234-out/Q111.js	3	B0-111 M111 Q111	-0.683206	0.830991	-0.549785	-0.997731	-0.489197
T71			53.00	0.3555	1.427	0.56555	532	1.68349	-1.87329	2.15581	-1.81502	0.78650	14.8000	0.0000	0.0000	39.2750	0.0000	0.0000	18.1818	3.0000	0.0000	0.0000	0.0000	0.2724	1.0000					续训现役	53.10	-0.10	docs/artifacts/e234-out/T71.js	2	D02-71 T71	-0.886373	-0.458661	-0.894589	0.527573	0.090284
Q231			51.50	1.6442	5.177	0.67942	169	1.07342	-0.20816	0.85635	-0.10989	-1.19199	14.5500	0.9000	0.0000	29.6750	0.0000	0.0000	13.1313	9.0000	2.1250	0.4000	0.4375	0.2517	8.4750					续训现役	48.00	3.50	docs/artifacts/e234-out/Q231.js	2	Q231 M231	-0.580675	0.989384	-0.641845	-0.999958	-0.220204
V71			25.00	0.0040	1.004	0.25040	907	0.84153	0.75519	0.97817	0.80893	0.07700	14.5750	0.0000	0.0000	45.8000	0.0000	0.0000	7.5000	2.0000	0.0000	0.0000	0.0000	0.4924	0.0000					续训现役	26.20	-1.20	docs/artifacts/e234-out/V71.js	1		-0.695008	-0.554047	-0.677182	0.709949	0.206207
W71			56.20	0.5324	1.703	0.61524	355	0.65669	0.54154	0.77382	0.57209	0.04221	14.0000	0.4500	0.0000	42.0750	0.0000	0.0000	6.0606	4.0000	0.0000	0.0000	0.0000	0.4033	0.0000					续训现役	46.90	9.30	docs/artifacts/e234-out/W71.js	1		-0.923334	-0.429754	-0.902069	0.471803	0.027569
BIG1			19.00	0.6918	1.997	0.25918	903	0.54645	-1.64592	0.81426	-1.66685	0.02130	17.0750	16.9750	0.0000	12.3500	0.0000	0.0000	13.3333	5.0000	0.1000	1.0000	0.0000	0.1661	0.0000					续训现役	19.20	-0.20	docs/artifacts/e234-out/BIG1.js	3	BIG0 BIG1 BIG1R	-0.474611	0.812698	-0.556134	-0.744531	0.092189
S71			34.40	1.7290	5.635	0.51690	646	2.35810	-0.00841	2.68494	-0.26905	0.43793	15.4500	2.5500	0.3000	24.8750	0.0000	0.0000	15.6250	10.0000	6.6500	0.9735	0.2625	0.2617	0.0000					续训现役	32.50	1.90	docs/artifacts/e234-out/S71.js	1		-0.149198	0.374785	0.162688	-0.440826	-0.067058
S111			36.40	1.3079	3.698	0.49479	714	1.09960	-0.04250	1.00777	0.20646	-1.02235	13.9750	0.0000	0.0000	34.8250	0.0000	0.0000	12.0482	4.0000	10.6750	1.0000	0.0000	0.3272	9.0000					续训现役	39.90	-3.50	docs/artifacts/e234-out/S111.js	2	P111 S111	-0.872509	0.245414	-0.407034	-0.818127	-0.101879
S231			38.40	1.1431	3.136	0.49831	704	2.65392	-0.70793	2.90861	-0.65241	-1.18632	14.3750	0.0000	0.2000	38.6750	0.0000	0.0000	11.1111	11.0000	0.0000	0.0000	0.0063	0.4094	0.0000					续训现役	36.50	1.90	docs/artifacts/e234-out/S231.js	2	S231 P231	-0.691747	-0.399755	-0.681000	0.457958	0.124514
M231			51.50	1.6442	5.177	0.67942	170	1.11710	-0.22794	0.88576	-0.10087	-1.27263	14.5500	0.9000	0.0000	29.6750	0.0000	0.0000	13.1313	9.0000	2.1250	0.4000	0.4375	0.2517	8.4750					续训现役	48.00	3.50	docs/artifacts/e234-out/M231.js	2	Q231 M231	-0.580750	0.989575	-0.642083	-1.000000	-0.220349
seed81		81	54.90	1.5077	4.516	0.69977	110	0.71483	-1.01189	0.91053	-1.03187	-0.24643	15.9750	2.6000	0.0000	21.2500	0.0000	0.0000	16.3265	10.0000	2.2000	0.4535	0.0063	0.3497	0.0000					续训现役	49.50	5.40	docs/artifacts/eval-out/sel81.bak	1		-0.857500	0.582495	-0.566278	-0.689758	-0.640851
e39ctl911			51.50	1.2374	3.447	0.63874	279	2.47816	-0.52988	2.24073	-0.29822	-2.11765	15.0500	0.0000	0.0000	31.5500	0.0000	0.0000	6.0241	7.0000	18.3250	0.8281	0.0063	0.3555	19.8500					续训现役	53.00	-1.50	docs/artifacts/E39-ctl-911.bak	1		0.371631	0.625801	0.076856	-0.137778	0.298603
land20			49.70	1.9257	6.860	0.68957	146	1.12000	-0.58893	1.27861	-0.55433	-0.45531	14.7500	3.1000	0.0000	19.0000	0.0000	0.0000	9.3750	10.0000	1.0500	0.3000	0.0375	0.3620	1.0000					续训现役	47.90	1.80	docs/artifacts/e59-out/land20.js	3	cal-ctl seq20 land20	-0.808963	0.665820	-0.690681	-0.625454	-0.489696
E59-ctl-902			41.70	1.4536	4.278	0.56236	536	0.72811	-0.17060	0.61484	-0.01271	-0.84876	14.4750	0.2500	0.0000	29.6250	0.0000	0.0000	10.4167	8.0000	8.2250	0.9905	0.0000	0.3137	16.4000					续训现役	43.30	-1.60	docs/artifacts/e59-out/E59-ctl-902.bak	2	E59-seq-902 E59-ctl-902	-0.898901	0.901211	-0.509568	-0.278807	-0.809919
E59-land-901			54.00	1.9598	7.098	0.73598	38	0.83100	-0.06073	0.93298	-0.04181	-0.25015	15.3750	2.3500	0.0000	25.0000	0.0000	0.0000	17.8947	10.0000	4.3250	0.3023	0.1062	0.3290	0.0000					续训现役	47.10	6.90	docs/artifacts/e59-out/E59-land-901.bak	3	E59-ctl-901 E59-seq-901 E59-land-901	-0.782211	0.593724	-0.561537	-0.684625	-0.536282
E59-seq-903			45.90	1.4806	4.395	0.60706	381	0.28478	-0.56029	0.70916	-0.61132	0.33741	15.5250	1.8500	0.0000	29.8250	0.0000	0.0000	21.3483	7.0000	10.4500	0.6346	0.0000	0.2886	20.0000					续训现役	45.70	0.20	docs/artifacts/e59-out/E59-seq-903.bak	3	E59-land-903 E59-ctl-903 E59-seq-903	-1.050000	0.711777	-0.586947	-0.525224	-1.048529
Lctl		31	38.60	1.9191	6.815	0.57791	489	1.74014	-0.76550	1.61967	-0.57857	-1.69725	14.4500	0.2000	23.8500	42.3500	0.0000	0.0000	15.5844	18.0000	6.0250	0.9461	0.1394	0.1740	4.0000					续训现役	37.10	1.50	docs/artifacts/eval-out/win-Lctl.bak	4	C1s31 C2s31 Lctl C0s31	0.340966	0.374084	-0.233110	-0.367677	0.156403
L111		111	53.10	1.7532	5.773	0.70632	93	0.82405	-0.12448	0.74980	-0.04920	-0.79692	14.3250	0.0000	0.0000	31.5000	0.0000	0.0000	8.7912	9.0000	1.3250	0.4717	0.2969	0.2520	0.9750					续训现役	57.00	-3.90	docs/artifacts/eval-out/win-L111.bak	1		-0.043672	0.283836	-0.041490	-0.714635	0.447446
R431		431	38.80	1.2319	3.428	0.51119	665	0.60566	-0.50274	0.52151	-0.39787	-0.90596	14.3500	2.5500	0.0000	19.4500	0.0000	0.0000	10.3093	8.0000	0.7000	1.0000	0.0191	0.3231	1.0000					续训现役	40.60	-1.80	docs/artifacts/eval-out/win-R431.bak	1		0.449373	0.184658	-0.252614	-0.084936	-0.129375
R231		231	54.20	1.3593	3.893	0.67793	176	0.85679	-0.99032	1.00695	-0.97788	-0.43244	15.7750	2.7000	0.0000	30.4250	0.0000	0.0000	8.9744	10.0000	12.4000	0.8841	0.0000	0.2969	1.0000					续训现役	54.60	-0.40	docs/artifacts/eval-out/win-R231.bak	1		-0.832979	0.889296	-0.426113	-0.347278	-0.826301
C0s71		71	50.70	0.8013	2.229	0.58713	450	0.94049	0.35280	1.07467	0.39387	-0.17258	13.6000	0.0000	0.0000	28.8000	0.0000	0.0000	9.7826	5.0000	0.0000	0.0000	0.0625	0.3983	0.0000					续训现役	50.70	0.00	docs/artifacts/eval-out/win-C0s71.bak	4	L71 C1s71 C2s71 C0s71	-0.809639	-0.589846	-0.801693	0.729137	0.050733
C0s31		31	38.60	1.9191	6.815	0.57791	490	1.68861	-0.85511	1.57110	-0.67139	-1.70698	14.4500	0.2000	23.8500	42.3500	0.0000	0.0000	15.5844	18.0000	6.0250	0.9461	0.1394	0.1740	4.0000					续训现役	37.10	1.50	docs/artifacts/eval-out/win-C0s31.bak	4	C1s31 C2s31 Lctl C0s31	0.341520	0.374052	-0.232536	-0.366735	0.157490
EL2			44.00	1.6306	5.107	0.60306	400	0.90109	-0.47122	0.95625	-0.42893	-0.62061	15.4500	3.4000	0.0000	22.1750	0.0000	0.0000	10.2041	10.0000	0.3500	0.1429	0.0313	0.3576	1.0000					续训现役	44.60	-0.60	docs/artifacts/eval-out/win-EL2.bak	2	EL0 EL2	1.000587	-0.243549	-0.991916	0.192406	-0.443487
B0-71			50.30	1.1501	3.158	0.61801	340	-0.10215	-0.09672	0.29395	-0.06248	0.40584	14.9500	0.0000	0.0000	36.2750	0.0000	0.0000	17.5676	6.0000	0.0000	0.0000	0.0344	0.2525	19.2250					续训现役	51.10	-0.80	docs/artifacts/e66-out/B0-71.bak	5	M71 V2-71 NOL24-71 C0b B0-71	-0.813264	-0.463710	-0.829131	0.569113	0.182980
V0-31			35.40	1.6176	5.041	0.51576	656	0.86954	-0.72469	0.99094	-0.69660	-0.44465	14.4000	2.6500	0.0250	28.2750	0.0000	0.0000	10.4651	12.0000	1.9000	0.6892	0.0000	0.3402	2.0000					续训现役	36.00	-0.60	docs/artifacts/e68-out/V0-31.bak	5	NOL24-31 D0a M31 B0-31 V0-31	-0.922547	0.815693	-0.615545	-0.328971	-0.679445
V1-71			28.30	1.6964	5.454	0.45264	769	0.88921	-1.39334	1.15239	-1.37855	-0.13866	15.9500	14.2250	0.0000	16.7750	0.0000	0.0000	12.5000	11.0000	0.0000	0.0000	0.0000	0.1019	0.0000					续训现役	29.40	-1.10	docs/artifacts/e68-out/V1-71.bak	3	V3-71 K5 V1-71	-0.956369	-0.380142	-0.892719	0.397860	-0.011942
V3-31			35.70	1.4772	4.381	0.50472	689	0.80800	-1.12766	1.01646	-1.12198	-0.27775	16.5500	14.5250	0.0000	24.8500	0.0000	0.0000	11.1111	9.0000	0.0000	0.0000	0.0000	0.1763	2.0000					续训现役	40.20	-4.50	docs/artifacts/e68-out/V3-31.bak	3	D1a V1-31 V3-31	-0.978347	-0.356835	-0.874217	0.350024	-0.022757
D005-31			47.70	0.7159	2.046	0.54859	582	0.67584	-0.38055	0.86207	-0.45992	1.02122	14.6000	0.0000	0.0000	41.7000	0.0000	0.0000	18.9189	7.0000	0.0000	0.0000	0.0000	0.3858	0.0000					续训现役	45.00	2.70	docs/artifacts/e70-out/D005-31.bak	1		-0.707524	-0.533933	-0.695611	0.676425	0.253304
D05-31			27.10	0.6050	1.831	0.33150	888	1.01735	-1.25231	1.15443	-1.22735	-0.69976	15.9750	1.8000	0.0000	42.0500	0.0000	0.0000	10.3896	10.0000	62.8750	0.6962	0.0000	0.0833	0.4500					续训现役	30.50	-3.40	docs/artifacts/e70-out/D05-31.bak	3	K3 D05-31 S31	-0.880248	0.748036	-0.657072	-0.455824	-0.653705
L02-71			45.60	1.4072	4.084	0.59672	418	0.72012	-0.56291	0.76342	-0.55050	-0.56759	14.7000	0.0000	0.0000	27.9750	0.0000	0.0000	16.6667	6.0000	15.1250	0.9554	0.0000	0.3415	5.3750					续训现役	45.80	-0.20	docs/artifacts/e71-out/L02-71.bak	1		-0.606753	0.415450	-0.193805	-0.706706	-0.516313
L02-31			48.50	1.8256	6.207	0.66756	199	1.07854	-1.41018	1.33525	-1.41322	-0.46548	15.0250	1.3500	1.4750	27.7250	0.0000	0.0000	13.1868	11.0000	17.8000	0.8267	0.0000	0.3599	0.0000					续训现役	44.20	4.30	docs/artifacts/e71-out/L02-31.bak	1		-0.812219	0.444843	-0.331940	-0.601677	-0.663355
M05-151			54.60	1.6780	5.355	0.71380	78	0.57720	-1.59997	0.47903	-1.42964	-1.37503	14.8000	1.2000	0.0000	21.5750	0.0000	0.0000	18.5567	10.0000	6.4250	0.1836	0.0000	0.3840	0.0000					续训现役	46.00	8.60	docs/artifacts/e73-out/M05-151.bak	1		0.952019	-0.199718	-0.944680	0.268411	-0.364008
M05-231			54.80	1.8130	6.129	0.72930	60	0.98056	-1.01776	1.18216	-1.00429	-0.38685	15.8500	2.1000	0.0000	24.8750	0.0000	0.0000	9.2784	10.0000	8.7250	0.5913	0.0000	0.3345	1.0000					续训现役	48.80	6.00	docs/artifacts/e73-out/M05-231.bak	1		-0.891106	0.702083	-0.619740	-0.529325	-0.666679
NCV-111			51.80	1.9656	7.139	0.71456	76	1.03976	-0.89742	1.18710	-0.86750	-0.52867	15.5750	1.8000	0.0000	24.3500	0.0000	0.0000	9.7826	10.0000	5.1750	0.1845	0.0063	0.3609	3.0000					续训现役	48.40	3.40	docs/artifacts/e75-out/NCV-111.bak	2	M05C02-111 NCV-111	0.983890	-0.226189	-0.977676	0.215670	-0.405408
NCV-151			58.00	1.8903	6.622	0.76903	10	1.05404	-0.91105	1.23022	-0.88576	-0.49802	15.0750	2.5500	0.0000	21.0000	0.0000	0.0000	10.2041	10.0000	2.5750	0.0098	0.0063	0.3355	0.4000					续训现役	51.50	6.50	docs/artifacts/e75-out/NCV-151.bak	2	M05C02-151 NCV-151	0.992662	-0.233457	-1.000000	0.206911	-0.407538
NC-191			45.00	1.7505	5.758	0.62505	321	1.05026	-0.57480	1.15463	-0.52344	-0.65455	14.9000	0.6500	0.0000	30.7000	0.0000	0.0000	19.5122	10.0000	10.8500	0.8687	0.0411	0.2958	11.0750					续训现役	43.10	1.90	docs/artifacts/e75-out/NC-191.bak	1		-0.812006	0.893748	-0.394538	-0.353531	-0.828298
DM71			50.70	1.9317	6.901	0.70017	109	1.72624	-0.33636	1.75425	-0.57230	-0.32132	15.1000	2.9000	0.0000	25.8250	0.0000	0.0000	15.3061	10.0000	1.8250	0.1549	0.0125	0.3659	1.0000					续训现役	43.40	7.30	docs/artifacts/e76-out/DM71.bak	3	NCV-71 SM71 DM71	0.949122	-0.172144	-0.898252	0.244046	-0.398954
G08-31			54.80	1.8182	6.161	0.72982	56	1.00066	-1.11367	1.23458	-1.10666	-0.36067	15.9000	2.0000	0.0000	22.1500	0.0000	0.0000	6.2500	10.0000	7.5250	0.4950	0.0000	0.3289	2.0000					续训现役	49.00	5.80	docs/artifacts/e78-out/G08-31.bak	8	L05-31 R00-31 RG0-31 L05K-31 G15-31 blk0t00-s31 G08-31 H24-31	-0.897085	0.609700	-0.574234	-0.638737	-0.707567
G08-71			55.00	1.8056	6.084	0.73056	48	1.40992	-0.17982	1.47877	-0.05584	-0.96051	15.3000	2.3000	0.0000	24.9000	0.0000	0.0000	11.2360	10.0000	2.7250	0.3551	0.0063	0.3367	2.0000					续训现役	48.50	6.50	docs/artifacts/e78-out/G08-71.bak	5	G15-71 blk0t00-s71 RG0-71 R00-71 G08-71	-0.958267	0.437062	-0.478466	-0.896927	-0.765721
H24-71			53.60	1.5838	4.873	0.69438	136	1.58187	-0.08688	1.45195	0.01333	-1.29732	14.2750	0.5000	0.2000	28.5250	0.0000	0.0000	12.2222	9.0000	0.0000	0.0000	0.3750	0.2953	14.3000					续训现役	51.60	2.00	docs/artifacts/e78-out/H24-71.bak	3	L05-71 L05K-71 H24-71	-0.840186	-0.182877	-0.552931	0.416456	-0.024305
H24-31			54.80	1.8182	6.161	0.72982	57	1.03682	-1.15699	1.27302	-1.15210	-0.38680	15.9000	2.0000	0.0000	22.1500	0.0000	0.0000	6.2500	10.0000	7.5250	0.4950	0.0000	0.3289	2.0000					续训现役	49.00	5.80	docs/artifacts/e78-out/H24-31.bak	8	L05-31 R00-31 RG0-31 L05K-31 G15-31 blk0t00-s31 G08-31 H24-31	-0.896146	0.609003	-0.563474	-0.642822	-0.711673
E20-31			52.20	1.3106	3.708	0.65306	234	1.99097	-0.52123	2.18919	-0.41590	-0.98277	14.6250	0.6000	0.2000	29.2750	0.0000	0.0000	3.6585	11.0000	14.4750	0.9636	0.0250	0.4161	0.0000					续训现役	47.20	5.00	docs/artifacts/e85-out/E20-31.bak	1		-0.450011	0.452882	0.237245	-0.866440	-0.190417
E20-71			55.00	2.0168	7.514	0.75168	15	1.81079	-0.53589	2.10619	-0.51328	-0.45619	14.4250	0.5000	0.0750	25.3250	0.0000	0.0000	11.7021	11.0000	4.6500	0.2688	0.0250	0.3636	2.0000					续训现役	50.90	4.10	docs/artifacts/e85-out/E20-71.bak	1		-0.937594	0.410470	-0.433741	-0.893408	-0.780066
N5-0			52.00	1.7089	5.523	0.69089	143	0.86689	-2.00856	0.82134	-1.83501	-1.60451	14.7250	2.8000	0.0000	23.0000	0.0000	0.0000	20.2128	12.0000	6.2750	0.7224	0.0000	0.3586	20.0000					续训现役	51.30	0.70	docs/artifacts/e95-out/N5-0.bak	1		-0.839886	0.531591	-0.473331	-0.715852	-0.665222
B5-10-71			50.80	1.8006	6.053	0.68806	152	0.58540	-1.70891	0.42984	-1.52679	-1.53977	14.9250	1.9000	0.0000	24.5500	0.0000	0.0000	14.4330	10.0000	3.1750	0.4080	0.0250	0.3705	0.6750					续训现役	44.90	5.90	docs/artifacts/e100-out/B5-10-71.bak	1		-0.815154	0.560764	-0.529324	-0.709144	-0.577721
N5L-05			42.60	1.5215	4.579	0.57815	485	1.18991	-1.07232	1.41065	-1.05850	-0.49953	14.9250	2.7500	0.0000	21.6750	0.0000	0.0000	7.2165	10.0000	0.6250	0.3333	0.0063	0.3433	2.0000					续训现役	44.20	-1.60	docs/artifacts/e106-out/N5L-05.bak	2	SQ2-15-31 N5L-05	-0.840026	0.612914	-0.602903	-0.655120	-0.609618
C5-02-71			55.40	1.9181	6.808	0.74581	25	2.08524	-2.43338	2.36230	-2.55652	-0.88673	15.1000	2.8500	0.0000	24.3000	0.0000	0.0000	10.2041	10.0000	2.1000	0.4024	0.0063	0.3311	2.0000					续训现役	47.30	8.10	docs/artifacts/e111-out/C5-02-71.bak	4	SHIPPED-Ldemo Ldemo C5-02-31 C5-02-71	-0.825603	0.720298	-0.631612	-0.506580	-0.578453
SQ2-15-71			53.40	1.3918	4.022	0.67318	188	1.50565	-0.37328	1.73628	-0.36324	-0.40068	14.2750	0.0000	0.0000	20.9500	0.0000	0.0000	5.1546	8.0000	1.4000	0.0000	0.0313	0.4304	1.0000					续训现役	50.00	3.40	docs/artifacts/e120-out/SQ2-15-71.bak	1		0.885570	-0.135313	-0.848832	0.144776	-0.378803
blk0t40-s71			46.30	1.9103	6.755	0.65403	232	0.37374	-1.76833	0.14523	-1.56590	-1.62984	15.5500	3.0000	0.0000	21.9500	0.0000	0.0000	5.2632	9.0000	4.1000	0.4410	0.3125	0.2215	2.0000					续训现役	47.00	-0.70	docs/artifacts/e124-out/blk0t40-s71.bak	1		-0.741718	0.577926	-0.538203	-0.680149	-0.471255
blk0t40-s31			47.10	1.6484	5.199	0.63584	294	3.83405	-20.85952	4.64097	-22.50246	7.15552	15.2750	2.8500	0.0000	20.8000	0.0000	0.0000	12.1212	10.0000	2.0750	0.3293	0.0000	0.3079	16.3000					续训现役	49.40	-2.30	docs/artifacts/e124-out/blk0t40-s31.bak	1		-0.938693	0.455107	-0.501781	-0.855903	-0.785116
blk1t40-s31			52.30	1.8672	6.470	0.70972	87	1.37560	-1.23369	1.65742	-1.21433	-0.53419	16.2000	1.2000	0.0000	25.1750	0.0000	0.0000	7.7778	10.0000	10.6250	0.3641	0.0313	0.3268	1.0000					续训现役	48.70	3.60	docs/artifacts/e124-out/blk1t40-s31.bak	1		-0.770516	0.623053	-0.556724	-0.624176	-0.557097
RG1-71			54.70	1.7878	5.977	0.72578	65	1.28893	-1.03488	1.52963	-1.02902	-0.59228	15.1750	1.0000	0.0000	23.4750	0.0000	0.0000	10.5263	10.0000	5.0750	0.2857	0.0125	0.3485	2.0000					续训现役	46.50	8.20	docs/artifacts/e127-out/RG1-71.bak	1		-0.821083	0.728835	-0.644636	-0.489632	-0.552373
D2a			53.60	1.1222	3.072	0.64822	245	2.10438	-0.03500	2.32277	-0.26226	0.00660	14.7500	0.4000	0.0000	33.5500	0.0000	0.0000	12.5000	7.0000	0.0000	0.0000	0.0000	0.3660	1.8500					续训现役	53.80	-0.20	docs/artifacts/e234-out/D2a.js	1		-0.833000	-0.408693	-0.870747	0.480633	0.206026
D5a			49.20	1.8360	6.271	0.67560	179	2.04759	-0.76839	2.20892	-0.65155	-1.17151	14.9750	1.3250	0.3000	26.2500	0.0000	0.0000	10.7527	15.0000	5.6750	0.6344	0.1375	0.3375	17.0000					续训现役	49.00	0.20	docs/artifacts/e234-out/D5a.js	2	B0L-31 D5a	-0.623440	0.705133	-0.516207	-0.374742	-0.426872
D7a			51.80	1.5030	4.495	0.66830	197	1.64340	-0.60939	1.83909	-0.55063	-0.73732	15.4250	3.6500	0.0250	21.5250	0.0000	0.0000	9.0909	11.0000	0.3250	0.1538	0.0000	0.3377	0.0000					续训现役	46.20	5.60	docs/artifacts/e234-out/D7a.js	1		0.971525	-0.243059	-1.002207	0.242497	-0.426930
E3			50.50	1.6975	5.460	0.67475	182	1.92018	-0.77017	2.24313	-0.76350	-0.39752	15.8500	1.4000	0.0000	25.6750	0.0000	0.0000	9.1954	10.0000	7.3750	0.5646	0.0177	0.3039	11.9250					续训现役	53.10	-2.60	docs/artifacts/e234-out/E3.js	1		-0.755672	0.671982	-0.557006	-0.548682	-0.589286
K4			36.70	0.8068	2.241	0.44768	776	1.56982	-0.07022	1.57567	0.14222	-1.09184	14.6500	0.7000	0.0000	35.9250	0.0000	0.0000	10.3896	7.0000	0.2750	1.0000	0.0000	0.4025	16.4750					续训现役	33.60	3.10	docs/artifacts/e234-out/K4.js	1		-0.191914	0.278152	0.487720	-0.949016	-0.026821
K1			32.60	1.3329	3.792	0.45929	756	2.00684	-0.03109	2.03628	0.08158	-1.34418	14.4500	0.0000	54.8250	44.8000	0.0000	0.0000	8.2192	9.0000	0.0000	0.0000	0.2500	0.1328	1.0000					续训现役	34.10	-1.50	docs/artifacts/e234-out/K1.js	1		-0.656391	-0.480781	-0.642062	0.599437	0.119286
R1			55.90	1.4550	4.285	0.70450	96	1.70841	-0.70468	1.97475	-0.73057	-0.52641	15.4500	1.2000	0.2250	27.8750	0.0000	0.0000	7.3171	13.0000	10.0000	0.8421	0.0029	0.4349	0.0000					续训现役	54.70	1.20	docs/artifacts/e234-out/R1.js	1		-0.803773	0.446608	-0.324470	-0.591218	-0.654757
X1			52.60	1.9538	7.055	0.72138	70	1.84804	-0.42366	2.04042	-0.32368	-0.90306	15.3250	2.4500	0.0000	22.1000	0.0000	0.0000	15.4639	10.0000	4.6250	0.5000	0.0063	0.3435	1.0000					续训现役	47.00	5.60	docs/artifacts/e234-out/X1.js	1		-0.848448	0.569254	-0.530972	-0.683054	-0.641921
P191			39.00	1.1415	3.131	0.50415	691	1.57616	-0.33766	1.81799	-0.24432	-0.62265	14.0250	0.0000	0.0250	27.2250	0.0000	0.0000	10.8696	9.0000	0.0000	0.0000	0.0000	0.3439	12.8000					续训现役	43.90	-4.90	docs/artifacts/e234-out/P191.js	2	P191 S191	-0.771008	-0.663105	-0.751223	0.754064	-0.076507
P151			51.00	1.2985	3.664	0.63985	273	2.13822	-0.43044	2.31883	-0.32389	-1.10940	14.5000	0.0000	0.2750	34.3500	0.0000	0.0000	19.7531	11.0000	0.0000	0.0000	0.0377	0.3082	3.2250					续训现役	49.80	1.20	docs/artifacts/e234-out/P151.js	2	P151 S151	-0.672525	-0.477692	-0.636236	0.593721	0.166864
P231			38.40	1.1431	3.136	0.49831	705	2.24135	-0.02776	2.48337	0.10146	-1.08378	14.3750	0.0000	0.2000	38.6750	0.0000	0.0000	11.1111	11.0000	0.0000	0.0000	0.0063	0.4094	0.0000					续训现役	36.50	1.90	docs/artifacts/e234-out/P231.js	2	S231 P231	-0.692636	-0.400104	-0.682249	0.458345	0.124971
U1			20.30	1.4908	4.440	0.35208	878	2.00431	-1.19165	1.99454	-1.12872	-1.58963	15.2750	0.8500	0.0250	46.0250	0.0000	0.0000	16.0714	11.0000	55.7250	0.7330	0.5000	0.0836	4.0000					续训现役	29.70	-9.40	docs/artifacts/e234-out/U1.js	1		-0.630138	0.527421	-0.315193	-0.642789	-0.349703
V151			33.30	0.6115	1.843	0.39415	839	1.97129	-0.11390	2.24890	-0.03043	-0.60665	14.3750	0.0000	0.0250	36.4500	0.0000	0.0000	11.4943	7.0000	0.0000	0.0000	0.4437	0.4447	0.0000					续训现役	32.50	0.80	docs/artifacts/e234-out/V151.js	1		-0.751447	-0.414585	-0.737586	0.499685	0.255990
V191			51.90	0.9750	2.651	0.61650	348	1.53875	0.12682	1.80759	0.17923	-0.35566	13.4750	0.0000	0.1250	34.0000	0.0000	0.0000	3.0612	7.0000	0.0000	0.0000	0.0132	0.3526	1.0000					续训现役	49.80	2.10	docs/artifacts/e234-out/V191.js	1		-0.781011	-0.452331	-0.806185	0.569713	0.235077
BIG1R			19.00	0.6918	1.997	0.25918	904	0.67917	-1.94993	1.01140	-1.98014	0.09431	17.0750	16.9750	0.0000	12.3500	0.0000	0.0000	13.3333	5.0000	0.1000	1.0000	0.0000	0.1661	0.0000					续训现役	19.20	-0.20	docs/artifacts/e234-out/BIG1R.js	3	BIG0 BIG1 BIG1R	-0.473341	0.811166	-0.552074	-0.743110	0.092265
M151			36.40	1.1482	3.153	0.47882	733	1.23506	-0.27152	1.19187	-0.11033	-1.25415	14.7000	0.0000	0.0000	43.9250	0.0000	0.0000	4.5977	8.0000	0.3000	1.0000	0.2500	0.2270	7.5750					续训现役	36.50	-0.10	docs/artifacts/e234-out/M151.js	2	Q151 M151	-0.424047	0.607007	0.023874	-0.897136	-0.370139
S191			39.00	1.1415	3.131	0.50415	692	1.31345	-0.17896	1.48497	-0.12336	-0.49664	14.0250	0.0000	0.0250	27.2250	0.0000	0.0000	10.8696	9.0000	0.0000	0.0000	0.0000	0.3439	12.8000					续训现役	43.90	-4.90	docs/artifacts/e234-out/S191.js	2	P191 S191	-0.771232	-0.663249	-0.751423	0.754212	-0.076529
S151			51.00	1.2985	3.664	0.63985	274	1.93513	-0.49545	1.98403	-0.36024	-1.34045	14.5000	0.0000	0.2750	34.3500	0.0000	0.0000	19.7531	11.0000	0.0000	0.0000	0.0377	0.3082	3.2250					续训现役	49.80	1.20	docs/artifacts/e234-out/S151.js	2	P151 S151	-0.672874	-0.478047	-0.636681	0.594309	0.167141
S31			27.10	0.6050	1.831	0.33150	889	1.18222	-1.34327	1.20922	-1.29509	-1.06637	15.9750	1.8000	0.0000	42.0500	0.0000	0.0000	10.3896	10.0000	62.8750	0.6962	0.0000	0.0833	0.4500					续训现役	30.50	-3.40	docs/artifacts/e234-out/S31.js	3	K3 D05-31 S31	-0.876426	0.750362	-0.648475	-0.448842	-0.644204
SLOT-6ed47e18	旧槽位冠军		11.10	1.0985	3.000	0.22085	914	1.75771	0.37275	1.74878	0.53676	-1.12692	15.0000	0.0000	0.0000	47.0000	0.0000	0.0000	0.0000	3.0000	0.0000	0.0000	1.0000	0.0000	0.0000						10.80	0.30	docs/artifacts/e370-out/6ed47e18-v7.js	1		-0.798729	-0.501067	-0.794218	0.605511	0.114162
SLOT-bb5c0e8e	旧槽位冠军		11.10	1.0985	3.000	0.22085	915	1.87831	0.32229	1.87928	0.51992	-1.15311	15.0000	0.0000	0.0000	47.0000	0.0000	0.0000	0.0000	3.0000	0.0000	0.0000	1.0000	0.0000	0.0000						11.00	0.10	docs/artifacts/e370-out/bb5c0e8e-v7.js	1		-0.798681	-0.501169	-0.793860	0.605610	0.114342
SLOT-4afeed5f	旧槽位冠军		21.50	1.3063	3.692	0.34563	880	0.82834	0.27084	1.79291	0.58482	1.03087	14.5000	0.0000	0.0000	38.2000	0.0000	0.0000	4.8780	5.0000	0.0000	0.0000	0.1755	0.4526	0.0000						16.80	4.70	docs/artifacts/e370-out/4afeed5f-v7.js	1		-0.717968	-0.495903	-0.703197	0.620670	0.188660
SLOT-033c7601	旧槽位冠军		20.90	1.3421	3.827	0.34321	882	2.43355	-0.64252	2.85765	-0.53026	-0.00775	14.5750	0.0000	0.0000	41.7250	0.0000	0.0000	3.4884	5.0000	0.0000	0.0000	0.6375	0.4239	0.0000						18.00	2.90	docs/artifacts/e370-out/033c7601-v7.js	1		-0.710015	-0.500810	-0.689139	0.629612	0.197439
SLOT-03749abc	旧槽位冠军		24.30	0.7270	2.069	0.31570	892	1.81093	-0.26903	1.58786	-0.05468	-1.88706	14.4500	0.0000	0.0000	37.9750	0.0000	0.0000	20.0000	5.0000	3.5250	1.0000	0.0000	0.1782	0.0250						21.10	3.20	docs/artifacts/e370-out/03749abc-v7.js	1		0.333042	0.449182	-0.358440	-0.458511	0.131157
SLOT-cc573172	旧槽位冠军		16.60	1.1207	3.067	0.27807	900	1.82239	0.05615	1.73787	0.14006	-1.28916	15.0000	0.0000	0.0000	46.9750	0.0000	0.0000	20.0000	4.0000	0.0000	0.0000	0.9875	0.2419	0.0000						16.20	0.40	docs/artifacts/e370-out/cc573172-v7.js	1		-0.801573	-0.495601	-0.802615	0.601897	0.128953
SLOT-9ada5161	旧槽位冠军		20.00	0.5678	1.764	0.25678	906	1.92945	0.13960	1.88318	0.26372	-1.19344	14.6000	0.0000	0.0000	46.3750	0.0000	0.0000	19.4444	6.0000	0.0000	0.0000	0.0121	0.2044	0.0000						17.20	2.80	docs/artifacts/e370-out/9ada5161-v7.js	1		-0.709722	-0.522739	-0.694962	0.659029	0.231142
SLOT-f970452c	旧槽位冠军		16.20	1.4880	4.428	0.31080	893	1.54032	-0.02335	1.61354	0.08212	-0.94570	14.4750	0.0000	0.0000	38.2000	0.0000	0.0000	5.9524	6.0000	0.0000	0.0000	0.5000	0.1711	0.0000						15.30	0.90	docs/artifacts/e370-out/f970452c-v7.js	1		-0.733133	-0.494471	-0.726273	0.618472	0.208552
SLOT-037b2f71	旧槽位冠军		23.10	2.0565	7.818	0.43665	789	1.74828	-0.67159	1.43031	-0.29172	-2.15081	14.1750	0.1000	7.8500	35.8000	0.0000	0.0000	8.0460	12.0000	2.6750	1.0000	0.5000	0.1290	0.0000						20.10	3.00	docs/artifacts/e370-out/037b2f71-v7.js	1		0.265742	0.386948	-0.178472	-0.440249	0.121890
SLOT-255f008a	旧槽位冠军		32.60	0.8650	2.375	0.41250	812	1.50161	-0.35071	1.41460	-0.03941	-1.52732	14.4000	0.0000	0.0000	37.2750	0.0000	0.0000	13.4146	8.0000	1.8250	1.0000	0.0000	0.3389	0.5000						26.20	6.40	docs/artifacts/e370-out/255f008a-v7.js	1		0.527748	0.191119	-0.262422	-0.037431	0.060468
SLOT-5d6fd40e	旧槽位冠军		22.70	0.0365	1.037	0.23065	913	1.48260	0.33512	1.71655	0.41973	-0.23173	14.6750	0.0000	0.0000	44.1250	0.0000	0.0000	11.7647	4.0000	0.0000	0.0000	0.0040	0.4903	0.0000						21.50	1.20	docs/artifacts/e370-out/5d6fd40e-v7.js	1		-0.861669	-0.400307	-0.849046	0.451862	0.143246
SLOT-cd32f240	旧槽位冠军		23.70	0.0261	1.026	0.23961	909	1.64899	1.67539	0.51292	1.60911	-2.39989	14.5750	0.0000	0.0000	40.8500	0.0000	0.0000	8.3333	4.0000	0.0500	1.0000	0.0000	0.4800	0.0000						20.00	3.70	docs/artifacts/e370-out/cd32f240-v7.js	1		0.351353	0.470732	-0.397233	-0.478085	0.144339
SLOT-f5735e56	旧槽位冠军		18.80	1.1323	3.103	0.30123	895	1.92862	-0.03539	2.22502	0.07817	-0.52658	14.3750	0.0000	0.0000	33.3750	0.0000	0.0000	7.2289	6.0000	0.0000	0.0000	0.4605	0.4473	0.0000						15.60	3.20	docs/artifacts/e370-out/f5735e56-v7.js	1		-0.751983	-0.478538	-0.758875	0.600048	0.215712
SLOT-18eafc3f	旧槽位冠军		31.80	0.3951	1.485	0.35751	875	1.71763	-0.34116	1.54034	-0.06747	-1.70570	13.7500	0.0000	0.0000	22.6500	0.0000	0.0000	11.5789	4.0000	0.5500	1.0000	0.0000	0.3196	0.0000						24.40	7.40	docs/artifacts/e370-out/18eafc3f-v7.js	1		-0.863221	0.254205	-0.389247	-0.809079	-0.111703
SLOT-9e83020d	旧槽位冠军		32.40	0.0175	1.018	0.32575	890	2.10817	-0.71333	2.42950	-0.61697	-0.79399	14.9000	0.0000	0.0000	42.3000	0.0000	0.0000	11.3924	2.0000	0.0000	0.0000	0.0000	0.2716	0.0000						24.70	7.70	docs/artifacts/e370-out/9e83020d-v7.js	1		-0.874853	-0.399104	-0.832652	0.443643	0.110148
SLOT-e379c62c	旧槽位冠军	31	30.60	1.0002	2.719	0.40602	820	2.13706	-0.27421	2.31933	-0.12135	-1.10560	14.1000	0.0000	0.6750	24.9250	0.0000	0.0000	5.6180	6.0000	0.0000	0.0000	0.0000	0.2800	18.5750						25.60	5.00	docs/artifacts/e370-out/e379c62c-v7.js	1		-0.855427	-0.497363	-0.886683	0.616893	0.214137
