id	fam	famLabel	ts	metaSeed	nameSeed	parent	parentOf	parentName	wid	rulesFp	divW	divK	divRoleW	divCatW	oppsN	stockBonus	hoardPen	dealW	firstW	whistlePen	styleW	eTarget	eCap	gens	mode	seedEmb
def-31	4	对手池 12→15 ‖ 12 枚 ‖ 09-13→09-13 ‖ 父 e379c62c	2026-09-13T03:05:19	31	31	e379c62c	champion-5p-ab2-base	champion-5p-ab2-base	3406d277e7ce1d04	-	-	-	-	-	15	-	-	-	-	-	0	-	-	250	multi	-
def-34	4	对手池 12→15 ‖ 12 枚 ‖ 09-13→09-13 ‖ 父 e379c62c	2026-09-13T03:09:12	34	34	e379c62c	champion-5p-ab2-base	champion-5p-ab2-base	f816f173a0998562	-	-	-	-	-	15	-	-	-	-	-	0	-	-	250	multi	-
eco-31	3	风格权重 0.5→0 ‖ 26 枚 ‖ 09-13→09-13 ‖ 父 e379c62c	2026-09-13T02:58:51	31	31	e379c62c	champion-5p-ab2-base	champion-5p-ab2-base	1a2c61c5339b4fe5	-	-	-	-	-	12	-	-	-	-	-	0	-	-	250	multi	-
eco-34-v7	3	风格权重 0.5→0 ‖ 26 枚 ‖ 09-13→09-13 ‖ 父 e379c62c	2026-09-13T03:01:08	34	v7	e379c62c	champion-5p-ab2-base	champion-5p-ab2-base	d960dd589dad97e4	-	-	-	-	-	12	-	-	-	-	-	0	-	-	250	multi	-
eco-35	3	风格权重 0.5→0 ‖ 26 枚 ‖ 09-13→09-13 ‖ 父 e379c62c	2026-09-13T03:01:53	35	35	e379c62c	champion-5p-ab2-base	champion-5p-ab2-base	f729395bf63edc1a	-	-	-	-	-	12	-	-	-	-	-	0	-	-	250	multi	-
eco2-32	3	风格权重 0.5→0 ‖ 26 枚 ‖ 09-13→09-13 ‖ 父 e379c62c	2026-09-13T03:32:57	32	32	e379c62c	champion-5p-ab2-base	champion-5p-ab2-base	e7fb0da6f3289d53	-	-	-	-	-	12	-	-	-	-	-	0	-	-	250	multi	-
eco2-35	3	风格权重 0.5→0 ‖ 26 枚 ‖ 09-13→09-13 ‖ 父 e379c62c	2026-09-13T03:35:14	35	35	e379c62c	champion-5p-ab2-base	champion-5p-ab2-base	6157caa39cd53c57	-	-	-	-	-	12	-	-	-	-	-	0	-	-	250	multi	-
fgtA-32	3	风格权重 0.5→0 ‖ 26 枚 ‖ 09-13→09-13 ‖ 父 e379c62c	2026-09-13T03:49:51	32	32	e379c62c	champion-5p-ab2-base	champion-5p-ab2-base	113766bd7b262b03	-	-	-	-	-	12	-	-	-	-	-	0	-	-	250	multi	-
fgtA-35	3	风格权重 0.5→0 ‖ 26 枚 ‖ 09-13→09-13 ‖ 父 e379c62c	2026-09-13T03:52:32	35	35	e379c62c	champion-5p-ab2-base	champion-5p-ab2-base	2d363a2cdfb74f90	-	-	-	-	-	12	-	-	-	-	-	0	-	-	250	multi	-
fgtB-32	4	对手池 12→15 ‖ 12 枚 ‖ 09-13→09-13 ‖ 父 e379c62c	2026-09-13T03:58:34	32	32	e379c62c	champion-5p-ab2-base	champion-5p-ab2-base	a0372a73fac9ae71	-	-	-	-	-	15	-	-	-	-	-	0	-	-	250	multi	-
fgtB-35	4	对手池 12→15 ‖ 12 枚 ‖ 09-13→09-13 ‖ 父 e379c62c	2026-09-13T04:03:24	35	35	e379c62c	champion-5p-ab2-base	champion-5p-ab2-base	a1bdf02cbc7519ec	-	-	-	-	-	15	-	-	-	-	-	0	-	-	250	multi	-
fstA-32	5	珠价 divW -→0.06 · 囤珠奖励 -→0.05 · 囤珠惩罚 -→0.12 · 输出权重 -→0.05 · 先手权重 -→0.08 · 吹哨惩罚 -→0 · 对手池 15→12 ‖ 6 枚 ‖ 09-13→09-13 ‖ 父 e379c62c	2026-09-13T06:10:04	32	32	e379c62c	champion-5p-ab2-base	champion-5p-ab2-base	3c392bccae6df12e	-	0.06	-	-	-	12	0.05	0.12	0.05	0.08	0	0	-	-	250	multi	-
fstA-35	5	珠价 divW -→0.06 · 囤珠奖励 -→0.05 · 囤珠惩罚 -→0.12 · 输出权重 -→0.05 · 先手权重 -→0.08 · 吹哨惩罚 -→0 · 对手池 15→12 ‖ 6 枚 ‖ 09-13→09-13 ‖ 父 e379c62c	2026-09-13T06:12:34	35	35	e379c62c	champion-5p-ab2-base	champion-5p-ab2-base	52e57a4b47c1f74f	-	0.06	-	-	-	12	0.05	0.12	0.05	0.08	0	0	-	-	250	multi	-
mix-31	1	珠价 divW=- · 对手池=16 ‖ 6 枚 ‖ 09-12→09-12 ‖ 父 e379c62c	2026-09-12T14:23:55	31	31	e379c62c	champion-5p-ab2-base	champion-5p-ab2-base	b105c7dd8bf03134	-	-	-	-	-	16	-	-	-	-	-	-	-	-	250	multi	-
mix-34	1	珠价 divW=- · 对手池=16 ‖ 6 枚 ‖ 09-12→09-12 ‖ 父 e379c62c	2026-09-12T14:29:29	34	34	e379c62c	champion-5p-ab2-base	champion-5p-ab2-base	4515673911ce9c52	-	-	-	-	-	16	-	-	-	-	-	-	-	-	250	multi	-
r61fix-31	19	珠价 divW 0.06→0.3 · 对手池 17→20 ‖ 48 枚 ‖ 09-19→09-19 ‖ 父 d13d3c85	2026-09-19T13:58:27	31	31	d13d3c85		RUNNER-BASE d13d3c85…（v1.3.58 BASE · runner 恒拷 EPIRUS_BUNDLE_IN 的产物 · 584 枚共指 · **非血统**）	69be43a139a4956b	-	0.3	6	0	0	20	0.05	0.12	0.01	0	0	0	-	-	250	multi	6
r61fix-91	19	珠价 divW 0.06→0.3 · 对手池 17→20 ‖ 48 枚 ‖ 09-19→09-19 ‖ 父 d13d3c85	2026-09-19T14:04:13	91	91	d13d3c85		RUNNER-BASE d13d3c85…（v1.3.58 BASE · runner 恒拷 EPIRUS_BUNDLE_IN 的产物 · 584 枚共指 · **非血统**）	12a070434a153c7a	-	0.3	6	0	0	20	0.05	0.12	0.01	0	0	0	-	-	250	multi	6
rwd0-31	3	风格权重 0.5→0 ‖ 26 枚 ‖ 09-13→09-13 ‖ 父 e379c62c	2026-09-13T03:13:35	31	31	e379c62c	champion-5p-ab2-base	champion-5p-ab2-base	4f2433338a4155ea	-	-	-	-	-	12	-	-	-	-	-	0	-	-	250	multi	-
rwd0-34	3	风格权重 0.5→0 ‖ 26 枚 ‖ 09-13→09-13 ‖ 父 e379c62c	2026-09-13T03:15:51	34	34	e379c62c	champion-5p-ab2-base	champion-5p-ab2-base	16a43e48c3e966ea	-	-	-	-	-	12	-	-	-	-	-	0	-	-	250	multi	-
seedtest2-31	7	对手池 12→15 ‖ 126 枚 ‖ 09-14→09-15 ‖ 父 d13d3c85	2026-09-14T15:34:08	35	31	d13d3c85		RUNNER-BASE d13d3c85…（v1.3.58 BASE · runner 恒拷 EPIRUS_BUNDLE_IN 的产物 · 584 枚共指 · **非血统**）	653a1d6688f6e8c4	-	0.06	-	-	-	15	0.05	0.12	0.01	0	0	0	-	-	250	multi	6
sty-32	2	风格权重 -→0.5 · 对手池 16→12 ‖ 6 枚 ‖ 09-12→09-12 ‖ 父 e379c62c	2026-09-12T14:50:39	32	32	e379c62c	champion-5p-ab2-base	champion-5p-ab2-base	bd7a6acaa16a0654	-	-	-	-	-	12	-	-	-	-	-	0.5	-	-	250	multi	-
sty-35	2	风格权重 -→0.5 · 对手池 16→12 ‖ 6 枚 ‖ 09-12→09-12 ‖ 父 e379c62c	2026-09-12T14:53:51	35	35	e379c62c	champion-5p-ab2-base	champion-5p-ab2-base	353a1b940e7e67a0	-	-	-	-	-	12	-	-	-	-	-	0.5	-	-	250	multi	-
v11-61	7	对手池 12→15 ‖ 126 枚 ‖ 09-14→09-15 ‖ 父 d13d3c85	2026-09-15T11:17:37	61	61	d13d3c85		RUNNER-BASE d13d3c85…（v1.3.58 BASE · runner 恒拷 EPIRUS_BUNDLE_IN 的产物 · 584 枚共指 · **非血统**）	e1eabd91e8204743	-	0.06	-	-	-	15	0.05	0.12	0.01	0	0	0	-	-	250	multi	6
v11-64	7	对手池 12→15 ‖ 126 枚 ‖ 09-14→09-15 ‖ 父 d13d3c85	2026-09-15T11:20:03	64	64	d13d3c85		RUNNER-BASE d13d3c85…（v1.3.58 BASE · runner 恒拷 EPIRUS_BUNDLE_IN 的产物 · 584 枚共指 · **非血统**）	fa0e014c2be8a230	-	0.06	-	-	-	15	0.05	0.12	0.01	0	0	0	-	-	250	multi	6
v11-71	7	对手池 12→15 ‖ 126 枚 ‖ 09-14→09-15 ‖ 父 d13d3c85	2026-09-15T11:22:32	71	71	d13d3c85		RUNNER-BASE d13d3c85…（v1.3.58 BASE · runner 恒拷 EPIRUS_BUNDLE_IN 的产物 · 584 枚共指 · **非血统**）	4216e439c2946be1	-	0.06	-	-	-	15	0.05	0.12	0.01	0	0	0	-	-	250	multi	6
v11-74	7	对手池 12→15 ‖ 126 枚 ‖ 09-14→09-15 ‖ 父 d13d3c85	2026-09-15T11:24:43	74	74	d13d3c85		RUNNER-BASE d13d3c85…（v1.3.58 BASE · runner 恒拷 EPIRUS_BUNDLE_IN 的产物 · 584 枚共指 · **非血统**）	c4163cc53553bb8f	-	0.06	-	-	-	15	0.05	0.12	0.01	0	0	0	-	-	250	multi	6
v12-31	9	珠价 divW 0.06→0.6 · 对手池 18→15 ‖ 13 枚 ‖ 09-15→09-15 ‖ 父 d13d3c85	2026-09-15T11:30:43	31	31	d13d3c85		RUNNER-BASE d13d3c85…（v1.3.58 BASE · runner 恒拷 EPIRUS_BUNDLE_IN 的产物 · 584 枚共指 · **非血统**）	99e2ff4165ff1bbb	-	0.6	-	-	-	15	0.05	0.12	0.01	0	0	0	-	-	250	multi	6
v12-83	9	珠价 divW 0.06→0.6 · 对手池 18→15 ‖ 13 枚 ‖ 09-15→09-15 ‖ 父 d13d3c85	2026-09-15T11:32:53	83	83	d13d3c85		RUNNER-BASE d13d3c85…（v1.3.58 BASE · runner 恒拷 EPIRUS_BUNDLE_IN 的产物 · 584 枚共指 · **非血统**）	4d836b373cfd40bd	-	0.6	-	-	-	15	0.05	0.12	0.01	0	0	0	-	-	250	multi	6
v12-86	9	珠价 divW 0.06→0.6 · 对手池 18→15 ‖ 13 枚 ‖ 09-15→09-15 ‖ 父 d13d3c85	2026-09-15T11:34:56	86	86	d13d3c85		RUNNER-BASE d13d3c85…（v1.3.58 BASE · runner 恒拷 EPIRUS_BUNDLE_IN 的产物 · 584 枚共指 · **非血统**）	73d510ad0bbac8ba	-	0.6	-	-	-	15	0.05	0.12	0.01	0	0	0	-	-	250	multi	6
v12-93	9	珠价 divW 0.06→0.6 · 对手池 18→15 ‖ 13 枚 ‖ 09-15→09-15 ‖ 父 d13d3c85	2026-09-15T11:36:52	93	93	d13d3c85		RUNNER-BASE d13d3c85…（v1.3.58 BASE · runner 恒拷 EPIRUS_BUNDLE_IN 的产物 · 584 枚共指 · **非血统**）	aaf3e9de6d708856	-	0.6	-	-	-	15	0.05	0.12	0.01	0	0	0	-	-	250	multi	6
v12-96	9	珠价 divW 0.06→0.6 · 对手池 18→15 ‖ 13 枚 ‖ 09-15→09-15 ‖ 父 d13d3c85	2026-09-15T11:39:04	96	96	d13d3c85		RUNNER-BASE d13d3c85…（v1.3.58 BASE · runner 恒拷 EPIRUS_BUNDLE_IN 的产物 · 584 枚共指 · **非血统**）	3241ad0016d2e60f	-	0.6	-	-	-	15	0.05	0.12	0.01	0	0	0	-	-	250	multi	6
v13-103	7	对手池 12→15 ‖ 126 枚 ‖ 09-14→09-15 ‖ 父 d13d3c85	2026-09-15T12:41:30	103	103	d13d3c85		RUNNER-BASE d13d3c85…（v1.3.58 BASE · runner 恒拷 EPIRUS_BUNDLE_IN 的产物 · 584 枚共指 · **非血统**）	2824cafd8418deeb	-	0.06	-	-	-	15	0.05	0.12	0.01	0	0	0	-	-	250	multi	6
v13-106	7	对手池 12→15 ‖ 126 枚 ‖ 09-14→09-15 ‖ 父 d13d3c85	2026-09-15T12:43:44	106	106	d13d3c85		RUNNER-BASE d13d3c85…（v1.3.58 BASE · runner 恒拷 EPIRUS_BUNDLE_IN 的产物 · 584 枚共指 · **非血统**）	ea6da24580b46238	-	0.06	-	-	-	15	0.05	0.12	0.01	0	0	0	-	-	250	multi	6
v14-112	7	对手池 12→15 ‖ 126 枚 ‖ 09-14→09-15 ‖ 父 d13d3c85	2026-09-15T12:54:26	112	112	d13d3c85		RUNNER-BASE d13d3c85…（v1.3.58 BASE · runner 恒拷 EPIRUS_BUNDLE_IN 的产物 · 584 枚共指 · **非血统**）	a9581c2c8c93fc94	-	0.06	-	-	-	15	0.05	0.12	0.01	0	0	0	-	-	250	multi	6
v14-115	7	对手池 12→15 ‖ 126 枚 ‖ 09-14→09-15 ‖ 父 d13d3c85	2026-09-15T12:57:14	115	115	d13d3c85		RUNNER-BASE d13d3c85…（v1.3.58 BASE · runner 恒拷 EPIRUS_BUNDLE_IN 的产物 · 584 枚共指 · **非血统**）	17c006d1f8e7a920	-	0.06	-	-	-	15	0.05	0.12	0.01	0	0	0	-	-	250	multi	6
v15-121	7	对手池 12→15 ‖ 126 枚 ‖ 09-14→09-15 ‖ 父 d13d3c85	2026-09-15T13:43:51	121	121	d13d3c85		RUNNER-BASE d13d3c85…（v1.3.58 BASE · runner 恒拷 EPIRUS_BUNDLE_IN 的产物 · 584 枚共指 · **非血统**）	888255c3143e4d6f	-	0.06	-	-	-	15	0.05	0.12	0.01	0	0	0	-	-	250	multi	6
v15-124	7	对手池 12→15 ‖ 126 枚 ‖ 09-14→09-15 ‖ 父 d13d3c85	2026-09-15T13:47:06	124	124	d13d3c85		RUNNER-BASE d13d3c85…（v1.3.58 BASE · runner 恒拷 EPIRUS_BUNDLE_IN 的产物 · 584 枚共指 · **非血统**）	cec78206bcca3d5e	-	0.06	-	-	-	15	0.05	0.12	0.01	0	0	0	-	-	250	multi	6
v15-31	7	对手池 12→15 ‖ 126 枚 ‖ 09-14→09-15 ‖ 父 d13d3c85	2026-09-15T13:42:49	31	31	d13d3c85		RUNNER-BASE d13d3c85…（v1.3.58 BASE · runner 恒拷 EPIRUS_BUNDLE_IN 的产物 · 584 枚共指 · **非血统**）	6ed7217d0278bae8	-	0.06	-	-	-	15	0.05	0.12	0.01	0	0	0	-	-	250	multi	6
v16-133	7	对手池 12→15 ‖ 126 枚 ‖ 09-14→09-15 ‖ 父 d13d3c85	2026-09-15T13:56:32	133	133	d13d3c85		RUNNER-BASE d13d3c85…（v1.3.58 BASE · runner 恒拷 EPIRUS_BUNDLE_IN 的产物 · 584 枚共指 · **非血统**）	1e67c7c1f04fcf3c	-	0.06	-	-	-	15	0.05	0.12	0.01	0	0	0	-	-	250	multi	6
v16-136	7	对手池 12→15 ‖ 126 枚 ‖ 09-14→09-15 ‖ 父 d13d3c85	2026-09-15T13:59:09	136	136	d13d3c85		RUNNER-BASE d13d3c85…（v1.3.58 BASE · runner 恒拷 EPIRUS_BUNDLE_IN 的产物 · 584 枚共指 · **非血统**）	1e850388cce52418	-	0.06	-	-	-	15	0.05	0.12	0.01	0	0	0	-	-	250	multi	6
v17-142	7	对手池 12→15 ‖ 126 枚 ‖ 09-14→09-15 ‖ 父 d13d3c85	2026-09-15T14:05:40	142	142	d13d3c85		RUNNER-BASE d13d3c85…（v1.3.58 BASE · runner 恒拷 EPIRUS_BUNDLE_IN 的产物 · 584 枚共指 · **非血统**）	d851768a7aa84c5a	-	0.06	-	-	-	15	0.05	0.12	0.01	0	0	0	-	-	250	multi	6
v17-145	7	对手池 12→15 ‖ 126 枚 ‖ 09-14→09-15 ‖ 父 d13d3c85	2026-09-15T14:09:46	145	145	d13d3c85		RUNNER-BASE d13d3c85…（v1.3.58 BASE · runner 恒拷 EPIRUS_BUNDLE_IN 的产物 · 584 枚共指 · **非血统**）	f8aee8ed13bb8ca8	-	0.06	-	-	-	15	0.05	0.12	0.01	0	0	0	-	-	250	multi	6
v7a-31	6	输出权重 0.05→0.01 · 先手权重 0.08→0 · 嵌入种子自 -→6 ‖ 41 枚 ‖ 09-13→09-13 ‖ 父 d13d3c85	2026-09-13T11:46:20	31	31	d13d3c85		RUNNER-BASE d13d3c85…（v1.3.58 BASE · runner 恒拷 EPIRUS_BUNDLE_IN 的产物 · 584 枚共指 · **非血统**）	4877a44a7afaaf1d	-	0.06	-	-	-	12	0.05	0.12	0.01	0	0	0	-	-	250	multi	6
v7a-34	6	输出权重 0.05→0.01 · 先手权重 0.08→0 · 嵌入种子自 -→6 ‖ 41 枚 ‖ 09-13→09-13 ‖ 父 d13d3c85	2026-09-13T11:47:46	34	34	d13d3c85		RUNNER-BASE d13d3c85…（v1.3.58 BASE · runner 恒拷 EPIRUS_BUNDLE_IN 的产物 · 584 枚共指 · **非血统**）	0a7eb2af0a0c6c67	-	0.06	-	-	-	12	0.05	0.12	0.01	0	0	0	-	-	250	multi	6
v7aim1-31	20	对手池 20→22 ‖ 18 枚 ‖ 09-19→09-20 ‖ 父 d13d3c85	2026-09-19T15:42:34	31	31	d13d3c85		RUNNER-BASE d13d3c85…（v1.3.58 BASE · runner 恒拷 EPIRUS_BUNDLE_IN 的产物 · 584 枚共指 · **非血统**）	3f5ac2bdf8038bea	-	0.3	6	0	0	22	0.05	0.12	0.01	0	0	0	-	-	250	multi	6
v7aim1-91	20	对手池 20→22 ‖ 18 枚 ‖ 09-19→09-20 ‖ 父 d13d3c85	2026-09-19T15:53:42	91	91	d13d3c85		RUNNER-BASE d13d3c85…（v1.3.58 BASE · runner 恒拷 EPIRUS_BUNDLE_IN 的产物 · 584 枚共指 · **非血统**）	d0b13e1c85acd398	-	0.3	6	0	0	22	0.05	0.12	0.01	0	0	0	-	-	250	multi	6
v7aim1f-31	20	对手池 20→22 ‖ 18 枚 ‖ 09-19→09-20 ‖ 父 d13d3c85	2026-09-20T06:06:57	31	31	d13d3c85		RUNNER-BASE d13d3c85…（v1.3.58 BASE · runner 恒拷 EPIRUS_BUNDLE_IN 的产物 · 584 枚共指 · **非血统**）	0660c3d11cf214c6	-	0.3	6	0	0	22	0.05	0.12	0.01	0	0	0	-	-	250	multi	6
v7aim2-31	21	嵌入种子自 6→- ‖ 76 枚 ‖ 09-19→09-21 ‖ 父 1a6e180d,8358c7b7,a92a45d7,e7201989,0660c3d1,fb8c77d8,30c3cc67,03b35fca,c540a84c,d08ece17,f008171a,03e5411f	2026-09-19T16:10:09	31	31	1a6e180d	v7aim1-82	v7aim1-82	890b88517cac6d2d	-	0.3	6	0	0	22	0.05	0.12	0.01	0	0	0	-	-	250	multi	-
v7aim3-31	21	嵌入种子自 6→- ‖ 76 枚 ‖ 09-19→09-21 ‖ 父 1a6e180d,8358c7b7,a92a45d7,e7201989,0660c3d1,fb8c77d8,30c3cc67,03b35fca,c540a84c,d08ece17,f008171a,03e5411f	2026-09-19T16:59:08	31	31	1a6e180d	v7aim1-82	v7aim1-82	00a6898d77f21d21	-	0.3	6	0	0	22	0.05	0.12	0.01	0	0	0	-	-	250	multi	-
v7anneal-34	24	零散实验（<6 枚的类合并） ‖ 47 枚 ‖ ined→ined ‖ 父 e379c62c,d13d3c85,d490dc13,-,3d7fca4e	2026-09-13T14:54:51	34	34	d13d3c85		RUNNER-BASE d13d3c85…（v1.3.58 BASE · runner 恒拷 EPIRUS_BUNDLE_IN 的产物 · 584 枚共指 · **非血统**）	97dcb45353cfab3b	-	0.06	-	-	-	13	0.05	0.12	0.01	0	0	0	-	-	250	multi	6
v7b-31	6	输出权重 0.05→0.01 · 先手权重 0.08→0 · 嵌入种子自 -→6 ‖ 41 枚 ‖ 09-13→09-13 ‖ 父 d13d3c85	2026-09-13T11:55:15	31	31	d13d3c85		RUNNER-BASE d13d3c85…（v1.3.58 BASE · runner 恒拷 EPIRUS_BUNDLE_IN 的产物 · 584 枚共指 · **非血统**）	4877a44a7afaaf1d	-	0.06	-	-	-	12	0.05	0.12	0.01	0	0	0	-	-	250	multi	6
v7b-39	6	输出权重 0.05→0.01 · 先手权重 0.08→0 · 嵌入种子自 -→6 ‖ 41 枚 ‖ 09-13→09-13 ‖ 父 d13d3c85	2026-09-13T11:56:30	39	39	d13d3c85		RUNNER-BASE d13d3c85…（v1.3.58 BASE · runner 恒拷 EPIRUS_BUNDLE_IN 的产物 · 584 枚共指 · **非血统**）	3e7b69b893784faf	-	0.06	-	-	-	12	0.05	0.12	0.01	0	0	0	-	-	250	multi	6
v7b-42	6	输出权重 0.05→0.01 · 先手权重 0.08→0 · 嵌入种子自 -→6 ‖ 41 枚 ‖ 09-13→09-13 ‖ 父 d13d3c85	2026-09-13T11:57:43	42	42	d13d3c85		RUNNER-BASE d13d3c85…（v1.3.58 BASE · runner 恒拷 EPIRUS_BUNDLE_IN 的产物 · 584 枚共指 · **非血统**）	c49fe13a3f31af70	-	0.06	-	-	-	12	0.05	0.12	0.01	0	0	0	-	-	250	multi	6
v7b-45	6	输出权重 0.05→0.01 · 先手权重 0.08→0 · 嵌入种子自 -→6 ‖ 41 枚 ‖ 09-13→09-13 ‖ 父 d13d3c85	2026-09-13T11:58:51	45	45	d13d3c85		RUNNER-BASE d13d3c85…（v1.3.58 BASE · runner 恒拷 EPIRUS_BUNDLE_IN 的产物 · 584 枚共指 · **非血统**）	773f81c0e2a6f5d2	-	0.06	-	-	-	12	0.05	0.12	0.01	0	0	0	-	-	250	multi	6
v7b-48	6	输出权重 0.05→0.01 · 先手权重 0.08→0 · 嵌入种子自 -→6 ‖ 41 枚 ‖ 09-13→09-13 ‖ 父 d13d3c85	2026-09-13T12:00:00	48	48	d13d3c85		RUNNER-BASE d13d3c85…（v1.3.58 BASE · runner 恒拷 EPIRUS_BUNDLE_IN 的产物 · 584 枚共指 · **非血统**）	f4a4496303099227	-	0.06	-	-	-	12	0.05	0.12	0.01	0	0	0	-	-	250	multi	6
v7bead1-93	21	嵌入种子自 6→- ‖ 76 枚 ‖ 09-19→09-21 ‖ 父 1a6e180d,8358c7b7,a92a45d7,e7201989,0660c3d1,fb8c77d8,30c3cc67,03b35fca,c540a84c,d08ece17,f008171a,03e5411f	2026-09-21T04:29:20	93	93	8358c7b7	v7n1-93	v7n1-93	8d3418c8f8ae2265	be6c2195	0.3	6	0	0	22	0.05	0.12	0.01	0	0	0	-	-	250	multi	-
v7bead100-93	21	嵌入种子自 6→- ‖ 76 枚 ‖ 09-19→09-21 ‖ 父 1a6e180d,8358c7b7,a92a45d7,e7201989,0660c3d1,fb8c77d8,30c3cc67,03b35fca,c540a84c,d08ece17,f008171a,03e5411f	2026-09-21T06:48:58	93	93	8358c7b7	v7n1-93	v7n1-93	7032b4bd6a90bcb0	be6c2195	0.3	6	0	0	22	0.05	0.12	0.01	0	0	0	-	-	250	multi	-
v7bead15-93	21	嵌入种子自 6→- ‖ 76 枚 ‖ 09-19→09-21 ‖ 父 1a6e180d,8358c7b7,a92a45d7,e7201989,0660c3d1,fb8c77d8,30c3cc67,03b35fca,c540a84c,d08ece17,f008171a,03e5411f	2026-09-21T06:16:43	93	93	8358c7b7	v7n1-93	v7n1-93	822dfb4846cce5cd	be6c2195	0.3	6	0	0	22	0.05	0.12	0.01	0	0	0	-	-	250	multi	-
v7bead2-93	21	嵌入种子自 6→- ‖ 76 枚 ‖ 09-19→09-21 ‖ 父 1a6e180d,8358c7b7,a92a45d7,e7201989,0660c3d1,fb8c77d8,30c3cc67,03b35fca,c540a84c,d08ece17,f008171a,03e5411f	2026-09-21T04:51:19	93	93	8358c7b7	v7n1-93	v7n1-93	3707cd6e3232decb	be6c2195	0.3	6	0	0	22	0.05	0.12	0.01	0	0	0	-	-	250	multi	-
v7bead25-93	21	嵌入种子自 6→- ‖ 76 枚 ‖ 09-19→09-21 ‖ 父 1a6e180d,8358c7b7,a92a45d7,e7201989,0660c3d1,fb8c77d8,30c3cc67,03b35fca,c540a84c,d08ece17,f008171a,03e5411f	2026-09-21T06:30:29	93	93	8358c7b7	v7n1-93	v7n1-93	dd094c4abf181557	be6c2195	0.3	6	0	0	22	0.05	0.12	0.01	0	0	0	-	-	250	multi	-
v7bead3-93	21	嵌入种子自 6→- ‖ 76 枚 ‖ 09-19→09-21 ‖ 父 1a6e180d,8358c7b7,a92a45d7,e7201989,0660c3d1,fb8c77d8,30c3cc67,03b35fca,c540a84c,d08ece17,f008171a,03e5411f	2026-09-21T05:14:07	93	93	8358c7b7	v7n1-93	v7n1-93	aaf671b8f62a27d6	be6c2195	0.3	6	0	0	22	0.05	0.12	0.01	0	0	0	-	-	250	multi	-
v7beadseed-93	21	嵌入种子自 6→- ‖ 76 枚 ‖ 09-19→09-21 ‖ 父 1a6e180d,8358c7b7,a92a45d7,e7201989,0660c3d1,fb8c77d8,30c3cc67,03b35fca,c540a84c,d08ece17,f008171a,03e5411f	2026-09-21T08:32:19	93	93	8358c7b7	v7n1-93	v7n1-93	da62eec92346a0a8	be6c2195	0.3	6	0	0	22	0.05	0.12	0.01	0	0	0	-	-	250	multi	-
v7big1-82	19	珠价 divW 0.06→0.3 · 对手池 17→20 ‖ 48 枚 ‖ 09-19→09-19 ‖ 父 d13d3c85	2026-09-19T09:26:30	82	82	d13d3c85		RUNNER-BASE d13d3c85…（v1.3.58 BASE · runner 恒拷 EPIRUS_BUNDLE_IN 的产物 · 584 枚共指 · **非血统**）	29d4b7831c3343d4	-	0.3	6	0	0	20	0.05	0.12	0.01	0	0	0	-	-	250	multi	6
v7big1-93	19	珠价 divW 0.06→0.3 · 对手池 17→20 ‖ 48 枚 ‖ 09-19→09-19 ‖ 父 d13d3c85	2026-09-19T09:35:30	93	93	d13d3c85		RUNNER-BASE d13d3c85…（v1.3.58 BASE · runner 恒拷 EPIRUS_BUNDLE_IN 的产物 · 584 枚共指 · **非血统**）	d4d61611a276dda4	-	0.3	6	0	0	20	0.05	0.12	0.01	0	0	0	-	-	250	multi	6
v7blk1-82	19	珠价 divW 0.06→0.3 · 对手池 17→20 ‖ 48 枚 ‖ 09-19→09-19 ‖ 父 d13d3c85	2026-09-19T05:22:12	82	82	d13d3c85		RUNNER-BASE d13d3c85…（v1.3.58 BASE · runner 恒拷 EPIRUS_BUNDLE_IN 的产物 · 584 枚共指 · **非血统**）	e0ff5e900bac4eb1	-	0.3	6	0	0	20	0.05	0.12	0.01	0	0	0	-	-	250	multi	6
v7blk1-93	19	珠价 divW 0.06→0.3 · 对手池 17→20 ‖ 48 枚 ‖ 09-19→09-19 ‖ 父 d13d3c85	2026-09-19T05:31:06	93	93	d13d3c85		RUNNER-BASE d13d3c85…（v1.3.58 BASE · runner 恒拷 EPIRUS_BUNDLE_IN 的产物 · 584 枚共指 · **非血统**）	5e0ba0b74f185559	-	0.3	6	0	0	20	0.05	0.12	0.01	0	0	0	-	-	250	multi	6
v7c-33	6	输出权重 0.05→0.01 · 先手权重 0.08→0 · 嵌入种子自 -→6 ‖ 41 枚 ‖ 09-13→09-13 ‖ 父 d13d3c85	2026-09-13T12:10:57	33	33	d13d3c85		RUNNER-BASE d13d3c85…（v1.3.58 BASE · runner 恒拷 EPIRUS_BUNDLE_IN 的产物 · 584 枚共指 · **非血统**）	d1d093ffb42c5537	-	0.06	-	-	-	12	0.05	0.12	0.01	0	0	0	-	-	250	multi	6
v7c-36	6	输出权重 0.05→0.01 · 先手权重 0.08→0 · 嵌入种子自 -→6 ‖ 41 枚 ‖ 09-13→09-13 ‖ 父 d13d3c85	2026-09-13T12:12:06	36	36	d13d3c85		RUNNER-BASE d13d3c85…（v1.3.58 BASE · runner 恒拷 EPIRUS_BUNDLE_IN 的产物 · 584 枚共指 · **非血统**）	9e4aef4d47e8e1a7	-	0.06	-	-	-	12	0.05	0.12	0.01	0	0	0	-	-	250	multi	6
v7c-39	6	输出权重 0.05→0.01 · 先手权重 0.08→0 · 嵌入种子自 -→6 ‖ 41 枚 ‖ 09-13→09-13 ‖ 父 d13d3c85	2026-09-13T12:13:20	39	39	d13d3c85		RUNNER-BASE d13d3c85…（v1.3.58 BASE · runner 恒拷 EPIRUS_BUNDLE_IN 的产物 · 584 枚共指 · **非血统**）	3e7b69b893784faf	-	0.06	-	-	-	12	0.05	0.12	0.01	0	0	0	-	-	250	multi	6
v7c-42	6	输出权重 0.05→0.01 · 先手权重 0.08→0 · 嵌入种子自 -→6 ‖ 41 枚 ‖ 09-13→09-13 ‖ 父 d13d3c85	2026-09-13T12:14:36	42	42	d13d3c85		RUNNER-BASE d13d3c85…（v1.3.58 BASE · runner 恒拷 EPIRUS_BUNDLE_IN 的产物 · 584 枚共指 · **非血统**）	c49fe13a3f31af70	-	0.06	-	-	-	12	0.05	0.12	0.01	0	0	0	-	-	250	multi	6
v7catE1-82	24	零散实验（<6 枚的类合并） ‖ 47 枚 ‖ ined→ined ‖ 父 e379c62c,d13d3c85,d490dc13,-,3d7fca4e	2026-09-16T15:20:01	82	82	d13d3c85		RUNNER-BASE d13d3c85…（v1.3.58 BASE · runner 恒拷 EPIRUS_BUNDLE_IN 的产物 · 584 枚共指 · **非血统**）	a01f675a0def7483	-	0.06	6	-	1	16	0.05	0.12	0.01	0	0	0	-	-	250	multi	6
v7catE5-82	24	零散实验（<6 枚的类合并） ‖ 47 枚 ‖ ined→ined ‖ 父 e379c62c,d13d3c85,d490dc13,-,3d7fca4e	2026-09-16T15:23:28	82	82	d13d3c85		RUNNER-BASE d13d3c85…（v1.3.58 BASE · runner 恒拷 EPIRUS_BUNDLE_IN 的产物 · 584 枚共指 · **非血统**）	4711faf6683be3ec	-	0.06	6	-	0.5	16	0.05	0.12	0.01	0	0	0	-	-	250	multi	6
v7clear2-82	15	珠价 divW 0.06→0.3 · 角色多样性权 1→0 · 类别多样性权 1→0 ‖ 28 枚 ‖ 09-16→09-18 ‖ 父 d13d3c85	2026-09-18T05:14:56	82	82	d13d3c85		RUNNER-BASE d13d3c85…（v1.3.58 BASE · runner 恒拷 EPIRUS_BUNDLE_IN 的产物 · 584 枚共指 · **非血统**）	1b7a492949d27328	-	0.3	6	0	0	16	0.05	0.12	0.01	0	0	0	-	-	250	multi	6
v7cmin3-93	21	嵌入种子自 6→- ‖ 76 枚 ‖ 09-19→09-21 ‖ 父 1a6e180d,8358c7b7,a92a45d7,e7201989,0660c3d1,fb8c77d8,30c3cc67,03b35fca,c540a84c,d08ece17,f008171a,03e5411f	2026-09-21T09:54:29	93	93	8358c7b7	v7n1-93	v7n1-93	7e961179bcf37880	be6c2195	0.3	6	0	0	22	0.05	0.12	0.01	0	0	0	-	-	250	multi	-
v7cmin4-93	21	嵌入种子自 6→- ‖ 76 枚 ‖ 09-19→09-21 ‖ 父 1a6e180d,8358c7b7,a92a45d7,e7201989,0660c3d1,fb8c77d8,30c3cc67,03b35fca,c540a84c,d08ece17,f008171a,03e5411f	2026-09-21T10:41:22	93	93	a92a45d7	v7cmin3-82	v7cmin3-82	9cdec344019b6f0b	be6c2195	0.3	6	0	0	22	0.05	0.12	0.01	0	0	0	-	-	250	multi	-
v7ctrlE-82	24	零散实验（<6 枚的类合并） ‖ 47 枚 ‖ ined→ined ‖ 父 e379c62c,d13d3c85,d490dc13,-,3d7fca4e	2026-09-16T14:17:49	82	82	d13d3c85		RUNNER-BASE d13d3c85…（v1.3.58 BASE · runner 恒拷 EPIRUS_BUNDLE_IN 的产物 · 584 枚共指 · **非血统**）	a3d89182eb70c771	-	0.06	6	-	-	16	0.05	0.12	0.01	0	0	0	-	-	250	multi	6
v7cur-93	21	嵌入种子自 6→- ‖ 76 枚 ‖ 09-19→09-21 ‖ 父 1a6e180d,8358c7b7,a92a45d7,e7201989,0660c3d1,fb8c77d8,30c3cc67,03b35fca,c540a84c,d08ece17,f008171a,03e5411f	2026-09-20T03:09:50	93	93	e7201989	v7aim2-82	v7aim2-82	53c0274c7a37f7b2	-	0.3	6	0	0	22	0.05	0.12	0.01	0	0	0	-	-	250	multi	-
v7cur2-93	21	嵌入种子自 6→- ‖ 76 枚 ‖ 09-19→09-21 ‖ 父 1a6e180d,8358c7b7,a92a45d7,e7201989,0660c3d1,fb8c77d8,30c3cc67,03b35fca,c540a84c,d08ece17,f008171a,03e5411f	2026-09-20T06:27:31	93	93	0660c3d1	v7aim1f-31	v7aim1f-31	461623ee638b1f69	-	0.3	6	0	0	22	0.05	0.12	0.01	0	0	0	-	-	250	multi	-
v7cur3-93	21	嵌入种子自 6→- ‖ 76 枚 ‖ 09-19→09-21 ‖ 父 1a6e180d,8358c7b7,a92a45d7,e7201989,0660c3d1,fb8c77d8,30c3cc67,03b35fca,c540a84c,d08ece17,f008171a,03e5411f	2026-09-20T07:02:07	93	93	fb8c77d8	v7cur2-31	v7cur2-31	09b1b04a4a3143fb	-	0.3	6	0	0	22	0.05	0.12	0.01	0	0	0	-	-	250	multi	-
v7curri1-82	12	divK -→6 · 角色多样性权 -→0 · 类别多样性权 -→0 · 代数 500→250 ‖ 115 枚 ‖ 09-16→09-18 ‖ 父 d13d3c85	2026-09-17T05:49:38	82	82	d13d3c85		RUNNER-BASE d13d3c85…（v1.3.58 BASE · runner 恒拷 EPIRUS_BUNDLE_IN 的产物 · 584 枚共指 · **非血统**）	684fdf5197963cdd	-	0.06	6	0	0	16	0.05	0.12	0.01	0	0	0	-	-	250	multi	6
v7curri1-93	12	divK -→6 · 角色多样性权 -→0 · 类别多样性权 -→0 · 代数 500→250 ‖ 115 枚 ‖ 09-16→09-18 ‖ 父 d13d3c85	2026-09-17T05:52:29	93	93	d13d3c85		RUNNER-BASE d13d3c85…（v1.3.58 BASE · runner 恒拷 EPIRUS_BUNDLE_IN 的产物 · 584 枚共指 · **非血统**）	da9632f9b4fa5209	-	0.06	6	0	0	16	0.05	0.12	0.01	0	0	0	-	-	250	multi	6
v7curri2-82	12	divK -→6 · 角色多样性权 -→0 · 类别多样性权 -→0 · 代数 500→250 ‖ 115 枚 ‖ 09-16→09-18 ‖ 父 d13d3c85	2026-09-17T13:55:39	82	82	d13d3c85		RUNNER-BASE d13d3c85…（v1.3.58 BASE · runner 恒拷 EPIRUS_BUNDLE_IN 的产物 · 584 枚共指 · **非血统**）	da2b7b5500f9b850	-	0.06	6	0	0	16	0.05	0.12	0.01	0	0	0	-	-	250	multi	6
v7curri2-93	12	divK -→6 · 角色多样性权 -→0 · 类别多样性权 -→0 · 代数 500→250 ‖ 115 枚 ‖ 09-16→09-18 ‖ 父 d13d3c85	2026-09-17T13:58:52	93	93	d13d3c85		RUNNER-BASE d13d3c85…（v1.3.58 BASE · runner 恒拷 EPIRUS_BUNDLE_IN 的产物 · 584 枚共指 · **非血统**）	e5812965c8963fb3	-	0.06	6	0	0	16	0.05	0.12	0.01	0	0	0	-	-	250	multi	6
v7d-33	6	输出权重 0.05→0.01 · 先手权重 0.08→0 · 嵌入种子自 -→6 ‖ 41 枚 ‖ 09-13→09-13 ‖ 父 d13d3c85	2026-09-13T12:22:37	33	33	d13d3c85		RUNNER-BASE d13d3c85…（v1.3.58 BASE · runner 恒拷 EPIRUS_BUNDLE_IN 的产物 · 584 枚共指 · **非血统**）	d1d093ffb42c5537	-	0.06	-	-	-	12	0.05	0.12	0.01	0	0	0	-	-	250	multi	6
v7d-36	6	输出权重 0.05→0.01 · 先手权重 0.08→0 · 嵌入种子自 -→6 ‖ 41 枚 ‖ 09-13→09-13 ‖ 父 d13d3c85	2026-09-13T12:23:46	36	36	d13d3c85		RUNNER-BASE d13d3c85…（v1.3.58 BASE · runner 恒拷 EPIRUS_BUNDLE_IN 的产物 · 584 枚共指 · **非血统**）	9e4aef4d47e8e1a7	-	0.06	-	-	-	12	0.05	0.12	0.01	0	0	0	-	-	250	multi	6
v7densE-31	24	零散实验（<6 枚的类合并） ‖ 47 枚 ‖ ined→ined ‖ 父 e379c62c,d13d3c85,d490dc13,-,3d7fca4e	2026-09-16T14:53:01	31	31	d13d3c85		RUNNER-BASE d13d3c85…（v1.3.58 BASE · runner 恒拷 EPIRUS_BUNDLE_IN 的产物 · 584 枚共指 · **非血统**）	830e80b8181f7e2f	-	0.06	6	-	-	17	0.05	0.12	0.01	0	0	0	-	-	250	multi	6
v7divK-31	24	零散实验（<6 枚的类合并） ‖ 47 枚 ‖ ined→ined ‖ 父 e379c62c,d13d3c85,d490dc13,-,3d7fca4e	2026-09-16T12:24:01	31	31	d13d3c85		RUNNER-BASE d13d3c85…（v1.3.58 BASE · runner 恒拷 EPIRUS_BUNDLE_IN 的产物 · 584 枚共指 · **非血统**）	e67ceca5e67a0ad5	-	0.3	6	-	-	16	0.05	0.12	0.01	0	0	0	-	-	250	multi	6
v7divK2-81	24	零散实验（<6 枚的类合并） ‖ 47 枚 ‖ ined→ined ‖ 父 e379c62c,d13d3c85,d490dc13,-,3d7fca4e	2026-09-16T13:55:23	81	81	d13d3c85		RUNNER-BASE d13d3c85…（v1.3.58 BASE · runner 恒拷 EPIRUS_BUNDLE_IN 的产物 · 584 枚共指 · **非血统**）	58befd30dddd85ad	-	0.3	6	-	-	13	0.05	0.12	0.01	0	0	0	-	-	250	multi	6
v7expo-32	8	对手池 15→18 ‖ 13 枚 ‖ 09-14→09-14 ‖ 父 d13d3c85	2026-09-14T05:03:06	32	32	d13d3c85		RUNNER-BASE d13d3c85…（v1.3.58 BASE · runner 恒拷 EPIRUS_BUNDLE_IN 的产物 · 584 枚共指 · **非血统**）	a2eacf0425916b36	-	0.06	-	-	-	18	0.05	0.12	0.01	0	0	0	-	-	250	multi	6
v7f-35	6	输出权重 0.05→0.01 · 先手权重 0.08→0 · 嵌入种子自 -→6 ‖ 41 枚 ‖ 09-13→09-13 ‖ 父 d13d3c85	2026-09-13T12:38:24	35	35	d13d3c85		RUNNER-BASE d13d3c85…（v1.3.58 BASE · runner 恒拷 EPIRUS_BUNDLE_IN 的产物 · 584 枚共指 · **非血统**）	f020ce0e2fef3aad	-	0.06	-	-	-	12	0.05	0.12	0.01	0	0	0	-	-	250	multi	6
v7f2b-81	11	代数 250→500 ‖ 6 枚 ‖ 09-16→09-16 ‖ 父 d13d3c85	2026-09-16T05:45:05	81	81	d13d3c85		RUNNER-BASE d13d3c85…（v1.3.58 BASE · runner 恒拷 EPIRUS_BUNDLE_IN 的产物 · 584 枚共指 · **非血统**）	143137360d72873a	-	0.06	-	-	-	16	0.05	0.12	0.01	0	0	0	-	-	500	multi	6
v7f2t-81	12	divK -→6 · 角色多样性权 -→0 · 类别多样性权 -→0 · 代数 500→250 ‖ 115 枚 ‖ 09-16→09-18 ‖ 父 d13d3c85	2026-09-17T14:25:14	81	81	d13d3c85		RUNNER-BASE d13d3c85…（v1.3.58 BASE · runner 恒拷 EPIRUS_BUNDLE_IN 的产物 · 584 枚共指 · **非血统**）	a2c2f7ddc2ea23b6	-	0.06	6	0	0	16	0.05	0.12	0.01	0	0	0	-	-	250	multi	6
v7f2t-92	12	divK -→6 · 角色多样性权 -→0 · 类别多样性权 -→0 · 代数 500→250 ‖ 115 枚 ‖ 09-16→09-18 ‖ 父 d13d3c85	2026-09-17T14:29:41	92	92	d13d3c85		RUNNER-BASE d13d3c85…（v1.3.58 BASE · runner 恒拷 EPIRUS_BUNDLE_IN 的产物 · 584 枚共指 · **非血统**）	82f872b85b6feb21	-	0.06	6	0	0	16	0.05	0.12	0.01	0	0	0	-	-	250	multi	6
v7f3-93	11	代数 250→500 ‖ 6 枚 ‖ 09-16→09-16 ‖ 父 d13d3c85	2026-09-16T05:59:13	93	93	d13d3c85		RUNNER-BASE d13d3c85…（v1.3.58 BASE · runner 恒拷 EPIRUS_BUNDLE_IN 的产物 · 584 枚共指 · **非血统**）	ae4e7b87ad8428fb	-	0.06	-	-	-	16	0.05	0.12	0.01	0	0	0	-	-	500	multi	6
v7f35b-94	12	divK -→6 · 角色多样性权 -→0 · 类别多样性权 -→0 · 代数 500→250 ‖ 115 枚 ‖ 09-16→09-18 ‖ 父 d13d3c85	2026-09-17T16:05:31	94	94	d13d3c85		RUNNER-BASE d13d3c85…（v1.3.58 BASE · runner 恒拷 EPIRUS_BUNDLE_IN 的产物 · 584 枚共指 · **非血统**）	7729901f7391aa07	-	0.06	6	0	0	16	0.05	0.12	0.01	0	0	0	-	-	250	multi	6
v7f35b-97	12	divK -→6 · 角色多样性权 -→0 · 类别多样性权 -→0 · 代数 500→250 ‖ 115 枚 ‖ 09-16→09-18 ‖ 父 d13d3c85	2026-09-17T16:09:41	97	97	d13d3c85		RUNNER-BASE d13d3c85…（v1.3.58 BASE · runner 恒拷 EPIRUS_BUNDLE_IN 的产物 · 584 枚共指 · **非血统**）	f516a1c2059a804d	-	0.06	6	0	0	16	0.05	0.12	0.01	0	0	0	-	-	250	multi	6
v7f35t-31	12	divK -→6 · 角色多样性权 -→0 · 类别多样性权 -→0 · 代数 500→250 ‖ 115 枚 ‖ 09-16→09-18 ‖ 父 d13d3c85	2026-09-17T14:33:06	31	31	d13d3c85		RUNNER-BASE d13d3c85…（v1.3.58 BASE · runner 恒拷 EPIRUS_BUNDLE_IN 的产物 · 584 枚共指 · **非血统**）	85dca4ee62079d68	-	0.06	6	0	0	16	0.05	0.12	0.01	0	0	0	-	-	250	multi	6
v7f35t-91	12	divK -→6 · 角色多样性权 -→0 · 类别多样性权 -→0 · 代数 500→250 ‖ 115 枚 ‖ 09-16→09-18 ‖ 父 d13d3c85	2026-09-17T14:37:06	91	91	d13d3c85		RUNNER-BASE d13d3c85…（v1.3.58 BASE · runner 恒拷 EPIRUS_BUNDLE_IN 的产物 · 584 枚共指 · **非血统**）	74ae742b2b443657	-	0.06	6	0	0	16	0.05	0.12	0.01	0	0	0	-	-	250	multi	6
v7f5b-31	12	divK -→6 · 角色多样性权 -→0 · 类别多样性权 -→0 · 代数 500→250 ‖ 115 枚 ‖ 09-16→09-18 ‖ 父 d13d3c85	2026-09-17T15:52:39	31	31	d13d3c85		RUNNER-BASE d13d3c85…（v1.3.58 BASE · runner 恒拷 EPIRUS_BUNDLE_IN 的产物 · 584 枚共指 · **非血统**）	498457f88e83c69e	-	0.06	6	0	0	16	0.05	0.12	0.01	0	0	0	-	-	250	multi	6
v7f5b-96	12	divK -→6 · 角色多样性权 -→0 · 类别多样性权 -→0 · 代数 500→250 ‖ 115 枚 ‖ 09-16→09-18 ‖ 父 d13d3c85	2026-09-17T15:56:34	96	96	d13d3c85		RUNNER-BASE d13d3c85…（v1.3.58 BASE · runner 恒拷 EPIRUS_BUNDLE_IN 的产物 · 584 枚共指 · **非血统**）	0c5fa3e50896b22c	-	0.06	6	0	0	16	0.05	0.12	0.01	0	0	0	-	-	250	multi	6
v7f5b-99	12	divK -→6 · 角色多样性权 -→0 · 类别多样性权 -→0 · 代数 500→250 ‖ 115 枚 ‖ 09-16→09-18 ‖ 父 d13d3c85	2026-09-17T16:00:35	99	99	d13d3c85		RUNNER-BASE d13d3c85…（v1.3.58 BASE · runner 恒拷 EPIRUS_BUNDLE_IN 的产物 · 584 枚共指 · **非血统**）	116167586f2bf23a	-	0.06	6	0	0	16	0.05	0.12	0.01	0	0	0	-	-	250	multi	6
v7f5div3-82	15	珠价 divW 0.06→0.3 · 角色多样性权 1→0 · 类别多样性权 1→0 ‖ 28 枚 ‖ 09-16→09-18 ‖ 父 d13d3c85	2026-09-18T04:37:40	82	82	d13d3c85		RUNNER-BASE d13d3c85…（v1.3.58 BASE · runner 恒拷 EPIRUS_BUNDLE_IN 的产物 · 584 枚共指 · **非血统**）	c632fa8e5f678ed7	-	0.3	6	0	0	16	0.05	0.12	0.01	0	0	0	-	-	250	multi	6
v7f5div3-93	15	珠价 divW 0.06→0.3 · 角色多样性权 1→0 · 类别多样性权 1→0 ‖ 28 枚 ‖ 09-16→09-18 ‖ 父 d13d3c85	2026-09-18T04:42:44	93	93	d13d3c85		RUNNER-BASE d13d3c85…（v1.3.58 BASE · runner 恒拷 EPIRUS_BUNDLE_IN 的产物 · 584 枚共指 · **非血统**）	fa1d31f9828be181	-	0.3	6	0	0	16	0.05	0.12	0.01	0	0	0	-	-	250	multi	6
v7f5t-82	12	divK -→6 · 角色多样性权 -→0 · 类别多样性权 -→0 · 代数 500→250 ‖ 115 枚 ‖ 09-16→09-18 ‖ 父 d13d3c85	2026-09-17T14:44:34	82	82	d13d3c85		RUNNER-BASE d13d3c85…（v1.3.58 BASE · runner 恒拷 EPIRUS_BUNDLE_IN 的产物 · 584 枚共指 · **非血统**）	d8693acb65ab7921	-	0.06	6	0	0	16	0.05	0.12	0.01	0	0	0	-	-	250	multi	6
v7f5t-93	12	divK -→6 · 角色多样性权 -→0 · 类别多样性权 -→0 · 代数 500→250 ‖ 115 枚 ‖ 09-16→09-18 ‖ 父 d13d3c85	2026-09-17T14:48:15	93	93	d13d3c85		RUNNER-BASE d13d3c85…（v1.3.58 BASE · runner 恒拷 EPIRUS_BUNDLE_IN 的产物 · 584 枚共指 · **非血统**）	3a69526847dfc262	-	0.06	6	0	0	16	0.05	0.12	0.01	0	0	0	-	-	250	multi	6
v7fix-32	24	零散实验（<6 枚的类合并） ‖ 47 枚 ‖ ined→ined ‖ 父 e379c62c,d13d3c85,d490dc13,-,3d7fca4e	2026-09-14T15:42:53	41	32	d13d3c85		RUNNER-BASE d13d3c85…（v1.3.58 BASE · runner 恒拷 EPIRUS_BUNDLE_IN 的产物 · 584 枚共指 · **非血统**）	794506667ff2ed9d	-	0.06	-	-	-	15	0.05	0.12	0.01	0	0	0	-	-	40	multi	6
v7fix1-82	17	角色多样性权 1→0 · 类别多样性权 1→0 · 对手池 16→17 ‖ 49 枚 ‖ 09-18→09-19 ‖ 父 d13d3c85	2026-09-19T03:06:23	82	82	d13d3c85		RUNNER-BASE d13d3c85…（v1.3.58 BASE · runner 恒拷 EPIRUS_BUNDLE_IN 的产物 · 584 枚共指 · **非血统**）	88add28fb048237b	-	0.3	6	0	0	17	0.05	0.12	0.01	0	0	0	-	-	250	multi	6
v7fix1-93	17	角色多样性权 1→0 · 类别多样性权 1→0 · 对手池 16→17 ‖ 49 枚 ‖ 09-18→09-19 ‖ 父 d13d3c85	2026-09-19T03:14:38	93	93	d13d3c85		RUNNER-BASE d13d3c85…（v1.3.58 BASE · runner 恒拷 EPIRUS_BUNDLE_IN 的产物 · 584 枚共指 · **非血统**）	373d7781e0dbf474	-	0.3	6	0	0	17	0.05	0.12	0.01	0	0	0	-	-	250	multi	6
v7force2-35	8	对手池 15→18 ‖ 13 枚 ‖ 09-14→09-14 ‖ 父 d13d3c85	2026-09-14T11:25:34	35	35	d13d3c85		RUNNER-BASE d13d3c85…（v1.3.58 BASE · runner 恒拷 EPIRUS_BUNDLE_IN 的产物 · 584 枚共指 · **非血统**）	0d61340ade07129e	-	0.06	-	-	-	18	0.05	0.12	0.01	0	0	0	-	-	250	multi	6
v7gf1-81	20	对手池 20→22 ‖ 18 枚 ‖ 09-19→09-20 ‖ 父 d13d3c85	2026-09-19T14:38:35	81	81	d13d3c85		RUNNER-BASE d13d3c85…（v1.3.58 BASE · runner 恒拷 EPIRUS_BUNDLE_IN 的产物 · 584 枚共指 · **非血统**）	ca383d787497efb8	-	0.3	6	0	0	22	0.05	0.12	0.01	0	0	0	-	-	250	multi	6
v7gf1-92	20	对手池 20→22 ‖ 18 枚 ‖ 09-19→09-20 ‖ 父 d13d3c85	2026-09-19T14:45:11	92	92	d13d3c85		RUNNER-BASE d13d3c85…（v1.3.58 BASE · runner 恒拷 EPIRUS_BUNDLE_IN 的产物 · 584 枚共指 · **非血统**）	1eb2cdb2cc472407	-	0.3	6	0	0	22	0.05	0.12	0.01	0	0	0	-	-	250	multi	6
v7iso1-81	12	divK -→6 · 角色多样性权 -→0 · 类别多样性权 -→0 · 代数 500→250 ‖ 115 枚 ‖ 09-16→09-18 ‖ 父 d13d3c85	2026-09-17T14:16:02	81	81	d13d3c85		RUNNER-BASE d13d3c85…（v1.3.58 BASE · runner 恒拷 EPIRUS_BUNDLE_IN 的产物 · 584 枚共指 · **非血统**）	8b4d6d010601c272	-	0.06	6	0	0	16	0.05	0.12	0.01	0	0	0	-	-	250	multi	6
v7iso1-92	12	divK -→6 · 角色多样性权 -→0 · 类别多样性权 -→0 · 代数 500→250 ‖ 115 枚 ‖ 09-16→09-18 ‖ 父 d13d3c85	2026-09-17T14:20:16	92	92	d13d3c85		RUNNER-BASE d13d3c85…（v1.3.58 BASE · runner 恒拷 EPIRUS_BUNDLE_IN 的产物 · 584 枚共指 · **非血统**）	fb55763f077c608b	-	0.06	6	0	0	16	0.05	0.12	0.01	0	0	0	-	-	250	multi	6
v7l2c-101	18	珠价 divW 0.3→0.06 ‖ 54 枚 ‖ 09-18→09-18 ‖ 父 d13d3c85	2026-09-18T16:40:03	101	101	d13d3c85		RUNNER-BASE d13d3c85…（v1.3.58 BASE · runner 恒拷 EPIRUS_BUNDLE_IN 的产物 · 584 枚共指 · **非血统**）	4cb7516d80145d0d	-	0.06	6	0	0	17	0.05	0.12	0.01	0	0	0	-	-	250	multi	6
v7l2c-111	18	珠价 divW 0.3→0.06 ‖ 54 枚 ‖ 09-18→09-18 ‖ 父 d13d3c85	2026-09-18T18:15:07	111	111	d13d3c85		RUNNER-BASE d13d3c85…（v1.3.58 BASE · runner 恒拷 EPIRUS_BUNDLE_IN 的产物 · 584 枚共指 · **非血统**）	3696f40245dbaf26	-	0.06	6	0	0	17	0.05	0.12	0.01	0	0	0	-	-	250	multi	6
v7l2c-141	18	珠价 divW 0.3→0.06 ‖ 54 枚 ‖ 09-18→09-18 ‖ 父 d13d3c85	2026-09-18T19:26:44	141	141	d13d3c85		RUNNER-BASE d13d3c85…（v1.3.58 BASE · runner 恒拷 EPIRUS_BUNDLE_IN 的产物 · 584 枚共指 · **非血统**）	33546a2963a27d21	-	0.06	6	0	0	17	0.05	0.12	0.01	0	0	0	-	-	250	multi	6
v7l2c-144	18	珠价 divW 0.3→0.06 ‖ 54 枚 ‖ 09-18→09-18 ‖ 父 d13d3c85	2026-09-18T19:33:11	144	144	d13d3c85		RUNNER-BASE d13d3c85…（v1.3.58 BASE · runner 恒拷 EPIRUS_BUNDLE_IN 的产物 · 584 枚共指 · **非血统**）	4dd7bad3fc6f72a7	-	0.06	6	0	0	17	0.05	0.12	0.01	0	0	0	-	-	250	multi	6
v7l2c-147	18	珠价 divW 0.3→0.06 ‖ 54 枚 ‖ 09-18→09-18 ‖ 父 d13d3c85	2026-09-18T19:39:34	147	147	d13d3c85		RUNNER-BASE d13d3c85…（v1.3.58 BASE · runner 恒拷 EPIRUS_BUNDLE_IN 的产物 · 584 枚共指 · **非血统**）	bec80f241c7b08eb	-	0.06	6	0	0	17	0.05	0.12	0.01	0	0	0	-	-	250	multi	6
v7l2c-150	18	珠价 divW 0.3→0.06 ‖ 54 枚 ‖ 09-18→09-18 ‖ 父 d13d3c85	2026-09-18T19:46:35	150	150	d13d3c85		RUNNER-BASE d13d3c85…（v1.3.58 BASE · runner 恒拷 EPIRUS_BUNDLE_IN 的产物 · 584 枚共指 · **非血统**）	bc8cac4ddce4bddc	-	0.06	6	0	0	17	0.05	0.12	0.01	0	0	0	-	-	250	multi	6
v7l2c-31	18	珠价 divW 0.3→0.06 ‖ 54 枚 ‖ 09-18→09-18 ‖ 父 d13d3c85	2026-09-18T19:24:37	31	31	d13d3c85		RUNNER-BASE d13d3c85…（v1.3.58 BASE · runner 恒拷 EPIRUS_BUNDLE_IN 的产物 · 584 枚共指 · **非血统**）	8691d3a36bde18a8	-	0.06	6	0	0	17	0.05	0.12	0.01	0	0	0	-	-	250	multi	6
v7l2c-93	18	珠价 divW 0.3→0.06 ‖ 54 枚 ‖ 09-18→09-18 ‖ 父 d13d3c85	2026-09-18T16:05:53	93	93	d13d3c85		RUNNER-BASE d13d3c85…（v1.3.58 BASE · runner 恒拷 EPIRUS_BUNDLE_IN 的产物 · 584 枚共指 · **非血统**）	2bb6628672bb346a	-	0.06	6	0	0	17	0.05	0.12	0.01	0	0	0	-	-	250	multi	6
v7l2f-106	18	珠价 divW 0.3→0.06 ‖ 54 枚 ‖ 09-18→09-18 ‖ 父 d13d3c85	2026-09-18T17:20:33	106	106	d13d3c85		RUNNER-BASE d13d3c85…（v1.3.58 BASE · runner 恒拷 EPIRUS_BUNDLE_IN 的产物 · 584 枚共指 · **非血统**）	b023d5d4b041b453	-	0.06	6	0	0	17	0.05	0.12	0.01	0	0	0	-	-	250	multi	6
v7l2f-143	18	珠价 divW 0.3→0.06 ‖ 54 枚 ‖ 09-18→09-18 ‖ 父 d13d3c85	2026-09-18T19:58:31	143	143	d13d3c85		RUNNER-BASE d13d3c85…（v1.3.58 BASE · runner 恒拷 EPIRUS_BUNDLE_IN 的产物 · 584 枚共指 · **非血统**）	1f773e8823453540	-	0.06	6	0	0	17	0.05	0.12	0.01	0	0	0	-	-	250	multi	6
v7l2f-146	18	珠价 divW 0.3→0.06 ‖ 54 枚 ‖ 09-18→09-18 ‖ 父 d13d3c85	2026-09-18T20:05:19	146	146	d13d3c85		RUNNER-BASE d13d3c85…（v1.3.58 BASE · runner 恒拷 EPIRUS_BUNDLE_IN 的产物 · 584 枚共指 · **非血统**）	934f41eb7d648033	-	0.06	6	0	0	17	0.05	0.12	0.01	0	0	0	-	-	250	multi	6
v7l2f-149	18	珠价 divW 0.3→0.06 ‖ 54 枚 ‖ 09-18→09-18 ‖ 父 d13d3c85	2026-09-18T20:10:46	149	149	d13d3c85		RUNNER-BASE d13d3c85…（v1.3.58 BASE · runner 恒拷 EPIRUS_BUNDLE_IN 的产物 · 584 枚共指 · **非血统**）	06d4f172ad95d370	-	0.06	6	0	0	17	0.05	0.12	0.01	0	0	0	-	-	250	multi	6
v7l2f-152	18	珠价 divW 0.3→0.06 ‖ 54 枚 ‖ 09-18→09-18 ‖ 父 d13d3c85	2026-09-18T20:17:34	152	152	d13d3c85		RUNNER-BASE d13d3c85…（v1.3.58 BASE · runner 恒拷 EPIRUS_BUNDLE_IN 的产物 · 584 枚共指 · **非血统**）	35e9bf2e23fb6730	-	0.06	6	0	0	17	0.05	0.12	0.01	0	0	0	-	-	250	multi	6
v7l2f-82	18	珠价 divW 0.3→0.06 ‖ 54 枚 ‖ 09-18→09-18 ‖ 父 d13d3c85	2026-09-18T16:26:43	82	82	d13d3c85		RUNNER-BASE d13d3c85…（v1.3.58 BASE · runner 恒拷 EPIRUS_BUNDLE_IN 的产物 · 584 枚共指 · **非血统**）	1b814d6c88ac2f7e	-	0.06	6	0	0	17	0.05	0.12	0.01	0	0	0	-	-	250	multi	6
v7l2h-91	18	珠价 divW 0.3→0.06 ‖ 54 枚 ‖ 09-18→09-18 ‖ 父 d13d3c85	2026-09-18T16:16:11	91	91	d13d3c85		RUNNER-BASE d13d3c85…（v1.3.58 BASE · runner 恒拷 EPIRUS_BUNDLE_IN 的产物 · 584 枚共指 · **非血统**）	3d2a981a85d24e01	-	0.06	6	0	0	17	0.05	0.12	0.01	0	0	0	-	-	250	multi	6
v7l2o-92	18	珠价 divW 0.3→0.06 ‖ 54 枚 ‖ 09-18→09-18 ‖ 父 d13d3c85	2026-09-18T17:59:17	92	92	d13d3c85		RUNNER-BASE d13d3c85…（v1.3.58 BASE · runner 恒拷 EPIRUS_BUNDLE_IN 的产物 · 584 枚共指 · **非血统**）	9ffd6588beb675b6	-	0.06	6	0	0	17	0.05	0.12	0.01	0	0	0	-	-	250	multi	6
v7l2s-115	24	零散实验（<6 枚的类合并） ‖ 47 枚 ‖ ined→ined ‖ 父 e379c62c,d13d3c85,d490dc13,-,3d7fca4e	2026-09-18T18:49:34	115	115	d13d3c85		RUNNER-BASE d13d3c85…（v1.3.58 BASE · runner 恒拷 EPIRUS_BUNDLE_IN 的产物 · 584 枚共指 · **非血统**）	0184cd0260ac643f	-	0.06	6	0	0	17	0.15	0.12	0.01	0	0	0	-	-	250	multi	6
v7l2s-93	24	零散实验（<6 枚的类合并） ‖ 47 枚 ‖ ined→ined ‖ 父 e379c62c,d13d3c85,d490dc13,-,3d7fca4e	2026-09-18T17:35:21	93	93	d13d3c85		RUNNER-BASE d13d3c85…（v1.3.58 BASE · runner 恒拷 EPIRUS_BUNDLE_IN 的产物 · 584 枚共指 · **非血统**）	bb7bd792a419d10c	-	0.06	6	0	0	17	0.15	0.12	0.01	0	0	0	-	-	250	multi	6
v7l7-33	7	对手池 12→15 ‖ 126 枚 ‖ 09-14→09-15 ‖ 父 d13d3c85	2026-09-14T15:18:44	35	33	d13d3c85		RUNNER-BASE d13d3c85…（v1.3.58 BASE · runner 恒拷 EPIRUS_BUNDLE_IN 的产物 · 584 枚共指 · **非血统**）	653a1d6688f6e8c4	-	0.06	-	-	-	15	0.05	0.12	0.01	0	0	0	-	-	250	multi	6
v7l7-36	7	对手池 12→15 ‖ 126 枚 ‖ 09-14→09-15 ‖ 父 d13d3c85	2026-09-14T15:34:08	35	36	d13d3c85		RUNNER-BASE d13d3c85…（v1.3.58 BASE · runner 恒拷 EPIRUS_BUNDLE_IN 的产物 · 584 枚共指 · **非血统**）	653a1d6688f6e8c4	-	0.06	-	-	-	15	0.05	0.12	0.01	0	0	0	-	-	250	multi	6
v7l7-43	7	对手池 12→15 ‖ 126 枚 ‖ 09-14→09-15 ‖ 父 d13d3c85	2026-09-14T15:34:08	35	43	d13d3c85		RUNNER-BASE d13d3c85…（v1.3.58 BASE · runner 恒拷 EPIRUS_BUNDLE_IN 的产物 · 584 枚共指 · **非血统**）	653a1d6688f6e8c4	-	0.06	-	-	-	15	0.05	0.12	0.01	0	0	0	-	-	250	multi	6
v7l7-46	7	对手池 12→15 ‖ 126 枚 ‖ 09-14→09-15 ‖ 父 d13d3c85	2026-09-14T15:34:08	35	46	d13d3c85		RUNNER-BASE d13d3c85…（v1.3.58 BASE · runner 恒拷 EPIRUS_BUNDLE_IN 的产物 · 584 枚共指 · **非血统**）	653a1d6688f6e8c4	-	0.06	-	-	-	15	0.05	0.12	0.01	0	0	0	-	-	250	multi	6
v7m2_noBead-33	7	对手池 12→15 ‖ 126 枚 ‖ 09-14→09-15 ‖ 父 d13d3c85	2026-09-14T14:08:49	32	33	d13d3c85		RUNNER-BASE d13d3c85…（v1.3.58 BASE · runner 恒拷 EPIRUS_BUNDLE_IN 的产物 · 584 枚共指 · **非血统**）	20035f4f7e032f8a	-	0.06	-	-	-	15	0.05	0.12	0.01	0	0	0	-	-	250	multi	6
v7m2_noBead-36	7	对手池 12→15 ‖ 126 枚 ‖ 09-14→09-15 ‖ 父 d13d3c85	2026-09-14T14:08:49	32	36	d13d3c85		RUNNER-BASE d13d3c85…（v1.3.58 BASE · runner 恒拷 EPIRUS_BUNDLE_IN 的产物 · 584 枚共指 · **非血统**）	20035f4f7e032f8a	-	0.06	-	-	-	15	0.05	0.12	0.01	0	0	0	-	-	250	multi	6
v7m2_noEffects-33	7	对手池 12→15 ‖ 126 枚 ‖ 09-14→09-15 ‖ 父 d13d3c85	2026-09-14T14:04:28	33	33	d13d3c85		RUNNER-BASE d13d3c85…（v1.3.58 BASE · runner 恒拷 EPIRUS_BUNDLE_IN 的产物 · 584 枚共指 · **非血统**）	034455a407804f7f	-	0.06	-	-	-	15	0.05	0.12	0.01	0	0	0	-	-	250	multi	6
v7m2_noEffects-36	7	对手池 12→15 ‖ 126 枚 ‖ 09-14→09-15 ‖ 父 d13d3c85	2026-09-14T14:04:28	33	36	d13d3c85		RUNNER-BASE d13d3c85…（v1.3.58 BASE · runner 恒拷 EPIRUS_BUNDLE_IN 的产物 · 584 枚共指 · **非血统**）	034455a407804f7f	-	0.06	-	-	-	15	0.05	0.12	0.01	0	0	0	-	-	250	multi	6
v7m2_noTarget-33	7	对手池 12→15 ‖ 126 枚 ‖ 09-14→09-15 ‖ 父 d13d3c85	2026-09-14T13:55:42	32	33	d13d3c85		RUNNER-BASE d13d3c85…（v1.3.58 BASE · runner 恒拷 EPIRUS_BUNDLE_IN 的产物 · 584 枚共指 · **非血统**）	20035f4f7e032f8a	-	0.06	-	-	-	15	0.05	0.12	0.01	0	0	0	-	-	250	multi	6
v7m2_noTarget-36	7	对手池 12→15 ‖ 126 枚 ‖ 09-14→09-15 ‖ 父 d13d3c85	2026-09-14T14:00:51	36	36	d13d3c85		RUNNER-BASE d13d3c85…（v1.3.58 BASE · runner 恒拷 EPIRUS_BUNDLE_IN 的产物 · 584 枚共指 · **非血统**）	65f4402c5c8847c1	-	0.06	-	-	-	15	0.05	0.12	0.01	0	0	0	-	-	250	multi	6
v7n1-31	21	嵌入种子自 6→- ‖ 76 枚 ‖ 09-19→09-21 ‖ 父 1a6e180d,8358c7b7,a92a45d7,e7201989,0660c3d1,fb8c77d8,30c3cc67,03b35fca,c540a84c,d08ece17,f008171a,03e5411f	2026-09-20T11:41:27	31	31	30c3cc67	v7s8-82	v7s8-82	3dedd6287a3c3536	a78c28cb	0.3	6	0	0	22	0.05	0.12	0.01	0	0	0	-	-	250	multi	-
v7new1-31	15	珠价 divW 0.06→0.3 · 角色多样性权 1→0 · 类别多样性权 1→0 ‖ 28 枚 ‖ 09-16→09-18 ‖ 父 d13d3c85	2026-09-18T11:05:46	31	31	d13d3c85		RUNNER-BASE d13d3c85…（v1.3.58 BASE · runner 恒拷 EPIRUS_BUNDLE_IN 的产物 · 584 枚共指 · **非血统**）	5762595ec7f14922	-	0.3	6	0	0	16	0.05	0.12	0.01	0	0	0	-	-	250	multi	6
v7new1-91	15	珠价 divW 0.06→0.3 · 角色多样性权 1→0 · 类别多样性权 1→0 ‖ 28 枚 ‖ 09-16→09-18 ‖ 父 d13d3c85	2026-09-18T11:11:54	91	91	d13d3c85		RUNNER-BASE d13d3c85…（v1.3.58 BASE · runner 恒拷 EPIRUS_BUNDLE_IN 的产物 · 584 枚共指 · **非血统**）	49ded836fc5c89cc	-	0.3	6	0	0	16	0.05	0.12	0.01	0	0	0	-	-	250	multi	6
v7new2-31	17	角色多样性权 1→0 · 类别多样性权 1→0 · 对手池 16→17 ‖ 49 枚 ‖ 09-18→09-19 ‖ 父 d13d3c85	2026-09-18T11:20:08	31	31	d13d3c85		RUNNER-BASE d13d3c85…（v1.3.58 BASE · runner 恒拷 EPIRUS_BUNDLE_IN 的产物 · 584 枚共指 · **非血统**）	39bdd0fb1dc2d2da	-	0.3	6	0	0	17	0.05	0.12	0.01	0	0	0	-	-	250	multi	6
v7new2-91	17	角色多样性权 1→0 · 类别多样性权 1→0 · 对手池 16→17 ‖ 49 枚 ‖ 09-18→09-19 ‖ 父 d13d3c85	2026-09-18T11:25:34	91	91	d13d3c85		RUNNER-BASE d13d3c85…（v1.3.58 BASE · runner 恒拷 EPIRUS_BUNDLE_IN 的产物 · 584 枚共指 · **非血统**）	38d32417969e86f4	-	0.3	6	0	0	17	0.05	0.12	0.01	0	0	0	-	-	250	multi	6
v7new3-31	17	角色多样性权 1→0 · 类别多样性权 1→0 · 对手池 16→17 ‖ 49 枚 ‖ 09-18→09-19 ‖ 父 d13d3c85	2026-09-18T11:34:44	31	31	d13d3c85		RUNNER-BASE d13d3c85…（v1.3.58 BASE · runner 恒拷 EPIRUS_BUNDLE_IN 的产物 · 584 枚共指 · **非血统**）	ffbc54b6712dfe64	-	0.3	6	0	0	17	0.05	0.12	0.01	0	0	0	-	-	250	multi	6
v7new3-91	17	角色多样性权 1→0 · 类别多样性权 1→0 · 对手池 16→17 ‖ 49 枚 ‖ 09-18→09-19 ‖ 父 d13d3c85	2026-09-18T11:41:24	91	91	d13d3c85		RUNNER-BASE d13d3c85…（v1.3.58 BASE · runner 恒拷 EPIRUS_BUNDLE_IN 的产物 · 584 枚共指 · **非血统**）	38d32417969e86f4	-	0.3	6	0	0	17	0.05	0.12	0.01	0	0	0	-	-	250	multi	6
v7new4-31	17	角色多样性权 1→0 · 类别多样性权 1→0 · 对手池 16→17 ‖ 49 枚 ‖ 09-18→09-19 ‖ 父 d13d3c85	2026-09-18T11:47:39	31	31	d13d3c85		RUNNER-BASE d13d3c85…（v1.3.58 BASE · runner 恒拷 EPIRUS_BUNDLE_IN 的产物 · 584 枚共指 · **非血统**）	0f57240d836df278	-	0.3	6	0	0	17	0.05	0.12	0.01	0	0	0	-	-	250	multi	6
v7new4-91	17	角色多样性权 1→0 · 类别多样性权 1→0 · 对手池 16→17 ‖ 49 枚 ‖ 09-18→09-19 ‖ 父 d13d3c85	2026-09-18T11:54:15	91	91	d13d3c85		RUNNER-BASE d13d3c85…（v1.3.58 BASE · runner 恒拷 EPIRUS_BUNDLE_IN 的产物 · 584 枚共指 · **非血统**）	b1420cabe6983f0e	-	0.3	6	0	0	17	0.05	0.12	0.01	0	0	0	-	-	250	multi	6
v7new5_005-31	17	角色多样性权 1→0 · 类别多样性权 1→0 · 对手池 16→17 ‖ 49 枚 ‖ 09-18→09-19 ‖ 父 d13d3c85	2026-09-18T12:02:40	31	31	d13d3c85		RUNNER-BASE d13d3c85…（v1.3.58 BASE · runner 恒拷 EPIRUS_BUNDLE_IN 的产物 · 584 枚共指 · **非血统**）	c7a69570d3d0182f	-	0.3	6	0	0	17	0.05	0.12	0.01	0	0	0	-	-	250	multi	6
v7new5_005-91	17	角色多样性权 1→0 · 类别多样性权 1→0 · 对手池 16→17 ‖ 49 枚 ‖ 09-18→09-19 ‖ 父 d13d3c85	2026-09-18T12:09:03	91	91	d13d3c85		RUNNER-BASE d13d3c85…（v1.3.58 BASE · runner 恒拷 EPIRUS_BUNDLE_IN 的产物 · 584 枚共指 · **非血统**）	11084365cec9a549	-	0.3	6	0	0	17	0.05	0.12	0.01	0	0	0	-	-	250	multi	6
v7new5_01-31	17	角色多样性权 1→0 · 类别多样性权 1→0 · 对手池 16→17 ‖ 49 枚 ‖ 09-18→09-19 ‖ 父 d13d3c85	2026-09-18T12:15:59	31	31	d13d3c85		RUNNER-BASE d13d3c85…（v1.3.58 BASE · runner 恒拷 EPIRUS_BUNDLE_IN 的产物 · 584 枚共指 · **非血统**）	09355a49fb140a0c	-	0.3	6	0	0	17	0.05	0.12	0.01	0	0	0	-	-	250	multi	6
v7new5_01-91	17	角色多样性权 1→0 · 类别多样性权 1→0 · 对手池 16→17 ‖ 49 枚 ‖ 09-18→09-19 ‖ 父 d13d3c85	2026-09-18T12:21:17	91	91	d13d3c85		RUNNER-BASE d13d3c85…（v1.3.58 BASE · runner 恒拷 EPIRUS_BUNDLE_IN 的产物 · 584 枚共指 · **非血统**）	f96805ffd671ee69	-	0.3	6	0	0	17	0.05	0.12	0.01	0	0	0	-	-	250	multi	6
v7new6-31	17	角色多样性权 1→0 · 类别多样性权 1→0 · 对手池 16→17 ‖ 49 枚 ‖ 09-18→09-19 ‖ 父 d13d3c85	2026-09-18T12:31:22	31	31	d13d3c85		RUNNER-BASE d13d3c85…（v1.3.58 BASE · runner 恒拷 EPIRUS_BUNDLE_IN 的产物 · 584 枚共指 · **非血统**）	c7a69570d3d0182f	-	0.3	6	0	0	17	0.05	0.12	0.01	0	0	0	-	-	250	multi	6
v7new6-96	17	角色多样性权 1→0 · 类别多样性权 1→0 · 对手池 16→17 ‖ 49 枚 ‖ 09-18→09-19 ‖ 父 d13d3c85	2026-09-18T12:37:29	96	96	d13d3c85		RUNNER-BASE d13d3c85…（v1.3.58 BASE · runner 恒拷 EPIRUS_BUNDLE_IN 的产物 · 584 枚共指 · **非血统**）	d3785757723396f7	-	0.3	6	0	0	17	0.05	0.12	0.01	0	0	0	-	-	250	multi	6
v7new6-99	17	角色多样性权 1→0 · 类别多样性权 1→0 · 对手池 16→17 ‖ 49 枚 ‖ 09-18→09-19 ‖ 父 d13d3c85	2026-09-18T12:43:18	99	99	d13d3c85		RUNNER-BASE d13d3c85…（v1.3.58 BASE · runner 恒拷 EPIRUS_BUNDLE_IN 的产物 · 584 枚共指 · **非血统**）	0e34e0b8794bb72c	-	0.3	6	0	0	17	0.05	0.12	0.01	0	0	0	-	-	250	multi	6
v7noteach1-82	17	角色多样性权 1→0 · 类别多样性权 1→0 · 对手池 16→17 ‖ 49 枚 ‖ 09-18→09-19 ‖ 父 d13d3c85	2026-09-19T03:22:08	82	82	d13d3c85		RUNNER-BASE d13d3c85…（v1.3.58 BASE · runner 恒拷 EPIRUS_BUNDLE_IN 的产物 · 584 枚共指 · **非血统**）	e7f255097d646e6c	-	0.3	6	0	0	17	0.05	0.12	0.01	0	0	0	-	-	250	multi	6
v7noteach1-93	17	角色多样性权 1→0 · 类别多样性权 1→0 · 对手池 16→17 ‖ 49 枚 ‖ 09-18→09-19 ‖ 父 d13d3c85	2026-09-19T03:28:48	93	93	d13d3c85		RUNNER-BASE d13d3c85…（v1.3.58 BASE · runner 恒拷 EPIRUS_BUNDLE_IN 的产物 · 584 枚共指 · **非血统**）	0d163a4ad30390f4	-	0.3	6	0	0	17	0.05	0.12	0.01	0	0	0	-	-	250	multi	6
v7phase-33	7	对手池 12→15 ‖ 126 枚 ‖ 09-14→09-15 ‖ 父 d13d3c85	2026-09-14T15:10:19	32	33	d13d3c85		RUNNER-BASE d13d3c85…（v1.3.58 BASE · runner 恒拷 EPIRUS_BUNDLE_IN 的产物 · 584 枚共指 · **非血统**）	f5f71af64b604789	-	0.06	-	-	-	15	0.05	0.12	0.01	0	0	0	-	-	250	multi	6
v7phase-36	7	对手池 12→15 ‖ 126 枚 ‖ 09-14→09-15 ‖ 父 d13d3c85	2026-09-14T15:18:44	35	36	d13d3c85		RUNNER-BASE d13d3c85…（v1.3.58 BASE · runner 恒拷 EPIRUS_BUNDLE_IN 的产物 · 584 枚共指 · **非血统**）	653a1d6688f6e8c4	-	0.06	-	-	-	15	0.05	0.12	0.01	0	0	0	-	-	250	multi	6
v7press1-81	19	珠价 divW 0.06→0.3 · 对手池 17→20 ‖ 48 枚 ‖ 09-19→09-19 ‖ 父 d13d3c85	2026-09-19T04:28:43	81	81	d13d3c85		RUNNER-BASE d13d3c85…（v1.3.58 BASE · runner 恒拷 EPIRUS_BUNDLE_IN 的产物 · 584 枚共指 · **非血统**）	86d0d93f71f5fa07	-	0.3	6	0	0	20	0.05	0.12	0.01	0	0	0	-	-	250	multi	6
v7press1-92	19	珠价 divW 0.06→0.3 · 对手池 17→20 ‖ 48 枚 ‖ 09-19→09-19 ‖ 父 d13d3c85	2026-09-19T04:34:18	92	92	d13d3c85		RUNNER-BASE d13d3c85…（v1.3.58 BASE · runner 恒拷 EPIRUS_BUNDLE_IN 的产物 · 584 枚共指 · **非血统**）	7a628687610aa876	-	0.3	6	0	0	20	0.05	0.12	0.01	0	0	0	-	-	250	multi	6
v7press2-81	19	珠价 divW 0.06→0.3 · 对手池 17→20 ‖ 48 枚 ‖ 09-19→09-19 ‖ 父 d13d3c85	2026-09-19T04:43:14	81	81	d13d3c85		RUNNER-BASE d13d3c85…（v1.3.58 BASE · runner 恒拷 EPIRUS_BUNDLE_IN 的产物 · 584 枚共指 · **非血统**）	4658529f83cbdd22	-	0.3	6	0	0	20	0.05	0.12	0.01	0	0	0	-	-	250	multi	6
v7press2-92	19	珠价 divW 0.06→0.3 · 对手池 17→20 ‖ 48 枚 ‖ 09-19→09-19 ‖ 父 d13d3c85	2026-09-19T04:49:43	92	92	d13d3c85		RUNNER-BASE d13d3c85…（v1.3.58 BASE · runner 恒拷 EPIRUS_BUNDLE_IN 的产物 · 584 枚共指 · **非血统**）	666b13e7e7b8c7c3	-	0.3	6	0	0	20	0.05	0.12	0.01	0	0	0	-	-	250	multi	6
v7press3-81	19	珠价 divW 0.06→0.3 · 对手池 17→20 ‖ 48 枚 ‖ 09-19→09-19 ‖ 父 d13d3c85	2026-09-19T05:01:13	81	81	d13d3c85		RUNNER-BASE d13d3c85…（v1.3.58 BASE · runner 恒拷 EPIRUS_BUNDLE_IN 的产物 · 584 枚共指 · **非血统**）	e6a8c6a4cee51506	-	0.3	6	0	0	20	0.05	0.12	0.01	0	0	0	-	-	250	multi	6
v7press3-92	19	珠价 divW 0.06→0.3 · 对手池 17→20 ‖ 48 枚 ‖ 09-19→09-19 ‖ 父 d13d3c85	2026-09-19T05:06:49	92	92	d13d3c85		RUNNER-BASE d13d3c85…（v1.3.58 BASE · runner 恒拷 EPIRUS_BUNDLE_IN 的产物 · 584 枚共指 · **非血统**）	c06640a7e9177466	-	0.3	6	0	0	20	0.05	0.12	0.01	0	0	0	-	-	250	multi	6
v7protoE-81	24	零散实验（<6 枚的类合并） ‖ 47 枚 ‖ ined→ined ‖ 父 e379c62c,d13d3c85,d490dc13,-,3d7fca4e	2026-09-16T14:20:52	81	81	d13d3c85		RUNNER-BASE d13d3c85…（v1.3.58 BASE · runner 恒拷 EPIRUS_BUNDLE_IN 的产物 · 584 枚共指 · **非血统**）	0a8deebd594e767d	-	0.06	6	-	-	18	0.05	0.12	0.01	0	0	0	-	-	250	multi	6
v7r3-45	8	对手池 15→18 ‖ 13 枚 ‖ 09-14→09-14 ‖ 父 d13d3c85	2026-09-14T11:57:46	45	45	d13d3c85		RUNNER-BASE d13d3c85…（v1.3.58 BASE · runner 恒拷 EPIRUS_BUNDLE_IN 的产物 · 584 枚共指 · **非血统**）	e02f78e60db4375d	-	0.06	-	-	-	18	0.05	0.12	0.01	0	0	0	-	-	250	multi	6
v7rand-32	7	对手池 12→15 ‖ 126 枚 ‖ 09-14→09-15 ‖ 父 d13d3c85	2026-09-14T14:21:31	32	32	d13d3c85		RUNNER-BASE d13d3c85…（v1.3.58 BASE · runner 恒拷 EPIRUS_BUNDLE_IN 的产物 · 584 枚共指 · **非血统**）	3ed3228d4667a346	-	0.06	-	-	-	15	0.05	0.12	0.01	0	0	0	-	-	250	multi	6
v7rand-35	7	对手池 12→15 ‖ 126 枚 ‖ 09-14→09-15 ‖ 父 d13d3c85	2026-09-14T14:22:14	33	35	d13d3c85		RUNNER-BASE d13d3c85…（v1.3.58 BASE · runner 恒拷 EPIRUS_BUNDLE_IN 的产物 · 584 枚共指 · **非血统**）	dde8eb12881ccbb7	-	0.06	-	-	-	15	0.05	0.12	0.01	0	0	0	-	-	250	multi	6
v7rb1-82	20	对手池 20→22 ‖ 18 枚 ‖ 09-19→09-20 ‖ 父 d13d3c85	2026-09-19T16:29:57	82	82	d13d3c85		RUNNER-BASE d13d3c85…（v1.3.58 BASE · runner 恒拷 EPIRUS_BUNDLE_IN 的产物 · 584 枚共指 · **非血统**）	d521fb3d9a5063c3	-	0.3	6	0	0	22	0.05	0.12	0.01	0	0	0	-	-	250	multi	6
v7rb2-82	21	嵌入种子自 6→- ‖ 76 枚 ‖ 09-19→09-21 ‖ 父 1a6e180d,8358c7b7,a92a45d7,e7201989,0660c3d1,fb8c77d8,30c3cc67,03b35fca,c540a84c,d08ece17,f008171a,03e5411f	2026-09-19T16:45:15	82	82	03b35fca	v7press3-91	v7press3-91	8c317a3a8526a8c6	-	0.3	6	0	0	22	0.05	0.12	0.01	0	0	0	-	-	250	multi	-
v7ringA1-31	18	珠价 divW 0.3→0.06 ‖ 54 枚 ‖ 09-18→09-18 ‖ 父 d13d3c85	2026-09-18T13:22:18	31	31	d13d3c85		RUNNER-BASE d13d3c85…（v1.3.58 BASE · runner 恒拷 EPIRUS_BUNDLE_IN 的产物 · 584 枚共指 · **非血统**）	ee67cca7c0f07990	-	0.06	6	0	0	17	0.05	0.12	0.01	0	0	0	-	-	250	multi	6
v7ringA1-91	18	珠价 divW 0.3→0.06 ‖ 54 枚 ‖ 09-18→09-18 ‖ 父 d13d3c85	2026-09-18T13:27:38	91	91	d13d3c85		RUNNER-BASE d13d3c85…（v1.3.58 BASE · runner 恒拷 EPIRUS_BUNDLE_IN 的产物 · 584 枚共指 · **非血统**）	5ac19ba87ded0b55	-	0.06	6	0	0	17	0.05	0.12	0.01	0	0	0	-	-	250	multi	6
v7ringB1-31	12	divK -→6 · 角色多样性权 -→0 · 类别多样性权 -→0 · 代数 500→250 ‖ 115 枚 ‖ 09-16→09-18 ‖ 父 d13d3c85	2026-09-18T13:37:47	31	31	d13d3c85		RUNNER-BASE d13d3c85…（v1.3.58 BASE · runner 恒拷 EPIRUS_BUNDLE_IN 的产物 · 584 枚共指 · **非血统**）	8cc4d2bfe0b0f929	-	0.06	6	0	0	16	0.05	0.12	0.01	0	0	0	-	-	250	multi	6
v7ringB1-91	12	divK -→6 · 角色多样性权 -→0 · 类别多样性权 -→0 · 代数 500→250 ‖ 115 枚 ‖ 09-16→09-18 ‖ 父 d13d3c85	2026-09-18T13:43:08	91	91	d13d3c85		RUNNER-BASE d13d3c85…（v1.3.58 BASE · runner 恒拷 EPIRUS_BUNDLE_IN 的产物 · 584 枚共指 · **非血统**）	2412be573d131bf0	-	0.06	6	0	0	16	0.05	0.12	0.01	0	0	0	-	-	250	multi	6
v7ringT-31	12	divK -→6 · 角色多样性权 -→0 · 类别多样性权 -→0 · 代数 500→250 ‖ 115 枚 ‖ 09-16→09-18 ‖ 父 d13d3c85	2026-09-17T04:37:36	31	31	d13d3c85		RUNNER-BASE d13d3c85…（v1.3.58 BASE · runner 恒拷 EPIRUS_BUNDLE_IN 的产物 · 584 枚共指 · **非血统**）	4f91458044aada8a	-	0.06	6	0	0	16	0.05	0.12	0.01	0	0	0	-	-	250	multi	6
v7ringT-91	12	divK -→6 · 角色多样性权 -→0 · 类别多样性权 -→0 · 代数 500→250 ‖ 115 枚 ‖ 09-16→09-18 ‖ 父 d13d3c85	2026-09-17T04:41:03	91	91	d13d3c85		RUNNER-BASE d13d3c85…（v1.3.58 BASE · runner 恒拷 EPIRUS_BUNDLE_IN 的产物 · 584 枚共指 · **非血统**）	4ba1f887e8efd36f	-	0.06	6	0	0	16	0.05	0.12	0.01	0	0	0	-	-	250	multi	6
v7ringT2-31	12	divK -→6 · 角色多样性权 -→0 · 类别多样性权 -→0 · 代数 500→250 ‖ 115 枚 ‖ 09-16→09-18 ‖ 父 d13d3c85	2026-09-17T04:48:20	31	31	d13d3c85		RUNNER-BASE d13d3c85…（v1.3.58 BASE · runner 恒拷 EPIRUS_BUNDLE_IN 的产物 · 584 枚共指 · **非血统**）	4f91458044aada8a	-	0.06	6	0	0	16	0.05	0.12	0.01	0	0	0	-	-	250	multi	6
v7ringT2-91	12	divK -→6 · 角色多样性权 -→0 · 类别多样性权 -→0 · 代数 500→250 ‖ 115 枚 ‖ 09-16→09-18 ‖ 父 d13d3c85	2026-09-17T04:51:50	91	91	d13d3c85		RUNNER-BASE d13d3c85…（v1.3.58 BASE · runner 恒拷 EPIRUS_BUNDLE_IN 的产物 · 584 枚共指 · **非血统**）	4ba1f887e8efd36f	-	0.06	6	0	0	16	0.05	0.12	0.01	0	0	0	-	-	250	multi	6
v7ringT3-31	12	divK -→6 · 角色多样性权 -→0 · 类别多样性权 -→0 · 代数 500→250 ‖ 115 枚 ‖ 09-16→09-18 ‖ 父 d13d3c85	2026-09-17T04:58:23	31	31	d13d3c85		RUNNER-BASE d13d3c85…（v1.3.58 BASE · runner 恒拷 EPIRUS_BUNDLE_IN 的产物 · 584 枚共指 · **非血统**）	31c033846647a918	-	0.06	6	0	0	16	0.05	0.12	0.01	0	0	0	-	-	250	multi	6
v7ringT3-91	12	divK -→6 · 角色多样性权 -→0 · 类别多样性权 -→0 · 代数 500→250 ‖ 115 枚 ‖ 09-16→09-18 ‖ 父 d13d3c85	2026-09-17T05:01:57	91	91	d13d3c85		RUNNER-BASE d13d3c85…（v1.3.58 BASE · runner 恒拷 EPIRUS_BUNDLE_IN 的产物 · 584 枚共指 · **非血统**）	96c754d2a3247b09	-	0.06	6	0	0	16	0.05	0.12	0.01	0	0	0	-	-	250	multi	6
v7role1-31	14	角色多样性权 0.5→1 · 类别多样性权 0.5→1 ‖ 16 枚 ‖ 09-16→09-16 ‖ 父 d13d3c85	2026-09-16T15:52:57	31	31	d13d3c85		RUNNER-BASE d13d3c85…（v1.3.58 BASE · runner 恒拷 EPIRUS_BUNDLE_IN 的产物 · 584 枚共指 · **非血统**）	dbce409c57199b89	-	0.06	6	1	1	16	0.05	0.12	0.01	0	0	0	-	-	250	multi	6
v7role1-91	14	角色多样性权 0.5→1 · 类别多样性权 0.5→1 ‖ 16 枚 ‖ 09-16→09-16 ‖ 父 d13d3c85	2026-09-16T15:56:43	91	91	d13d3c85		RUNNER-BASE d13d3c85…（v1.3.58 BASE · runner 恒拷 EPIRUS_BUNDLE_IN 的产物 · 584 枚共指 · **非血统**）	97dd729190d13063	-	0.06	6	1	1	16	0.05	0.12	0.01	0	0	0	-	-	250	multi	6
v7role12-31	14	角色多样性权 0.5→1 · 类别多样性权 0.5→1 ‖ 16 枚 ‖ 09-16→09-16 ‖ 父 d13d3c85	2026-09-16T16:19:36	31	31	d13d3c85		RUNNER-BASE d13d3c85…（v1.3.58 BASE · runner 恒拷 EPIRUS_BUNDLE_IN 的产物 · 584 枚共指 · **非血统**）	dbce409c57199b89	-	0.06	6	1	1	16	0.05	0.12	0.01	0	0	0	-	-	250	multi	6
v7role12-96	14	角色多样性权 0.5→1 · 类别多样性权 0.5→1 ‖ 16 枚 ‖ 09-16→09-16 ‖ 父 d13d3c85	2026-09-16T16:23:21	96	96	d13d3c85		RUNNER-BASE d13d3c85…（v1.3.58 BASE · runner 恒拷 EPIRUS_BUNDLE_IN 的产物 · 584 枚共指 · **非血统**）	848bd0820b853538	-	0.06	6	1	1	16	0.05	0.12	0.01	0	0	0	-	-	250	multi	6
v7role1w-82	14	角色多样性权 0.5→1 · 类别多样性权 0.5→1 ‖ 16 枚 ‖ 09-16→09-16 ‖ 父 d13d3c85	2026-09-16T16:06:59	82	82	d13d3c85		RUNNER-BASE d13d3c85…（v1.3.58 BASE · runner 恒拷 EPIRUS_BUNDLE_IN 的产物 · 584 枚共指 · **非血统**）	1590d0ab6eb171eb	-	0.06	6	1	1	16	0.05	0.12	0.01	0	0	0	-	-	250	multi	6
v7role1w-93	14	角色多样性权 0.5→1 · 类别多样性权 0.5→1 ‖ 16 枚 ‖ 09-16→09-16 ‖ 父 d13d3c85	2026-09-16T16:11:17	93	93	d13d3c85		RUNNER-BASE d13d3c85…（v1.3.58 BASE · runner 恒拷 EPIRUS_BUNDLE_IN 的产物 · 584 枚共指 · **非血统**）	3b963d701e5918c6	-	0.06	6	1	1	16	0.05	0.12	0.01	0	0	0	-	-	250	multi	6
v7role5-82	13	角色多样性权 0→0.5 · 类别多样性权 0→0.5 ‖ 6 枚 ‖ 09-16→09-16 ‖ 父 d13d3c85	2026-09-16T15:47:01	82	82	d13d3c85		RUNNER-BASE d13d3c85…（v1.3.58 BASE · runner 恒拷 EPIRUS_BUNDLE_IN 的产物 · 584 枚共指 · **非血统**）	94d7ce1b2f45a228	-	0.06	6	0.5	0.5	16	0.05	0.12	0.01	0	0	0	-	-	250	multi	6
v7role5-93	13	角色多样性权 0→0.5 · 类别多样性权 0→0.5 ‖ 6 枚 ‖ 09-16→09-16 ‖ 父 d13d3c85	2026-09-16T15:51:05	93	93	d13d3c85		RUNNER-BASE d13d3c85…（v1.3.58 BASE · runner 恒拷 EPIRUS_BUNDLE_IN 的产物 · 584 枚共指 · **非血统**）	baefcab03e600d3a	-	0.06	6	0.5	0.5	16	0.05	0.12	0.01	0	0	0	-	-	250	multi	6
v7roleC-82	12	divK -→6 · 角色多样性权 -→0 · 类别多样性权 -→0 · 代数 500→250 ‖ 115 枚 ‖ 09-16→09-18 ‖ 父 d13d3c85	2026-09-16T15:39:06	82	82	d13d3c85		RUNNER-BASE d13d3c85…（v1.3.58 BASE · runner 恒拷 EPIRUS_BUNDLE_IN 的产物 · 584 枚共指 · **非血统**）	a3d89182eb70c771	-	0.06	6	0	0	16	0.05	0.12	0.01	0	0	0	-	-	250	multi	6
v7roleC-93	12	divK -→6 · 角色多样性权 -→0 · 类别多样性权 -→0 · 代数 500→250 ‖ 115 枚 ‖ 09-16→09-18 ‖ 父 d13d3c85	2026-09-16T15:42:52	93	93	d13d3c85		RUNNER-BASE d13d3c85…（v1.3.58 BASE · runner 恒拷 EPIRUS_BUNDLE_IN 的产物 · 584 枚共指 · **非血统**）	062019520f5d0753	-	0.06	6	0	0	16	0.05	0.12	0.01	0	0	0	-	-	250	multi	6
v7roleC2-95	12	divK -→6 · 角色多样性权 -→0 · 类别多样性权 -→0 · 代数 500→250 ‖ 115 枚 ‖ 09-16→09-18 ‖ 父 d13d3c85	2026-09-16T16:16:11	95	95	d13d3c85		RUNNER-BASE d13d3c85…（v1.3.58 BASE · runner 恒拷 EPIRUS_BUNDLE_IN 的产物 · 584 枚共指 · **非血统**）	1ad01e1f15bb678d	-	0.06	6	0	0	16	0.05	0.12	0.01	0	0	0	-	-	250	multi	6
v7s4-82	21	嵌入种子自 6→- ‖ 76 枚 ‖ 09-19→09-21 ‖ 父 1a6e180d,8358c7b7,a92a45d7,e7201989,0660c3d1,fb8c77d8,30c3cc67,03b35fca,c540a84c,d08ece17,f008171a,03e5411f	2026-09-20T07:54:01	82	82	fb8c77d8	v7cur2-31	v7cur2-31	8151fcfef595ab3f	-	0.3	6	0	0	22	0.05	0.12	0.01	0	0	0	-	-	250	multi	-
v7s5-82	21	嵌入种子自 6→- ‖ 76 枚 ‖ 09-19→09-21 ‖ 父 1a6e180d,8358c7b7,a92a45d7,e7201989,0660c3d1,fb8c77d8,30c3cc67,03b35fca,c540a84c,d08ece17,f008171a,03e5411f	2026-09-20T08:15:23	82	82	c540a84c	v7s4-31	v7s4-31	b4b71ac761613d19	-	0.3	6	0	0	22	0.05	0.12	0.01	0	0	0	-	-	250	multi	-
v7s6-82	21	嵌入种子自 6→- ‖ 76 枚 ‖ 09-19→09-21 ‖ 父 1a6e180d,8358c7b7,a92a45d7,e7201989,0660c3d1,fb8c77d8,30c3cc67,03b35fca,c540a84c,d08ece17,f008171a,03e5411f	2026-09-20T10:06:18	82	82	d08ece17	v7s5-31	v7s5-31	ea79e1cddf9b9ef0	-	0.3	6	0	0	22	0.05	0.12	0.01	0	0	0	-	-	250	multi	-
v7s7-82	21	嵌入种子自 6→- ‖ 76 枚 ‖ 09-19→09-21 ‖ 父 1a6e180d,8358c7b7,a92a45d7,e7201989,0660c3d1,fb8c77d8,30c3cc67,03b35fca,c540a84c,d08ece17,f008171a,03e5411f	2026-09-20T10:20:03	82	82	f008171a	v7s6-31	v7s6-31	4149a14843a80e3d	-	0.3	6	0	0	22	0.05	0.12	0.01	0	0	0	-	-	250	multi	-
v7s8-82	21	嵌入种子自 6→- ‖ 76 枚 ‖ 09-19→09-21 ‖ 父 1a6e180d,8358c7b7,a92a45d7,e7201989,0660c3d1,fb8c77d8,30c3cc67,03b35fca,c540a84c,d08ece17,f008171a,03e5411f	2026-09-20T10:34:53	82	82	03e5411f	v7s7-31	v7s7-31	30c3cc672d308e85	-	0.3	6	0	0	22	0.05	0.12	0.01	0	0	0	-	-	250	multi	-
v7s9-82	21	嵌入种子自 6→- ‖ 76 枚 ‖ 09-19→09-21 ‖ 父 1a6e180d,8358c7b7,a92a45d7,e7201989,0660c3d1,fb8c77d8,30c3cc67,03b35fca,c540a84c,d08ece17,f008171a,03e5411f	2026-09-20T10:50:03	82	82	30c3cc67	v7s8-82	v7s8-82	579ebd20dea82558	-	0.3	6	0	0	22	0.05	0.12	0.01	0	0	0	-	-	250	multi	-
v7salt-32	7	对手池 12→15 ‖ 126 枚 ‖ 09-14→09-15 ‖ 父 d13d3c85	2026-09-14T15:10:19	32	32	d13d3c85		RUNNER-BASE d13d3c85…（v1.3.58 BASE · runner 恒拷 EPIRUS_BUNDLE_IN 的产物 · 584 枚共指 · **非血统**）	f5f71af64b604789	-	0.06	-	-	-	15	0.05	0.12	0.01	0	0	0	-	-	250	multi	6
v7salt-35	7	对手池 12→15 ‖ 126 枚 ‖ 09-14→09-15 ‖ 父 d13d3c85	2026-09-14T15:10:19	32	35	d13d3c85		RUNNER-BASE d13d3c85…（v1.3.58 BASE · runner 恒拷 EPIRUS_BUNDLE_IN 的产物 · 584 枚共指 · **非血统**）	f5f71af64b604789	-	0.06	-	-	-	15	0.05	0.12	0.01	0	0	0	-	-	250	multi	6
v7seat2-45	7	对手池 12→15 ‖ 126 枚 ‖ 09-14→09-15 ‖ 父 d13d3c85	2026-09-14T13:26:02	45	45	d13d3c85		RUNNER-BASE d13d3c85…（v1.3.58 BASE · runner 恒拷 EPIRUS_BUNDLE_IN 的产物 · 584 枚共指 · **非血统**）	f092faca0850692d	-	0.06	-	-	-	15	0.05	0.12	0.01	0	0	0	-	-	250	multi	6
v7seat2-49	7	对手池 12→15 ‖ 126 枚 ‖ 09-14→09-15 ‖ 父 d13d3c85	2026-09-14T13:28:37	49	49	d13d3c85		RUNNER-BASE d13d3c85…（v1.3.58 BASE · runner 恒拷 EPIRUS_BUNDLE_IN 的产物 · 584 枚共指 · **非血统**）	18c8953d87ed0842	-	0.06	-	-	-	15	0.05	0.12	0.01	0	0	0	-	-	250	multi	6
v7seat24-81	15	珠价 divW 0.06→0.3 · 角色多样性权 1→0 · 类别多样性权 1→0 ‖ 28 枚 ‖ 09-16→09-18 ‖ 父 d13d3c85	2026-09-18T04:51:05	81	81	d13d3c85		RUNNER-BASE d13d3c85…（v1.3.58 BASE · runner 恒拷 EPIRUS_BUNDLE_IN 的产物 · 584 枚共指 · **非血统**）	8da0b433c5eb2755	-	0.3	6	0	0	16	0.05	0.12	0.01	0	0	0	-	-	250	multi	6
v7seat24b-91	15	珠价 divW 0.06→0.3 · 角色多样性权 1→0 · 类别多样性权 1→0 ‖ 28 枚 ‖ 09-16→09-18 ‖ 父 d13d3c85	2026-09-18T05:00:14	91	91	d13d3c85		RUNNER-BASE d13d3c85…（v1.3.58 BASE · runner 恒拷 EPIRUS_BUNDLE_IN 的产物 · 584 枚共指 · **非血统**）	5256dd45c2052067	-	0.3	6	0	0	16	0.05	0.12	0.01	0	0	0	-	-	250	multi	6
v7smoke-31	24	零散实验（<6 枚的类合并） ‖ 47 枚 ‖ ined→ined ‖ 父 e379c62c,d13d3c85,d490dc13,-,3d7fca4e	2026-09-13T11:45:17	31	31	d13d3c85		RUNNER-BASE d13d3c85…（v1.3.58 BASE · runner 恒拷 EPIRUS_BUNDLE_IN 的产物 · 584 枚共指 · **非血统**）	68146c443af8c38b	-	0.06	-	-	-	12	0.05	0.12	0.01	0	0	0	-	-	8	multi	6
v7stock1-82	12	divK -→6 · 角色多样性权 -→0 · 类别多样性权 -→0 · 代数 500→250 ‖ 115 枚 ‖ 09-16→09-18 ‖ 父 d13d3c85	2026-09-17T05:09:38	82	82	d13d3c85		RUNNER-BASE d13d3c85…（v1.3.58 BASE · runner 恒拷 EPIRUS_BUNDLE_IN 的产物 · 584 枚共指 · **非血统**）	40c394b31e1fa124	-	0.06	6	0	0	16	0.05	0.12	0.01	0	0	0	-	-	250	multi	6
v7stock1-93	12	divK -→6 · 角色多样性权 -→0 · 类别多样性权 -→0 · 代数 500→250 ‖ 115 枚 ‖ 09-16→09-18 ‖ 父 d13d3c85	2026-09-17T05:12:35	93	93	d13d3c85		RUNNER-BASE d13d3c85…（v1.3.58 BASE · runner 恒拷 EPIRUS_BUNDLE_IN 的产物 · 584 枚共指 · **非血统**）	fb0c7cc1c50aa8f5	-	0.06	6	0	0	16	0.05	0.12	0.01	0	0	0	-	-	250	multi	6
v7stock2-82	12	divK -→6 · 角色多样性权 -→0 · 类别多样性权 -→0 · 代数 500→250 ‖ 115 枚 ‖ 09-16→09-18 ‖ 父 d13d3c85	2026-09-17T05:35:45	82	82	d13d3c85		RUNNER-BASE d13d3c85…（v1.3.58 BASE · runner 恒拷 EPIRUS_BUNDLE_IN 的产物 · 584 枚共指 · **非血统**）	1be32c187b138436	-	0.06	6	0	0	16	0.05	0.12	0.01	0	0	0	-	-	250	multi	6
v7stock2-93	12	divK -→6 · 角色多样性权 -→0 · 类别多样性权 -→0 · 代数 500→250 ‖ 115 枚 ‖ 09-16→09-18 ‖ 父 d13d3c85	2026-09-17T05:39:12	93	93	d13d3c85		RUNNER-BASE d13d3c85…（v1.3.58 BASE · runner 恒拷 EPIRUS_BUNDLE_IN 的产物 · 584 枚共指 · **非血统**）	f296a979ad4bab84	-	0.06	6	0	0	16	0.05	0.12	0.01	0	0	0	-	-	250	multi	6
v7sub1-82	12	divK -→6 · 角色多样性权 -→0 · 类别多样性权 -→0 · 代数 500→250 ‖ 115 枚 ‖ 09-16→09-18 ‖ 父 d13d3c85	2026-09-17T14:07:54	82	82	d13d3c85		RUNNER-BASE d13d3c85…（v1.3.58 BASE · runner 恒拷 EPIRUS_BUNDLE_IN 的产物 · 584 枚共指 · **非血统**）	c58d051d2725bdf0	-	0.06	6	0	0	16	0.05	0.12	0.01	0	0	0	-	-	250	multi	6
v7sub1-93	12	divK -→6 · 角色多样性权 -→0 · 类别多样性权 -→0 · 代数 500→250 ‖ 115 枚 ‖ 09-16→09-18 ‖ 父 d13d3c85	2026-09-17T14:11:56	93	93	d13d3c85		RUNNER-BASE d13d3c85…（v1.3.58 BASE · runner 恒拷 EPIRUS_BUNDLE_IN 的产物 · 584 枚共指 · **非血统**）	5f1eeb2446dfbe13	-	0.06	6	0	0	16	0.05	0.12	0.01	0	0	0	-	-	250	multi	6
v7t1-93	21	嵌入种子自 6→- ‖ 76 枚 ‖ 09-19→09-21 ‖ 父 1a6e180d,8358c7b7,a92a45d7,e7201989,0660c3d1,fb8c77d8,30c3cc67,03b35fca,c540a84c,d08ece17,f008171a,03e5411f	2026-09-20T17:09:24	93	93	8358c7b7	v7n1-93	v7n1-93	2b52e8c45d3c565f	56402bbf	0.3	6	0	0	22	0.05	0.12	0.01	0	0	0	-	-	250	multi	-
v7t2-93	21	嵌入种子自 6→- ‖ 76 枚 ‖ 09-19→09-21 ‖ 父 1a6e180d,8358c7b7,a92a45d7,e7201989,0660c3d1,fb8c77d8,30c3cc67,03b35fca,c540a84c,d08ece17,f008171a,03e5411f	2026-09-20T17:27:58	93	93	8358c7b7	v7n1-93	v7n1-93	d4284eff10e67184	56402bbf	0.3	6	0	0	22	0.05	0.12	0.01	0	0	0	-	-	250	multi	-
v7teach-35	7	对手池 12→15 ‖ 126 枚 ‖ 09-14→09-15 ‖ 父 d13d3c85	2026-09-14T04:50:37	35	35	d13d3c85		RUNNER-BASE d13d3c85…（v1.3.58 BASE · runner 恒拷 EPIRUS_BUNDLE_IN 的产物 · 584 枚共指 · **非血统**）	cdab4b8708105801	-	0.06	-	-	-	15	0.05	0.12	0.01	0	0	0	-	-	250	multi	6
v7tgt-44	10	珠价 divW 0.6→0.06 · 对手池 15→16 ‖ 12 枚 ‖ 09-16→09-16 ‖ 父 d13d3c85	2026-09-16T04:52:11	44	44	d13d3c85		RUNNER-BASE d13d3c85…（v1.3.58 BASE · runner 恒拷 EPIRUS_BUNDLE_IN 的产物 · 584 枚共指 · **非血统**）	fac0ea1c8a2325a9	-	0.06	-	-	-	16	0.05	0.12	0.01	0	0	0	-	-	250	multi	6
v7tgt3-31	10	珠价 divW 0.6→0.06 · 对手池 15→16 ‖ 12 枚 ‖ 09-16→09-16 ‖ 父 d13d3c85	2026-09-16T05:02:29	31	31	d13d3c85		RUNNER-BASE d13d3c85…（v1.3.58 BASE · runner 恒拷 EPIRUS_BUNDLE_IN 的产物 · 584 枚共指 · **非血统**）	ad084a1f4c98c04a	-	0.06	-	-	-	16	0.05	0.12	0.01	0	0	0	-	-	250	multi	6
v7tgt4-64	10	珠价 divW 0.6→0.06 · 对手池 15→16 ‖ 12 枚 ‖ 09-16→09-16 ‖ 父 d13d3c85	2026-09-16T10:30:43	64	64	d13d3c85		RUNNER-BASE d13d3c85…（v1.3.58 BASE · runner 恒拷 EPIRUS_BUNDLE_IN 的产物 · 584 枚共指 · **非血统**）	a32382a2e3a1214f	-	0.06	-	-	-	16	0.05	0.12	0.01	0	0	0	-	-	250	multi	6
v7tgt5-62	10	珠价 divW 0.6→0.06 · 对手池 15→16 ‖ 12 枚 ‖ 09-16→09-16 ‖ 父 d13d3c85	2026-09-16T10:41:01	62	62	d13d3c85		RUNNER-BASE d13d3c85…（v1.3.58 BASE · runner 恒拷 EPIRUS_BUNDLE_IN 的产物 · 584 枚共指 · **非血统**）	b2da91e48d37d018	-	0.06	-	-	-	16	0.05	0.12	0.01	0	0	0	-	-	250	multi	6
v7u1-82	21	嵌入种子自 6→- ‖ 76 枚 ‖ 09-19→09-21 ‖ 父 1a6e180d,8358c7b7,a92a45d7,e7201989,0660c3d1,fb8c77d8,30c3cc67,03b35fca,c540a84c,d08ece17,f008171a,03e5411f	2026-09-21T03:13:25	82	82	8358c7b7	v7n1-93	v7n1-93	36d9f858545e13d2	be6c2195	0.3	6	0	0	22	0.05	0.12	0.01	0	0	0	-	-	250	multi	-
v7w3c-81	15	珠价 divW 0.06→0.3 · 角色多样性权 1→0 · 类别多样性权 1→0 ‖ 28 枚 ‖ 09-16→09-18 ‖ 父 d13d3c85	2026-09-16T16:27:20	81	81	d13d3c85		RUNNER-BASE d13d3c85…（v1.3.58 BASE · runner 恒拷 EPIRUS_BUNDLE_IN 的产物 · 584 枚共指 · **非血统**）	f13fe57bd75dc373	-	0.3	6	0	0	16	0.05	0.12	0.01	0	0	0	-	-	250	multi	6
v7w3c-92	15	珠价 divW 0.06→0.3 · 角色多样性权 1→0 · 类别多样性权 1→0 ‖ 28 枚 ‖ 09-16→09-18 ‖ 父 d13d3c85	2026-09-16T16:31:47	92	92	d13d3c85		RUNNER-BASE d13d3c85…（v1.3.58 BASE · runner 恒拷 EPIRUS_BUNDLE_IN 的产物 · 584 枚共指 · **非血统**）	018551efec01e218	-	0.3	6	0	0	16	0.05	0.12	0.01	0	0	0	-	-	250	multi	6
v7w3r1-81	16	角色多样性权 0→1 · 类别多样性权 0→1 ‖ 6 枚 ‖ 09-16→09-16 ‖ 父 d13d3c85	2026-09-16T16:36:43	81	81	d13d3c85		RUNNER-BASE d13d3c85…（v1.3.58 BASE · runner 恒拷 EPIRUS_BUNDLE_IN 的产物 · 584 枚共指 · **非血统**）	657f30e13353bf1c	-	0.3	6	1	1	16	0.05	0.12	0.01	0	0	0	-	-	250	multi	6
v7w3r1-92	16	角色多样性权 0→1 · 类别多样性权 0→1 ‖ 6 枚 ‖ 09-16→09-16 ‖ 父 d13d3c85	2026-09-16T16:40:38	92	92	d13d3c85		RUNNER-BASE d13d3c85…（v1.3.58 BASE · runner 恒拷 EPIRUS_BUNDLE_IN 的产物 · 584 枚共指 · **非血统**）	61b39a94a7cd5a5c	-	0.3	6	1	1	16	0.05	0.12	0.01	0	0	0	-	-	250	multi	6
v7wall-33	7	对手池 12→15 ‖ 126 枚 ‖ 09-14→09-15 ‖ 父 d13d3c85	2026-09-14T04:23:54	33	33	d13d3c85		RUNNER-BASE d13d3c85…（v1.3.58 BASE · runner 恒拷 EPIRUS_BUNDLE_IN 的产物 · 584 枚共指 · **非血统**）	cab48220d93999d0	-	0.06	-	-	-	15	0.05	0.12	0.01	0	0	0	-	-	250	multi	6
v7wall1-31	12	divK -→6 · 角色多样性权 -→0 · 类别多样性权 -→0 · 代数 500→250 ‖ 115 枚 ‖ 09-16→09-18 ‖ 父 d13d3c85	2026-09-17T16:19:23	31	31	d13d3c85		RUNNER-BASE d13d3c85…（v1.3.58 BASE · runner 恒拷 EPIRUS_BUNDLE_IN 的产物 · 584 枚共指 · **非血统**）	50c328d4dc75c994	-	0.06	6	0	0	16	0.05	0.12	0.01	0	0	0	-	-	250	multi	6
v7wall1-91	12	divK -→6 · 角色多样性权 -→0 · 类别多样性权 -→0 · 代数 500→250 ‖ 115 枚 ‖ 09-16→09-18 ‖ 父 d13d3c85	2026-09-17T16:23:48	91	91	d13d3c85		RUNNER-BASE d13d3c85…（v1.3.58 BASE · runner 恒拷 EPIRUS_BUNDLE_IN 的产物 · 584 枚共指 · **非血统**）	ace43f4c9b36b872	-	0.06	6	0	0	16	0.05	0.12	0.01	0	0	0	-	-	250	multi	6
v7wall2-31	12	divK -→6 · 角色多样性权 -→0 · 类别多样性权 -→0 · 代数 500→250 ‖ 115 枚 ‖ 09-16→09-18 ‖ 父 d13d3c85	2026-09-17T16:32:47	31	31	d13d3c85		RUNNER-BASE d13d3c85…（v1.3.58 BASE · runner 恒拷 EPIRUS_BUNDLE_IN 的产物 · 584 枚共指 · **非血统**）	50c328d4dc75c994	-	0.06	6	0	0	16	0.05	0.12	0.01	0	0	0	-	-	250	multi	6
v7wall2-96	12	divK -→6 · 角色多样性权 -→0 · 类别多样性权 -→0 · 代数 500→250 ‖ 115 枚 ‖ 09-16→09-18 ‖ 父 d13d3c85	2026-09-17T16:36:53	96	96	d13d3c85		RUNNER-BASE d13d3c85…（v1.3.58 BASE · runner 恒拷 EPIRUS_BUNDLE_IN 的产物 · 584 枚共指 · **非血统**）	a7dd4ca7f9968d7b	-	0.06	6	0	0	16	0.05	0.12	0.01	0	0	0	-	-	250	multi	6
v7wall2-99	12	divK -→6 · 角色多样性权 -→0 · 类别多样性权 -→0 · 代数 500→250 ‖ 115 枚 ‖ 09-16→09-18 ‖ 父 d13d3c85	2026-09-17T16:41:12	99	99	d13d3c85		RUNNER-BASE d13d3c85…（v1.3.58 BASE · runner 恒拷 EPIRUS_BUNDLE_IN 的产物 · 584 枚共指 · **非血统**）	8a1b17b100350909	-	0.06	6	0	0	16	0.05	0.12	0.01	0	0	0	-	-	250	multi	6
v7ws1-82	19	珠价 divW 0.06→0.3 · 对手池 17→20 ‖ 48 枚 ‖ 09-19→09-19 ‖ 父 d13d3c85	2026-09-19T08:05:20	82	82	d13d3c85		RUNNER-BASE d13d3c85…（v1.3.58 BASE · runner 恒拷 EPIRUS_BUNDLE_IN 的产物 · 584 枚共指 · **非血统**）	422c0b490585ac7d	-	0.3	6	0	0	20	0.05	0.12	0.01	0	0	0	-	-	250	multi	6
v7ws1-93	19	珠价 divW 0.06→0.3 · 对手池 17→20 ‖ 48 枚 ‖ 09-19→09-19 ‖ 父 d13d3c85	2026-09-19T08:12:32	93	93	d13d3c85		RUNNER-BASE d13d3c85…（v1.3.58 BASE · runner 恒拷 EPIRUS_BUNDLE_IN 的产物 · 584 枚共指 · **非血统**）	8c6248bca7c09a08	-	0.3	6	0	0	20	0.05	0.12	0.01	0	0	0	-	-	250	multi	6
v7ws2-82	19	珠价 divW 0.06→0.3 · 对手池 17→20 ‖ 48 枚 ‖ 09-19→09-19 ‖ 父 d13d3c85	2026-09-19T08:20:29	82	82	d13d3c85		RUNNER-BASE d13d3c85…（v1.3.58 BASE · runner 恒拷 EPIRUS_BUNDLE_IN 的产物 · 584 枚共指 · **非血统**）	d1fbb9b696fb5d67	-	0.3	6	0	0	20	0.05	0.12	0.01	0	0	0	-	-	250	multi	6
v7ws2-93	19	珠价 divW 0.06→0.3 · 对手池 17→20 ‖ 48 枚 ‖ 09-19→09-19 ‖ 父 d13d3c85	2026-09-19T08:28:53	93	93	d13d3c85		RUNNER-BASE d13d3c85…（v1.3.58 BASE · runner 恒拷 EPIRUS_BUNDLE_IN 的产物 · 584 枚共指 · **非血统**）	e797ba90a4360132	-	0.3	6	0	0	20	0.05	0.12	0.01	0	0	0	-	-	250	multi	6
v9-32	7	对手池 12→15 ‖ 126 枚 ‖ 09-14→09-15 ‖ 父 d13d3c85	2026-09-14T16:02:22	32	32	d13d3c85		RUNNER-BASE d13d3c85…（v1.3.58 BASE · runner 恒拷 EPIRUS_BUNDLE_IN 的产物 · 584 枚共指 · **非血统**）	c1beff4ccd84659f	-	0.06	-	-	-	15	0.05	0.12	0.01	0	0	0	-	-	250	multi	6
v9-35	7	对手池 12→15 ‖ 126 枚 ‖ 09-14→09-15 ‖ 父 d13d3c85	2026-09-14T16:05:29	35	35	d13d3c85		RUNNER-BASE d13d3c85…（v1.3.58 BASE · runner 恒拷 EPIRUS_BUNDLE_IN 的产物 · 584 枚共指 · **非血统**）	653a1d6688f6e8c4	-	0.06	-	-	-	15	0.05	0.12	0.01	0	0	0	-	-	250	multi	6
v9-42	7	对手池 12→15 ‖ 126 枚 ‖ 09-14→09-15 ‖ 父 d13d3c85	2026-09-14T16:08:43	42	42	d13d3c85		RUNNER-BASE d13d3c85…（v1.3.58 BASE · runner 恒拷 EPIRUS_BUNDLE_IN 的产物 · 584 枚共指 · **非血统**）	77c5e72c4021c0a8	-	0.06	-	-	-	15	0.05	0.12	0.01	0	0	0	-	-	250	multi	6
v9-45	7	对手池 12→15 ‖ 126 枚 ‖ 09-14→09-15 ‖ 父 d13d3c85	2026-09-14T16:11:37	45	45	d13d3c85		RUNNER-BASE d13d3c85…（v1.3.58 BASE · runner 恒拷 EPIRUS_BUNDLE_IN 的产物 · 584 枚共指 · **非血统**）	e864a32ffa319a32	-	0.06	-	-	-	15	0.05	0.12	0.01	0	0	0	-	-	250	multi	6
SHIPPED-Ldemo	23	代数 400→1200 ‖ 159 枚 ‖ 09-27→10-02 ‖ 父 3d7fca4e,d490dc13	2026-09-27T08:55:34	31	Ldemo	3d7fca4e	E51-t8-713	E51-t8-713	d490dc136293cfc4	2c061b15	-	-	-	-	-	-	-	-	-	-	-	-	-	1200	-	-
def-32	4	对手池 12→15 ‖ 12 枚 ‖ 09-13→09-13 ‖ 父 e379c62c	2026-09-13T03:06:53	32	32	e379c62c	champion-5p-ab2-base	champion-5p-ab2-base	689677ace6010f5c	-	-	-	-	-	15	-	-	-	-	-	0	-	-	250	multi	-
def-35	4	对手池 12→15 ‖ 12 枚 ‖ 09-13→09-13 ‖ 父 e379c62c	2026-09-13T03:10:26	35	35	e379c62c	champion-5p-ab2-base	champion-5p-ab2-base	606d0b4adee1fdde	-	-	-	-	-	15	-	-	-	-	-	0	-	-	250	multi	-
eco-32	3	风格权重 0.5→0 ‖ 26 枚 ‖ 09-13→09-13 ‖ 父 e379c62c	2026-09-13T02:59:25	32	32	e379c62c	champion-5p-ab2-base	champion-5p-ab2-base	274774ec772acbf6	-	-	-	-	-	12	-	-	-	-	-	0	-	-	250	multi	-
eco-34-v7c	3	风格权重 0.5→0 ‖ 26 枚 ‖ 09-13→09-13 ‖ 父 e379c62c	2026-09-13T03:01:08	34	v7c	e379c62c	champion-5p-ab2-base	champion-5p-ab2-base	d960dd589dad97e4	-	-	-	-	-	12	-	-	-	-	-	0	-	-	250	multi	-
eco-36	3	风格权重 0.5→0 ‖ 26 枚 ‖ 09-13→09-13 ‖ 父 e379c62c	2026-09-13T03:02:37	36	36	e379c62c	champion-5p-ab2-base	champion-5p-ab2-base	986f9aff265c21bf	-	-	-	-	-	12	-	-	-	-	-	0	-	-	250	multi	-
eco2-33	3	风格权重 0.5→0 ‖ 26 枚 ‖ 09-13→09-13 ‖ 父 e379c62c	2026-09-13T03:33:42	33	33	e379c62c	champion-5p-ab2-base	champion-5p-ab2-base	93e50f3cc34626cb	-	-	-	-	-	12	-	-	-	-	-	0	-	-	250	multi	-
eco2-36	3	风格权重 0.5→0 ‖ 26 枚 ‖ 09-13→09-13 ‖ 父 e379c62c	2026-09-13T03:36:24	36	36	e379c62c	champion-5p-ab2-base	champion-5p-ab2-base	aea8bc34133df283	-	-	-	-	-	12	-	-	-	-	-	0	-	-	250	multi	-
fgtA-33	3	风格权重 0.5→0 ‖ 26 枚 ‖ 09-13→09-13 ‖ 父 e379c62c	2026-09-13T03:50:44	33	33	e379c62c	champion-5p-ab2-base	champion-5p-ab2-base	7feee7a1caa1d4bc	-	-	-	-	-	12	-	-	-	-	-	0	-	-	250	multi	-
fgtA-36	3	风格权重 0.5→0 ‖ 26 枚 ‖ 09-13→09-13 ‖ 父 e379c62c	2026-09-13T03:53:22	36	36	e379c62c	champion-5p-ab2-base	champion-5p-ab2-base	f76094f5f448bd81	-	-	-	-	-	12	-	-	-	-	-	0	-	-	250	multi	-
fgtB-33	4	对手池 12→15 ‖ 12 枚 ‖ 09-13→09-13 ‖ 父 e379c62c	2026-09-13T03:59:57	33	33	e379c62c	champion-5p-ab2-base	champion-5p-ab2-base	3ef127b666019f97	-	-	-	-	-	15	-	-	-	-	-	0	-	-	250	multi	-
fgtB-36	4	对手池 12→15 ‖ 12 枚 ‖ 09-13→09-13 ‖ 父 e379c62c	2026-09-13T04:04:50	36	36	e379c62c	champion-5p-ab2-base	champion-5p-ab2-base	69bcd0bf378e6f77	-	-	-	-	-	15	-	-	-	-	-	0	-	-	250	multi	-
fstA-33	5	珠价 divW -→0.06 · 囤珠奖励 -→0.05 · 囤珠惩罚 -→0.12 · 输出权重 -→0.05 · 先手权重 -→0.08 · 吹哨惩罚 -→0 · 对手池 15→12 ‖ 6 枚 ‖ 09-13→09-13 ‖ 父 e379c62c	2026-09-13T06:11:08	33	33	e379c62c	champion-5p-ab2-base	champion-5p-ab2-base	007ecf8865d8fc93	-	0.06	-	-	-	12	0.05	0.12	0.05	0.08	0	0	-	-	250	multi	-
fstA-36	5	珠价 divW -→0.06 · 囤珠奖励 -→0.05 · 囤珠惩罚 -→0.12 · 输出权重 -→0.05 · 先手权重 -→0.08 · 吹哨惩罚 -→0 · 对手池 15→12 ‖ 6 枚 ‖ 09-13→09-13 ‖ 父 e379c62c	2026-09-13T06:13:14	36	36	e379c62c	champion-5p-ab2-base	champion-5p-ab2-base	79f75d9c7a1c84ef	-	0.06	-	-	-	12	0.05	0.12	0.05	0.08	0	0	-	-	250	multi	-
mix-32	1	珠价 divW=- · 对手池=16 ‖ 6 枚 ‖ 09-12→09-12 ‖ 父 e379c62c	2026-09-12T14:26:05	32	32	e379c62c	champion-5p-ab2-base	champion-5p-ab2-base	3fe42380da06f33f	-	-	-	-	-	16	-	-	-	-	-	-	-	-	250	multi	-
mix-35	1	珠价 divW=- · 对手池=16 ‖ 6 枚 ‖ 09-12→09-12 ‖ 父 e379c62c	2026-09-12T14:31:13	35	35	e379c62c	champion-5p-ab2-base	champion-5p-ab2-base	9f7b2614aa49b8bc	-	-	-	-	-	16	-	-	-	-	-	-	-	-	250	multi	-
r61fix-81	19	珠价 divW 0.06→0.3 · 对手池 17→20 ‖ 48 枚 ‖ 09-19→09-19 ‖ 父 d13d3c85	2026-09-19T14:00:12	81	81	d13d3c85		RUNNER-BASE d13d3c85…（v1.3.58 BASE · runner 恒拷 EPIRUS_BUNDLE_IN 的产物 · 584 枚共指 · **非血统**）	e81649a96584c70b	-	0.3	6	0	0	20	0.05	0.12	0.01	0	0	0	-	-	250	multi	6
r61fix-92	19	珠价 divW 0.06→0.3 · 对手池 17→20 ‖ 48 枚 ‖ 09-19→09-19 ‖ 父 d13d3c85	2026-09-19T14:06:01	92	92	d13d3c85		RUNNER-BASE d13d3c85…（v1.3.58 BASE · runner 恒拷 EPIRUS_BUNDLE_IN 的产物 · 584 枚共指 · **非血统**）	1f42af27d61b38ea	-	0.3	6	0	0	20	0.05	0.12	0.01	0	0	0	-	-	250	multi	6
rwd0-32	3	风格权重 0.5→0 ‖ 26 枚 ‖ 09-13→09-13 ‖ 父 e379c62c	2026-09-13T03:14:18	32	32	e379c62c	champion-5p-ab2-base	champion-5p-ab2-base	05cbf605303eec16	-	-	-	-	-	12	-	-	-	-	-	0	-	-	250	multi	-
rwd0-35	3	风格权重 0.5→0 ‖ 26 枚 ‖ 09-13→09-13 ‖ 父 e379c62c	2026-09-13T03:16:33	35	35	e379c62c	champion-5p-ab2-base	champion-5p-ab2-base	019b16db7c7173ed	-	-	-	-	-	12	-	-	-	-	-	0	-	-	250	multi	-
seedtest2-41	24	零散实验（<6 枚的类合并） ‖ 47 枚 ‖ ined→ined ‖ 父 e379c62c,d13d3c85,d490dc13,-,3d7fca4e	2026-09-14T15:42:53	41	41	d13d3c85		RUNNER-BASE d13d3c85…（v1.3.58 BASE · runner 恒拷 EPIRUS_BUNDLE_IN 的产物 · 584 枚共指 · **非血统**）	794506667ff2ed9d	-	0.06	-	-	-	15	0.05	0.12	0.01	0	0	0	-	-	40	multi	6
sty-33	2	风格权重 -→0.5 · 对手池 16→12 ‖ 6 枚 ‖ 09-12→09-12 ‖ 父 e379c62c	2026-09-12T14:51:45	33	33	e379c62c	champion-5p-ab2-base	champion-5p-ab2-base	cbf8c3e33cfab640	-	-	-	-	-	12	-	-	-	-	-	0.5	-	-	250	multi	-
sty-36	2	风格权重 -→0.5 · 对手池 16→12 ‖ 6 枚 ‖ 09-12→09-12 ‖ 父 e379c62c	2026-09-12T14:54:40	36	36	e379c62c	champion-5p-ab2-base	champion-5p-ab2-base	002bf83eef70c90d	-	-	-	-	-	12	-	-	-	-	-	0.5	-	-	250	multi	-
v11-62	7	对手池 12→15 ‖ 126 枚 ‖ 09-14→09-15 ‖ 父 d13d3c85	2026-09-15T11:18:35	62	62	d13d3c85		RUNNER-BASE d13d3c85…（v1.3.58 BASE · runner 恒拷 EPIRUS_BUNDLE_IN 的产物 · 584 枚共指 · **非血统**）	4bcf5457df8f2844	-	0.06	-	-	-	15	0.05	0.12	0.01	0	0	0	-	-	250	multi	6
v11-65	7	对手池 12→15 ‖ 126 枚 ‖ 09-14→09-15 ‖ 父 d13d3c85	2026-09-15T11:20:46	65	65	d13d3c85		RUNNER-BASE d13d3c85…（v1.3.58 BASE · runner 恒拷 EPIRUS_BUNDLE_IN 的产物 · 584 枚共指 · **非血统**）	185fcd2ed0cd05b0	-	0.06	-	-	-	15	0.05	0.12	0.01	0	0	0	-	-	250	multi	6
v11-72	7	对手池 12→15 ‖ 126 枚 ‖ 09-14→09-15 ‖ 父 d13d3c85	2026-09-15T11:23:16	72	72	d13d3c85		RUNNER-BASE d13d3c85…（v1.3.58 BASE · runner 恒拷 EPIRUS_BUNDLE_IN 的产物 · 584 枚共指 · **非血统**）	5fdedb9122083b2e	-	0.06	-	-	-	15	0.05	0.12	0.01	0	0	0	-	-	250	multi	6
v11-75	7	对手池 12→15 ‖ 126 枚 ‖ 09-14→09-15 ‖ 父 d13d3c85	2026-09-15T11:25:22	75	75	d13d3c85		RUNNER-BASE d13d3c85…（v1.3.58 BASE · runner 恒拷 EPIRUS_BUNDLE_IN 的产物 · 584 枚共指 · **非血统**）	77f7b7721b7bfeb4	-	0.06	-	-	-	15	0.05	0.12	0.01	0	0	0	-	-	250	multi	6
v12-81	9	珠价 divW 0.06→0.6 · 对手池 18→15 ‖ 13 枚 ‖ 09-15→09-15 ‖ 父 d13d3c85	2026-09-15T11:31:25	81	81	d13d3c85		RUNNER-BASE d13d3c85…（v1.3.58 BASE · runner 恒拷 EPIRUS_BUNDLE_IN 的产物 · 584 枚共指 · **非血统**）	b70e18bfa70fd248	-	0.6	-	-	-	15	0.05	0.12	0.01	0	0	0	-	-	250	multi	6
v12-84	9	珠价 divW 0.06→0.6 · 对手池 18→15 ‖ 13 枚 ‖ 09-15→09-15 ‖ 父 d13d3c85	2026-09-15T11:33:37	84	84	d13d3c85		RUNNER-BASE d13d3c85…（v1.3.58 BASE · runner 恒拷 EPIRUS_BUNDLE_IN 的产物 · 584 枚共指 · **非血统**）	1d79dec1e4775eb9	-	0.6	-	-	-	15	0.05	0.12	0.01	0	0	0	-	-	250	multi	6
v12-91	9	珠价 divW 0.06→0.6 · 对手池 18→15 ‖ 13 枚 ‖ 09-15→09-15 ‖ 父 d13d3c85	2026-09-15T11:35:35	91	91	d13d3c85		RUNNER-BASE d13d3c85…（v1.3.58 BASE · runner 恒拷 EPIRUS_BUNDLE_IN 的产物 · 584 枚共指 · **非血统**）	13616c9f03d76592	-	0.6	-	-	-	15	0.05	0.12	0.01	0	0	0	-	-	250	multi	6
v12-94	9	珠价 divW 0.06→0.6 · 对手池 18→15 ‖ 13 枚 ‖ 09-15→09-15 ‖ 父 d13d3c85	2026-09-15T11:37:38	94	94	d13d3c85		RUNNER-BASE d13d3c85…（v1.3.58 BASE · runner 恒拷 EPIRUS_BUNDLE_IN 的产物 · 584 枚共指 · **非血统**）	b9af0533dda60e8e	-	0.6	-	-	-	15	0.05	0.12	0.01	0	0	0	-	-	250	multi	6
v13-101	7	对手池 12→15 ‖ 126 枚 ‖ 09-14→09-15 ‖ 父 d13d3c85	2026-09-15T12:39:44	101	101	d13d3c85		RUNNER-BASE d13d3c85…（v1.3.58 BASE · runner 恒拷 EPIRUS_BUNDLE_IN 的产物 · 584 枚共指 · **非血统**）	83886bd0014842a7	-	0.06	-	-	-	15	0.05	0.12	0.01	0	0	0	-	-	250	multi	6
v13-104	7	对手池 12→15 ‖ 126 枚 ‖ 09-14→09-15 ‖ 父 d13d3c85	2026-09-15T12:42:13	104	104	d13d3c85		RUNNER-BASE d13d3c85…（v1.3.58 BASE · runner 恒拷 EPIRUS_BUNDLE_IN 的产物 · 584 枚共指 · **非血统**）	27d239ad6c33b067	-	0.06	-	-	-	15	0.05	0.12	0.01	0	0	0	-	-	250	multi	6
v13-31	7	对手池 12→15 ‖ 126 枚 ‖ 09-14→09-15 ‖ 父 d13d3c85	2026-09-15T12:38:59	31	31	d13d3c85		RUNNER-BASE d13d3c85…（v1.3.58 BASE · runner 恒拷 EPIRUS_BUNDLE_IN 的产物 · 584 枚共指 · **非血统**）	ed7ad764facc6eb0	-	0.06	-	-	-	15	0.05	0.12	0.01	0	0	0	-	-	250	multi	6
v14-113	7	对手池 12→15 ‖ 126 枚 ‖ 09-14→09-15 ‖ 父 d13d3c85	2026-09-15T12:55:12	113	113	d13d3c85		RUNNER-BASE d13d3c85…（v1.3.58 BASE · runner 恒拷 EPIRUS_BUNDLE_IN 的产物 · 584 枚共指 · **非血统**）	23fa255a6082c6d8	-	0.06	-	-	-	15	0.05	0.12	0.01	0	0	0	-	-	250	multi	6
v14-116	7	对手池 12→15 ‖ 126 枚 ‖ 09-14→09-15 ‖ 父 d13d3c85	2026-09-15T12:58:08	116	116	d13d3c85		RUNNER-BASE d13d3c85…（v1.3.58 BASE · runner 恒拷 EPIRUS_BUNDLE_IN 的产物 · 584 枚共指 · **非血统**）	6594bfac60a500a6	-	0.06	-	-	-	15	0.05	0.12	0.01	0	0	0	-	-	250	multi	6
v15-122	7	对手池 12→15 ‖ 126 枚 ‖ 09-14→09-15 ‖ 父 d13d3c85	2026-09-15T13:45:07	122	122	d13d3c85		RUNNER-BASE d13d3c85…（v1.3.58 BASE · runner 恒拷 EPIRUS_BUNDLE_IN 的产物 · 584 枚共指 · **非血统**）	5d6db4775580634b	-	0.06	-	-	-	15	0.05	0.12	0.01	0	0	0	-	-	250	multi	6
v15-125	7	对手池 12→15 ‖ 126 枚 ‖ 09-14→09-15 ‖ 父 d13d3c85	2026-09-15T13:48:05	125	125	d13d3c85		RUNNER-BASE d13d3c85…（v1.3.58 BASE · runner 恒拷 EPIRUS_BUNDLE_IN 的产物 · 584 枚共指 · **非血统**）	ae4a8defedba7861	-	0.06	-	-	-	15	0.05	0.12	0.01	0	0	0	-	-	250	multi	6
v16-131	7	对手池 12→15 ‖ 126 枚 ‖ 09-14→09-15 ‖ 父 d13d3c85	2026-09-15T13:54:42	131	131	d13d3c85		RUNNER-BASE d13d3c85…（v1.3.58 BASE · runner 恒拷 EPIRUS_BUNDLE_IN 的产物 · 584 枚共指 · **非血统**）	df6c5516494b1b0b	-	0.06	-	-	-	15	0.05	0.12	0.01	0	0	0	-	-	250	multi	6
v16-134	7	对手池 12→15 ‖ 126 枚 ‖ 09-14→09-15 ‖ 父 d13d3c85	2026-09-15T13:57:34	134	134	d13d3c85		RUNNER-BASE d13d3c85…（v1.3.58 BASE · runner 恒拷 EPIRUS_BUNDLE_IN 的产物 · 584 枚共指 · **非血统**）	48b742f6bba69fac	-	0.06	-	-	-	15	0.05	0.12	0.01	0	0	0	-	-	250	multi	6
v16-31	7	对手池 12→15 ‖ 126 枚 ‖ 09-14→09-15 ‖ 父 d13d3c85	2026-09-15T13:53:53	31	31	d13d3c85		RUNNER-BASE d13d3c85…（v1.3.58 BASE · runner 恒拷 EPIRUS_BUNDLE_IN 的产物 · 584 枚共指 · **非血统**）	6ed7217d0278bae8	-	0.06	-	-	-	15	0.05	0.12	0.01	0	0	0	-	-	250	multi	6
v17-143	7	对手池 12→15 ‖ 126 枚 ‖ 09-14→09-15 ‖ 父 d13d3c85	2026-09-15T14:07:01	143	143	d13d3c85		RUNNER-BASE d13d3c85…（v1.3.58 BASE · runner 恒拷 EPIRUS_BUNDLE_IN 的产物 · 584 枚共指 · **非血统**）	6bcb77cbe4d81ee9	-	0.06	-	-	-	15	0.05	0.12	0.01	0	0	0	-	-	250	multi	6
v17-146	7	对手池 12→15 ‖ 126 枚 ‖ 09-14→09-15 ‖ 父 d13d3c85	2026-09-15T14:11:08	146	146	d13d3c85		RUNNER-BASE d13d3c85…（v1.3.58 BASE · runner 恒拷 EPIRUS_BUNDLE_IN 的产物 · 584 枚共指 · **非血统**）	12e1e49019fb9a7b	-	0.06	-	-	-	15	0.05	0.12	0.01	0	0	0	-	-	250	multi	6
v7a-32	6	输出权重 0.05→0.01 · 先手权重 0.08→0 · 嵌入种子自 -→6 ‖ 41 枚 ‖ 09-13→09-13 ‖ 父 d13d3c85	2026-09-13T11:46:47	32	32	d13d3c85		RUNNER-BASE d13d3c85…（v1.3.58 BASE · runner 恒拷 EPIRUS_BUNDLE_IN 的产物 · 584 枚共指 · **非血统**）	bb3fb69f94d31fb8	-	0.06	-	-	-	12	0.05	0.12	0.01	0	0	0	-	-	250	multi	6
v7a-35	6	输出权重 0.05→0.01 · 先手权重 0.08→0 · 嵌入种子自 -→6 ‖ 41 枚 ‖ 09-13→09-13 ‖ 父 d13d3c85	2026-09-13T11:48:08	35	35	d13d3c85		RUNNER-BASE d13d3c85…（v1.3.58 BASE · runner 恒拷 EPIRUS_BUNDLE_IN 的产物 · 584 枚共指 · **非血统**）	f020ce0e2fef3aad	-	0.06	-	-	-	12	0.05	0.12	0.01	0	0	0	-	-	250	multi	6
v7aim1-81	20	对手池 20→22 ‖ 18 枚 ‖ 09-19→09-20 ‖ 父 d13d3c85	2026-09-19T15:46:31	81	81	d13d3c85		RUNNER-BASE d13d3c85…（v1.3.58 BASE · runner 恒拷 EPIRUS_BUNDLE_IN 的产物 · 584 枚共指 · **非血统**）	d415d798d3c40547	-	0.3	6	0	0	22	0.05	0.12	0.01	0	0	0	-	-	250	multi	6
v7aim1-92	20	对手池 20→22 ‖ 18 枚 ‖ 09-19→09-20 ‖ 父 d13d3c85	2026-09-19T15:56:15	92	92	d13d3c85		RUNNER-BASE d13d3c85…（v1.3.58 BASE · runner 恒拷 EPIRUS_BUNDLE_IN 的产物 · 584 枚共指 · **非血统**）	90384a6033647603	-	0.3	6	0	0	22	0.05	0.12	0.01	0	0	0	-	-	250	multi	6
v7aim1f-82	20	对手池 20→22 ‖ 18 枚 ‖ 09-19→09-20 ‖ 父 d13d3c85	2026-09-20T06:11:03	82	82	d13d3c85		RUNNER-BASE d13d3c85…（v1.3.58 BASE · runner 恒拷 EPIRUS_BUNDLE_IN 的产物 · 584 枚共指 · **非血统**）	e4aecf1d62980acb	-	0.3	6	0	0	22	0.05	0.12	0.01	0	0	0	-	-	250	multi	6
v7aim2-82	21	嵌入种子自 6→- ‖ 76 枚 ‖ 09-19→09-21 ‖ 父 1a6e180d,8358c7b7,a92a45d7,e7201989,0660c3d1,fb8c77d8,30c3cc67,03b35fca,c540a84c,d08ece17,f008171a,03e5411f	2026-09-19T16:16:10	82	82	1a6e180d	v7aim1-82	v7aim1-82	e72019890609a8f4	-	0.3	6	0	0	22	0.05	0.12	0.01	0	0	0	-	-	250	multi	-
v7aim3-82	21	嵌入种子自 6→- ‖ 76 枚 ‖ 09-19→09-21 ‖ 父 1a6e180d,8358c7b7,a92a45d7,e7201989,0660c3d1,fb8c77d8,30c3cc67,03b35fca,c540a84c,d08ece17,f008171a,03e5411f	2026-09-19T17:03:36	82	82	1a6e180d	v7aim1-82	v7aim1-82	66f2d3b9dd4231bb	-	0.3	6	0	0	22	0.05	0.12	0.01	0	0	0	-	-	250	multi	-
v7attr-31	8	对手池 15→18 ‖ 13 枚 ‖ 09-14→09-14 ‖ 父 d13d3c85	2026-09-14T10:30:17	31	31	d13d3c85		RUNNER-BASE d13d3c85…（v1.3.58 BASE · runner 恒拷 EPIRUS_BUNDLE_IN 的产物 · 584 枚共指 · **非血统**）	92019f26a80a056d	-	0.06	-	-	-	18	0.05	0.12	0.01	0	0	0	-	-	250	multi	6
v7b-37	6	输出权重 0.05→0.01 · 先手权重 0.08→0 · 嵌入种子自 -→6 ‖ 41 枚 ‖ 09-13→09-13 ‖ 父 d13d3c85	2026-09-13T11:55:44	37	37	d13d3c85		RUNNER-BASE d13d3c85…（v1.3.58 BASE · runner 恒拷 EPIRUS_BUNDLE_IN 的产物 · 584 枚共指 · **非血统**）	c76335f8f42135f9	-	0.06	-	-	-	12	0.05	0.12	0.01	0	0	0	-	-	250	multi	6
v7b-40	6	输出权重 0.05→0.01 · 先手权重 0.08→0 · 嵌入种子自 -→6 ‖ 41 枚 ‖ 09-13→09-13 ‖ 父 d13d3c85	2026-09-13T11:56:53	40	40	d13d3c85		RUNNER-BASE d13d3c85…（v1.3.58 BASE · runner 恒拷 EPIRUS_BUNDLE_IN 的产物 · 584 枚共指 · **非血统**）	54c7e5aade64c54a	-	0.06	-	-	-	12	0.05	0.12	0.01	0	0	0	-	-	250	multi	6
v7b-43	6	输出权重 0.05→0.01 · 先手权重 0.08→0 · 嵌入种子自 -→6 ‖ 41 枚 ‖ 09-13→09-13 ‖ 父 d13d3c85	2026-09-13T11:58:05	43	43	d13d3c85		RUNNER-BASE d13d3c85…（v1.3.58 BASE · runner 恒拷 EPIRUS_BUNDLE_IN 的产物 · 584 枚共指 · **非血统**）	af421684ad43b368	-	0.06	-	-	-	12	0.05	0.12	0.01	0	0	0	-	-	250	multi	6
v7b-46	6	输出权重 0.05→0.01 · 先手权重 0.08→0 · 嵌入种子自 -→6 ‖ 41 枚 ‖ 09-13→09-13 ‖ 父 d13d3c85	2026-09-13T11:59:14	46	46	d13d3c85		RUNNER-BASE d13d3c85…（v1.3.58 BASE · runner 恒拷 EPIRUS_BUNDLE_IN 的产物 · 584 枚共指 · **非血统**）	eb0dd651d18dcdff	-	0.06	-	-	-	12	0.05	0.12	0.01	0	0	0	-	-	250	multi	6
v7bead1-31	21	嵌入种子自 6→- ‖ 76 枚 ‖ 09-19→09-21 ‖ 父 1a6e180d,8358c7b7,a92a45d7,e7201989,0660c3d1,fb8c77d8,30c3cc67,03b35fca,c540a84c,d08ece17,f008171a,03e5411f	2026-09-21T04:21:04	31	31	8358c7b7	v7n1-93	v7n1-93	2963faea1c0dfea8	be6c2195	0.3	6	0	0	22	0.05	0.12	0.01	0	0	0	-	-	250	multi	-
v7bead100-31	21	嵌入种子自 6→- ‖ 76 枚 ‖ 09-19→09-21 ‖ 父 1a6e180d,8358c7b7,a92a45d7,e7201989,0660c3d1,fb8c77d8,30c3cc67,03b35fca,c540a84c,d08ece17,f008171a,03e5411f	2026-09-21T06:40:15	31	31	8358c7b7	v7n1-93	v7n1-93	1b0ea81dc9547c3c	be6c2195	0.3	6	0	0	22	0.05	0.12	0.01	0	0	0	-	-	250	multi	-
v7bead15-31	21	嵌入种子自 6→- ‖ 76 枚 ‖ 09-19→09-21 ‖ 父 1a6e180d,8358c7b7,a92a45d7,e7201989,0660c3d1,fb8c77d8,30c3cc67,03b35fca,c540a84c,d08ece17,f008171a,03e5411f	2026-09-21T06:08:09	31	31	8358c7b7	v7n1-93	v7n1-93	ba844e32c1414a32	be6c2195	0.3	6	0	0	22	0.05	0.12	0.01	0	0	0	-	-	250	multi	-
v7bead2-31	21	嵌入种子自 6→- ‖ 76 枚 ‖ 09-19→09-21 ‖ 父 1a6e180d,8358c7b7,a92a45d7,e7201989,0660c3d1,fb8c77d8,30c3cc67,03b35fca,c540a84c,d08ece17,f008171a,03e5411f	2026-09-21T04:41:11	31	31	8358c7b7	v7n1-93	v7n1-93	668f746a1bb21568	be6c2195	0.3	6	0	0	22	0.05	0.12	0.01	0	0	0	-	-	250	multi	-
v7bead25-31	21	嵌入种子自 6→- ‖ 76 枚 ‖ 09-19→09-21 ‖ 父 1a6e180d,8358c7b7,a92a45d7,e7201989,0660c3d1,fb8c77d8,30c3cc67,03b35fca,c540a84c,d08ece17,f008171a,03e5411f	2026-09-21T06:21:44	31	31	8358c7b7	v7n1-93	v7n1-93	382330da6833766c	be6c2195	0.3	6	0	0	22	0.05	0.12	0.01	0	0	0	-	-	250	multi	-
v7bead3-31	21	嵌入种子自 6→- ‖ 76 枚 ‖ 09-19→09-21 ‖ 父 1a6e180d,8358c7b7,a92a45d7,e7201989,0660c3d1,fb8c77d8,30c3cc67,03b35fca,c540a84c,d08ece17,f008171a,03e5411f	2026-09-21T05:06:03	31	31	8358c7b7	v7n1-93	v7n1-93	55c7af3588c45432	be6c2195	0.3	6	0	0	22	0.05	0.12	0.01	0	0	0	-	-	250	multi	-
v7beadseed-31	21	嵌入种子自 6→- ‖ 76 枚 ‖ 09-19→09-21 ‖ 父 1a6e180d,8358c7b7,a92a45d7,e7201989,0660c3d1,fb8c77d8,30c3cc67,03b35fca,c540a84c,d08ece17,f008171a,03e5411f	2026-09-21T08:22:16	31	31	8358c7b7	v7n1-93	v7n1-93	f7d49de4aa44b479	be6c2195	0.3	6	0	0	22	0.05	0.12	0.01	0	0	0	-	-	250	multi	-
v7big1-31	19	珠价 divW 0.06→0.3 · 对手池 17→20 ‖ 48 枚 ‖ 09-19→09-19 ‖ 父 d13d3c85	2026-09-19T09:22:13	31	31	d13d3c85		RUNNER-BASE d13d3c85…（v1.3.58 BASE · runner 恒拷 EPIRUS_BUNDLE_IN 的产物 · 584 枚共指 · **非血统**）	a47271eedc4a0679	-	0.3	6	0	0	20	0.05	0.12	0.01	0	0	0	-	-	250	multi	6
v7big1-91	19	珠价 divW 0.06→0.3 · 对手池 17→20 ‖ 48 枚 ‖ 09-19→09-19 ‖ 父 d13d3c85	2026-09-19T09:29:12	91	91	d13d3c85		RUNNER-BASE d13d3c85…（v1.3.58 BASE · runner 恒拷 EPIRUS_BUNDLE_IN 的产物 · 584 枚共指 · **非血统**）	247aeb9ecc16f589	-	0.3	6	0	0	20	0.05	0.12	0.01	0	0	0	-	-	250	multi	6
v7blk1-31	19	珠价 divW 0.06→0.3 · 对手池 17→20 ‖ 48 枚 ‖ 09-19→09-19 ‖ 父 d13d3c85	2026-09-19T05:17:52	31	31	d13d3c85		RUNNER-BASE d13d3c85…（v1.3.58 BASE · runner 恒拷 EPIRUS_BUNDLE_IN 的产物 · 584 枚共指 · **非血统**）	4c20263d858a838b	-	0.3	6	0	0	20	0.05	0.12	0.01	0	0	0	-	-	250	multi	6
v7blk1-91	19	珠价 divW 0.06→0.3 · 对手池 17→20 ‖ 48 枚 ‖ 09-19→09-19 ‖ 父 d13d3c85	2026-09-19T05:25:29	91	91	d13d3c85		RUNNER-BASE d13d3c85…（v1.3.58 BASE · runner 恒拷 EPIRUS_BUNDLE_IN 的产物 · 584 枚共指 · **非血统**）	35806700ab6186d9	-	0.3	6	0	0	20	0.05	0.12	0.01	0	0	0	-	-	250	multi	6
v7c-31	6	输出权重 0.05→0.01 · 先手权重 0.08→0 · 嵌入种子自 -→6 ‖ 41 枚 ‖ 09-13→09-13 ‖ 父 d13d3c85	2026-09-13T12:09:52	31	31	d13d3c85		RUNNER-BASE d13d3c85…（v1.3.58 BASE · runner 恒拷 EPIRUS_BUNDLE_IN 的产物 · 584 枚共指 · **非血统**）	4877a44a7afaaf1d	-	0.06	-	-	-	12	0.05	0.12	0.01	0	0	0	-	-	250	multi	6
v7c-34	6	输出权重 0.05→0.01 · 先手权重 0.08→0 · 嵌入种子自 -→6 ‖ 41 枚 ‖ 09-13→09-13 ‖ 父 d13d3c85	2026-09-13T12:11:19	34	34	d13d3c85		RUNNER-BASE d13d3c85…（v1.3.58 BASE · runner 恒拷 EPIRUS_BUNDLE_IN 的产物 · 584 枚共指 · **非血统**）	0a7eb2af0a0c6c67	-	0.06	-	-	-	12	0.05	0.12	0.01	0	0	0	-	-	250	multi	6
v7c-37	6	输出权重 0.05→0.01 · 先手权重 0.08→0 · 嵌入种子自 -→6 ‖ 41 枚 ‖ 09-13→09-13 ‖ 父 d13d3c85	2026-09-13T12:12:35	37	37	d13d3c85		RUNNER-BASE d13d3c85…（v1.3.58 BASE · runner 恒拷 EPIRUS_BUNDLE_IN 的产物 · 584 枚共指 · **非血统**）	c76335f8f42135f9	-	0.06	-	-	-	12	0.05	0.12	0.01	0	0	0	-	-	250	multi	6
v7c-40	6	输出权重 0.05→0.01 · 先手权重 0.08→0 · 嵌入种子自 -→6 ‖ 41 枚 ‖ 09-13→09-13 ‖ 父 d13d3c85	2026-09-13T12:13:44	40	40	d13d3c85		RUNNER-BASE d13d3c85…（v1.3.58 BASE · runner 恒拷 EPIRUS_BUNDLE_IN 的产物 · 584 枚共指 · **非血统**）	54c7e5aade64c54a	-	0.06	-	-	-	12	0.05	0.12	0.01	0	0	0	-	-	250	multi	6
v7catE1-31	24	零散实验（<6 枚的类合并） ‖ 47 枚 ‖ ined→ined ‖ 父 e379c62c,d13d3c85,d490dc13,-,3d7fca4e	2026-09-16T15:18:01	31	31	d13d3c85		RUNNER-BASE d13d3c85…（v1.3.58 BASE · runner 恒拷 EPIRUS_BUNDLE_IN 的产物 · 584 枚共指 · **非血统**）	7137b803877c8d2a	-	0.06	6	-	1	16	0.05	0.12	0.01	0	0	0	-	-	250	multi	6
v7catE5-31	24	零散实验（<6 枚的类合并） ‖ 47 枚 ‖ ined→ined ‖ 父 e379c62c,d13d3c85,d490dc13,-,3d7fca4e	2026-09-16T15:21:25	31	31	d13d3c85		RUNNER-BASE d13d3c85…（v1.3.58 BASE · runner 恒拷 EPIRUS_BUNDLE_IN 的产物 · 584 枚共指 · **非血统**）	eb18444a41e5005e	-	0.06	6	-	0.5	16	0.05	0.12	0.01	0	0	0	-	-	250	multi	6
v7clear2-31	15	珠价 divW 0.06→0.3 · 角色多样性权 1→0 · 类别多样性权 1→0 ‖ 28 枚 ‖ 09-16→09-18 ‖ 父 d13d3c85	2026-09-18T05:10:05	31	31	d13d3c85		RUNNER-BASE d13d3c85…（v1.3.58 BASE · runner 恒拷 EPIRUS_BUNDLE_IN 的产物 · 584 枚共指 · **非血统**）	df2d69b312573088	-	0.3	6	0	0	16	0.05	0.12	0.01	0	0	0	-	-	250	multi	6
v7cmin3-31	21	嵌入种子自 6→- ‖ 76 枚 ‖ 09-19→09-21 ‖ 父 1a6e180d,8358c7b7,a92a45d7,e7201989,0660c3d1,fb8c77d8,30c3cc67,03b35fca,c540a84c,d08ece17,f008171a,03e5411f	2026-09-21T09:44:29	31	31	8358c7b7	v7n1-93	v7n1-93	59c0fcc9acc2458c	be6c2195	0.3	6	0	0	22	0.05	0.12	0.01	0	0	0	-	-	250	multi	-
v7cmin4-31	21	嵌入种子自 6→- ‖ 76 枚 ‖ 09-19→09-21 ‖ 父 1a6e180d,8358c7b7,a92a45d7,e7201989,0660c3d1,fb8c77d8,30c3cc67,03b35fca,c540a84c,d08ece17,f008171a,03e5411f	2026-09-21T10:31:56	31	31	a92a45d7	v7cmin3-82	v7cmin3-82	30724115a9996098	be6c2195	0.3	6	0	0	22	0.05	0.12	0.01	0	0	0	-	-	250	multi	-
v7ctrlE-31	24	零散实验（<6 枚的类合并） ‖ 47 枚 ‖ ined→ined ‖ 父 e379c62c,d13d3c85,d490dc13,-,3d7fca4e	2026-09-16T14:15:51	31	31	d13d3c85		RUNNER-BASE d13d3c85…（v1.3.58 BASE · runner 恒拷 EPIRUS_BUNDLE_IN 的产物 · 584 枚共指 · **非血统**）	4f91458044aada8a	-	0.06	6	-	-	16	0.05	0.12	0.01	0	0	0	-	-	250	multi	6
v7cur-31	21	嵌入种子自 6→- ‖ 76 枚 ‖ 09-19→09-21 ‖ 父 1a6e180d,8358c7b7,a92a45d7,e7201989,0660c3d1,fb8c77d8,30c3cc67,03b35fca,c540a84c,d08ece17,f008171a,03e5411f	2026-09-20T03:03:41	31	31	e7201989	v7aim2-82	v7aim2-82	9c10f79895bda3bd	-	0.3	6	0	0	22	0.05	0.12	0.01	0	0	0	-	-	250	multi	-
v7cur2-31	21	嵌入种子自 6→- ‖ 76 枚 ‖ 09-19→09-21 ‖ 父 1a6e180d,8358c7b7,a92a45d7,e7201989,0660c3d1,fb8c77d8,30c3cc67,03b35fca,c540a84c,d08ece17,f008171a,03e5411f	2026-09-20T06:23:29	31	31	0660c3d1	v7aim1f-31	v7aim1f-31	fb8c77d8677f5d35	-	0.3	6	0	0	22	0.05	0.12	0.01	0	0	0	-	-	250	multi	-
v7cur3-31	21	嵌入种子自 6→- ‖ 76 枚 ‖ 09-19→09-21 ‖ 父 1a6e180d,8358c7b7,a92a45d7,e7201989,0660c3d1,fb8c77d8,30c3cc67,03b35fca,c540a84c,d08ece17,f008171a,03e5411f	2026-09-20T06:56:41	31	31	fb8c77d8	v7cur2-31	v7cur2-31	662c3e82d90d3b49	-	0.3	6	0	0	22	0.05	0.12	0.01	0	0	0	-	-	250	multi	-
v7curri1-31	12	divK -→6 · 角色多样性权 -→0 · 类别多样性权 -→0 · 代数 500→250 ‖ 115 枚 ‖ 09-16→09-18 ‖ 父 d13d3c85	2026-09-17T05:47:45	31	31	d13d3c85		RUNNER-BASE d13d3c85…（v1.3.58 BASE · runner 恒拷 EPIRUS_BUNDLE_IN 的产物 · 584 枚共指 · **非血统**）	5e5ef2dc614b9a9f	-	0.06	6	0	0	16	0.05	0.12	0.01	0	0	0	-	-	250	multi	6
v7curri1-91	12	divK -→6 · 角色多样性权 -→0 · 类别多样性权 -→0 · 代数 500→250 ‖ 115 枚 ‖ 09-16→09-18 ‖ 父 d13d3c85	2026-09-17T05:50:35	91	91	d13d3c85		RUNNER-BASE d13d3c85…（v1.3.58 BASE · runner 恒拷 EPIRUS_BUNDLE_IN 的产物 · 584 枚共指 · **非血统**）	2c186cb3d069b379	-	0.06	6	0	0	16	0.05	0.12	0.01	0	0	0	-	-	250	multi	6
v7curri2-31	12	divK -→6 · 角色多样性权 -→0 · 类别多样性权 -→0 · 代数 500→250 ‖ 115 枚 ‖ 09-16→09-18 ‖ 父 d13d3c85	2026-09-17T13:53:53	31	31	d13d3c85		RUNNER-BASE d13d3c85…（v1.3.58 BASE · runner 恒拷 EPIRUS_BUNDLE_IN 的产物 · 584 枚共指 · **非血统**）	7db32e15014a6080	-	0.06	6	0	0	16	0.05	0.12	0.01	0	0	0	-	-	250	multi	6
v7curri2-91	12	divK -→6 · 角色多样性权 -→0 · 类别多样性权 -→0 · 代数 500→250 ‖ 115 枚 ‖ 09-16→09-18 ‖ 父 d13d3c85	2026-09-17T13:56:31	91	91	d13d3c85		RUNNER-BASE d13d3c85…（v1.3.58 BASE · runner 恒拷 EPIRUS_BUNDLE_IN 的产物 · 584 枚共指 · **非血统**）	e34405bd825fc64d	-	0.06	6	0	0	16	0.05	0.12	0.01	0	0	0	-	-	250	multi	6
v7d-31	6	输出权重 0.05→0.01 · 先手权重 0.08→0 · 嵌入种子自 -→6 ‖ 41 枚 ‖ 09-13→09-13 ‖ 父 d13d3c85	2026-09-13T12:21:34	31	31	d13d3c85		RUNNER-BASE d13d3c85…（v1.3.58 BASE · runner 恒拷 EPIRUS_BUNDLE_IN 的产物 · 584 枚共指 · **非血统**）	4877a44a7afaaf1d	-	0.06	-	-	-	12	0.05	0.12	0.01	0	0	0	-	-	250	multi	6
v7d-34	6	输出权重 0.05→0.01 · 先手权重 0.08→0 · 嵌入种子自 -→6 ‖ 41 枚 ‖ 09-13→09-13 ‖ 父 d13d3c85	2026-09-13T12:22:58	34	34	d13d3c85		RUNNER-BASE d13d3c85…（v1.3.58 BASE · runner 恒拷 EPIRUS_BUNDLE_IN 的产物 · 584 枚共指 · **非血统**）	0a7eb2af0a0c6c67	-	0.06	-	-	-	12	0.05	0.12	0.01	0	0	0	-	-	250	multi	6
v7d-41	6	输出权重 0.05→0.01 · 先手权重 0.08→0 · 嵌入种子自 -→6 ‖ 41 枚 ‖ 09-13→09-13 ‖ 父 d13d3c85	2026-09-13T12:24:12	41	41	d13d3c85		RUNNER-BASE d13d3c85…（v1.3.58 BASE · runner 恒拷 EPIRUS_BUNDLE_IN 的产物 · 584 枚共指 · **非血统**）	d8ae839207518bc5	-	0.06	-	-	-	12	0.05	0.12	0.01	0	0	0	-	-	250	multi	6
v7densE-81	24	零散实验（<6 枚的类合并） ‖ 47 枚 ‖ ined→ined ‖ 父 e379c62c,d13d3c85,d490dc13,-,3d7fca4e	2026-09-16T14:53:48	81	81	d13d3c85		RUNNER-BASE d13d3c85…（v1.3.58 BASE · runner 恒拷 EPIRUS_BUNDLE_IN 的产物 · 584 枚共指 · **非血统**）	65d221b7120ff9e3	-	0.06	6	-	-	17	0.05	0.12	0.01	0	0	0	-	-	250	multi	6
v7divK-81	24	零散实验（<6 枚的类合并） ‖ 47 枚 ‖ ined→ined ‖ 父 e379c62c,d13d3c85,d490dc13,-,3d7fca4e	2026-09-16T12:24:57	81	81	d13d3c85		RUNNER-BASE d13d3c85…（v1.3.58 BASE · runner 恒拷 EPIRUS_BUNDLE_IN 的产物 · 584 枚共指 · **非血统**）	1958da7dbdd6fb1b	-	0.3	6	-	-	16	0.05	0.12	0.01	0	0	0	-	-	250	multi	6
v7divK2-82	24	零散实验（<6 枚的类合并） ‖ 47 枚 ‖ ined→ined ‖ 父 e379c62c,d13d3c85,d490dc13,-,3d7fca4e	2026-09-16T13:56:41	82	82	d13d3c85		RUNNER-BASE d13d3c85…（v1.3.58 BASE · runner 恒拷 EPIRUS_BUNDLE_IN 的产物 · 584 枚共指 · **非血统**）	9e415281a8b2d89c	-	0.3	6	-	-	13	0.05	0.12	0.01	0	0	0	-	-	250	multi	6
v7expo-33	8	对手池 15→18 ‖ 13 枚 ‖ 09-14→09-14 ‖ 父 d13d3c85	2026-09-14T05:04:13	33	33	d13d3c85		RUNNER-BASE d13d3c85…（v1.3.58 BASE · runner 恒拷 EPIRUS_BUNDLE_IN 的产物 · 584 枚共指 · **非血统**）	4c32867fdf716b7e	-	0.06	-	-	-	18	0.05	0.12	0.01	0	0	0	-	-	250	multi	6
v7f2-31	10	珠价 divW 0.6→0.06 · 对手池 15→16 ‖ 12 枚 ‖ 09-16→09-16 ‖ 父 d13d3c85	2026-09-16T05:34:46	31	31	d13d3c85		RUNNER-BASE d13d3c85…（v1.3.58 BASE · runner 恒拷 EPIRUS_BUNDLE_IN 的产物 · 584 枚共指 · **非血统**）	134e80dccfdeae02	-	0.06	-	-	-	16	0.05	0.12	0.01	0	0	0	-	-	250	multi	6
v7f2b-82	11	代数 250→500 ‖ 6 枚 ‖ 09-16→09-16 ‖ 父 d13d3c85	2026-09-16T05:46:40	82	82	d13d3c85		RUNNER-BASE d13d3c85…（v1.3.58 BASE · runner 恒拷 EPIRUS_BUNDLE_IN 的产物 · 584 枚共指 · **非血统**）	7658412e9043d347	-	0.06	-	-	-	16	0.05	0.12	0.01	0	0	0	-	-	500	multi	6
v7f2t-82	12	divK -→6 · 角色多样性权 -→0 · 类别多样性权 -→0 · 代数 500→250 ‖ 115 枚 ‖ 09-16→09-18 ‖ 父 d13d3c85	2026-09-17T14:26:46	82	82	d13d3c85		RUNNER-BASE d13d3c85…（v1.3.58 BASE · runner 恒拷 EPIRUS_BUNDLE_IN 的产物 · 584 枚共指 · **非血统**）	b3ac1fb923b57ab3	-	0.06	6	0	0	16	0.05	0.12	0.01	0	0	0	-	-	250	multi	6
v7f2t-93	12	divK -→6 · 角色多样性权 -→0 · 类别多样性权 -→0 · 代数 500→250 ‖ 115 枚 ‖ 09-16→09-18 ‖ 父 d13d3c85	2026-09-17T14:31:05	93	93	d13d3c85		RUNNER-BASE d13d3c85…（v1.3.58 BASE · runner 恒拷 EPIRUS_BUNDLE_IN 的产物 · 584 枚共指 · **非血统**）	c4cc6f75ceeb1fcd	-	0.06	6	0	0	16	0.05	0.12	0.01	0	0	0	-	-	250	multi	6
v7f3-94	11	代数 250→500 ‖ 6 枚 ‖ 09-16→09-16 ‖ 父 d13d3c85	2026-09-16T06:00:51	94	94	d13d3c85		RUNNER-BASE d13d3c85…（v1.3.58 BASE · runner 恒拷 EPIRUS_BUNDLE_IN 的产物 · 584 枚共指 · **非血统**）	ba5a75b49ec5737c	-	0.06	-	-	-	16	0.05	0.12	0.01	0	0	0	-	-	500	multi	6
v7f35b-95	12	divK -→6 · 角色多样性权 -→0 · 类别多样性权 -→0 · 代数 500→250 ‖ 115 枚 ‖ 09-16→09-18 ‖ 父 d13d3c85	2026-09-17T16:06:59	95	95	d13d3c85		RUNNER-BASE d13d3c85…（v1.3.58 BASE · runner 恒拷 EPIRUS_BUNDLE_IN 的产物 · 584 枚共指 · **非血统**）	8029043ff3d0ae88	-	0.06	6	0	0	16	0.05	0.12	0.01	0	0	0	-	-	250	multi	6
v7f35b-98	12	divK -→6 · 角色多样性权 -→0 · 类别多样性权 -→0 · 代数 500→250 ‖ 115 枚 ‖ 09-16→09-18 ‖ 父 d13d3c85	2026-09-17T16:11:00	98	98	d13d3c85		RUNNER-BASE d13d3c85…（v1.3.58 BASE · runner 恒拷 EPIRUS_BUNDLE_IN 的产物 · 584 枚共指 · **非血统**）	e87bf0cac09b13d3	-	0.06	6	0	0	16	0.05	0.12	0.01	0	0	0	-	-	250	multi	6
v7f35t-81	12	divK -→6 · 角色多样性权 -→0 · 类别多样性权 -→0 · 代数 500→250 ‖ 115 枚 ‖ 09-16→09-18 ‖ 父 d13d3c85	2026-09-17T14:34:33	81	81	d13d3c85		RUNNER-BASE d13d3c85…（v1.3.58 BASE · runner 恒拷 EPIRUS_BUNDLE_IN 的产物 · 584 枚共指 · **非血统**）	91b838c67cb53b8e	-	0.06	6	0	0	16	0.05	0.12	0.01	0	0	0	-	-	250	multi	6
v7f35t-92	12	divK -→6 · 角色多样性权 -→0 · 类别多样性权 -→0 · 代数 500→250 ‖ 115 枚 ‖ 09-16→09-18 ‖ 父 d13d3c85	2026-09-17T14:38:24	92	92	d13d3c85		RUNNER-BASE d13d3c85…（v1.3.58 BASE · runner 恒拷 EPIRUS_BUNDLE_IN 的产物 · 584 枚共指 · **非血统**）	c3d6451e9b1d1317	-	0.06	6	0	0	16	0.05	0.12	0.01	0	0	0	-	-	250	multi	6
v7f5b-94	12	divK -→6 · 角色多样性权 -→0 · 类别多样性权 -→0 · 代数 500→250 ‖ 115 枚 ‖ 09-16→09-18 ‖ 父 d13d3c85	2026-09-17T15:53:50	94	94	d13d3c85		RUNNER-BASE d13d3c85…（v1.3.58 BASE · runner 恒拷 EPIRUS_BUNDLE_IN 的产物 · 584 枚共指 · **非血统**）	37dd941bff43c766	-	0.06	6	0	0	16	0.05	0.12	0.01	0	0	0	-	-	250	multi	6
v7f5b-97	12	divK -→6 · 角色多样性权 -→0 · 类别多样性权 -→0 · 代数 500→250 ‖ 115 枚 ‖ 09-16→09-18 ‖ 父 d13d3c85	2026-09-17T15:57:58	97	97	d13d3c85		RUNNER-BASE d13d3c85…（v1.3.58 BASE · runner 恒拷 EPIRUS_BUNDLE_IN 的产物 · 584 枚共指 · **非血统**）	24c69af0be107397	-	0.06	6	0	0	16	0.05	0.12	0.01	0	0	0	-	-	250	multi	6
v7f5div3-31	15	珠价 divW 0.06→0.3 · 角色多样性权 1→0 · 类别多样性权 1→0 ‖ 28 枚 ‖ 09-16→09-18 ‖ 父 d13d3c85	2026-09-18T04:35:06	31	31	d13d3c85		RUNNER-BASE d13d3c85…（v1.3.58 BASE · runner 恒拷 EPIRUS_BUNDLE_IN 的产物 · 584 枚共指 · **非血统**）	b11aa2a541fb4fea	-	0.3	6	0	0	16	0.05	0.12	0.01	0	0	0	-	-	250	multi	6
v7f5div3-91	15	珠价 divW 0.06→0.3 · 角色多样性权 1→0 · 类别多样性权 1→0 ‖ 28 枚 ‖ 09-16→09-18 ‖ 父 d13d3c85	2026-09-18T04:39:41	91	91	d13d3c85		RUNNER-BASE d13d3c85…（v1.3.58 BASE · runner 恒拷 EPIRUS_BUNDLE_IN 的产物 · 584 枚共指 · **非血统**）	539bc2c1ad7ed2de	-	0.3	6	0	0	16	0.05	0.12	0.01	0	0	0	-	-	250	multi	6
v7f5t-31	12	divK -→6 · 角色多样性权 -→0 · 类别多样性权 -→0 · 代数 500→250 ‖ 115 枚 ‖ 09-16→09-18 ‖ 父 d13d3c85	2026-09-17T14:41:31	31	31	d13d3c85		RUNNER-BASE d13d3c85…（v1.3.58 BASE · runner 恒拷 EPIRUS_BUNDLE_IN 的产物 · 584 枚共指 · **非血统**）	498457f88e83c69e	-	0.06	6	0	0	16	0.05	0.12	0.01	0	0	0	-	-	250	multi	6
v7f5t-91	12	divK -→6 · 角色多样性权 -→0 · 类别多样性权 -→0 · 代数 500→250 ‖ 115 枚 ‖ 09-16→09-18 ‖ 父 d13d3c85	2026-09-17T14:46:05	91	91	d13d3c85		RUNNER-BASE d13d3c85…（v1.3.58 BASE · runner 恒拷 EPIRUS_BUNDLE_IN 的产物 · 584 枚共指 · **非血统**）	1336b653925051da	-	0.06	6	0	0	16	0.05	0.12	0.01	0	0	0	-	-	250	multi	6
v7f80-35	8	对手池 15→18 ‖ 13 枚 ‖ 09-14→09-14 ‖ 父 d13d3c85	2026-09-14T11:42:25	35	35	d13d3c85		RUNNER-BASE d13d3c85…（v1.3.58 BASE · runner 恒拷 EPIRUS_BUNDLE_IN 的产物 · 584 枚共指 · **非血统**）	dbe3f4f5e443c150	-	0.06	-	-	-	18	0.05	0.12	0.01	0	0	0	-	-	250	multi	6
v7fix1-31	17	角色多样性权 1→0 · 类别多样性权 1→0 · 对手池 16→17 ‖ 49 枚 ‖ 09-18→09-19 ‖ 父 d13d3c85	2026-09-19T03:01:08	31	31	d13d3c85		RUNNER-BASE d13d3c85…（v1.3.58 BASE · runner 恒拷 EPIRUS_BUNDLE_IN 的产物 · 584 枚共指 · **非血统**）	0d6b38b6043d13d3	-	0.3	6	0	0	17	0.05	0.12	0.01	0	0	0	-	-	250	multi	6
v7fix1-91	17	角色多样性权 1→0 · 类别多样性权 1→0 · 对手池 16→17 ‖ 49 枚 ‖ 09-18→09-19 ‖ 父 d13d3c85	2026-09-19T03:08:44	91	91	d13d3c85		RUNNER-BASE d13d3c85…（v1.3.58 BASE · runner 恒拷 EPIRUS_BUNDLE_IN 的产物 · 584 枚共指 · **非血统**）	16e2bc8fdd6034b1	-	0.3	6	0	0	17	0.05	0.12	0.01	0	0	0	-	-	250	multi	6
v7force-32	8	对手池 15→18 ‖ 13 枚 ‖ 09-14→09-14 ‖ 父 d13d3c85	2026-09-14T11:02:48	32	32	d13d3c85		RUNNER-BASE d13d3c85…（v1.3.58 BASE · runner 恒拷 EPIRUS_BUNDLE_IN 的产物 · 584 枚共指 · **非血统**）	c6a6ac86e7a54a31	-	0.06	-	-	-	18	0.05	0.12	0.01	0	0	0	-	-	250	multi	6
v7g-35	6	输出权重 0.05→0.01 · 先手权重 0.08→0 · 嵌入种子自 -→6 ‖ 41 枚 ‖ 09-13→09-13 ‖ 父 d13d3c85	2026-09-13T13:02:07	35	35	d13d3c85		RUNNER-BASE d13d3c85…（v1.3.58 BASE · runner 恒拷 EPIRUS_BUNDLE_IN 的产物 · 584 枚共指 · **非血统**）	531b63805a331652	-	0.06	-	-	-	12	0.05	0.12	0.01	0	0	0	-	-	250	multi	6
v7gf1-82	20	对手池 20→22 ‖ 18 枚 ‖ 09-19→09-20 ‖ 父 d13d3c85	2026-09-19T14:40:37	82	82	d13d3c85		RUNNER-BASE d13d3c85…（v1.3.58 BASE · runner 恒拷 EPIRUS_BUNDLE_IN 的产物 · 584 枚共指 · **非血统**）	802839fd5a4e737c	-	0.3	6	0	0	22	0.05	0.12	0.01	0	0	0	-	-	250	multi	6
v7gf1-93	20	对手池 20→22 ‖ 18 枚 ‖ 09-19→09-20 ‖ 父 d13d3c85	2026-09-19T14:47:18	93	93	d13d3c85		RUNNER-BASE d13d3c85…（v1.3.58 BASE · runner 恒拷 EPIRUS_BUNDLE_IN 的产物 · 584 枚共指 · **非血统**）	eea2f3668bbce600	-	0.3	6	0	0	22	0.05	0.12	0.01	0	0	0	-	-	250	multi	6
v7iso1-82	12	divK -→6 · 角色多样性权 -→0 · 类别多样性权 -→0 · 代数 500→250 ‖ 115 枚 ‖ 09-16→09-18 ‖ 父 d13d3c85	2026-09-17T14:17:24	82	82	d13d3c85		RUNNER-BASE d13d3c85…（v1.3.58 BASE · runner 恒拷 EPIRUS_BUNDLE_IN 的产物 · 584 枚共指 · **非血统**）	e3ce74330cb09e80	-	0.06	6	0	0	16	0.05	0.12	0.01	0	0	0	-	-	250	multi	6
v7iso1-93	12	divK -→6 · 角色多样性权 -→0 · 类别多样性权 -→0 · 代数 500→250 ‖ 115 枚 ‖ 09-16→09-18 ‖ 父 d13d3c85	2026-09-17T14:21:27	93	93	d13d3c85		RUNNER-BASE d13d3c85…（v1.3.58 BASE · runner 恒拷 EPIRUS_BUNDLE_IN 的产物 · 584 枚共指 · **非血统**）	d6a3d2ffcd55eb46	-	0.06	6	0	0	16	0.05	0.12	0.01	0	0	0	-	-	250	multi	6
v7l2c-102	18	珠价 divW 0.3→0.06 ‖ 54 枚 ‖ 09-18→09-18 ‖ 父 d13d3c85	2026-09-18T16:42:28	102	102	d13d3c85		RUNNER-BASE d13d3c85…（v1.3.58 BASE · runner 恒拷 EPIRUS_BUNDLE_IN 的产物 · 584 枚共指 · **非血统**）	5b6bda5d9f9532f0	-	0.06	6	0	0	17	0.05	0.12	0.01	0	0	0	-	-	250	multi	6
v7l2c-114	18	珠价 divW 0.3→0.06 ‖ 54 枚 ‖ 09-18→09-18 ‖ 父 d13d3c85	2026-09-18T18:21:46	114	114	d13d3c85		RUNNER-BASE d13d3c85…（v1.3.58 BASE · runner 恒拷 EPIRUS_BUNDLE_IN 的产物 · 584 枚共指 · **非血统**）	316a7acbc5e4413d	-	0.06	6	0	0	17	0.05	0.12	0.01	0	0	0	-	-	250	multi	6
v7l2c-142	18	珠价 divW 0.3→0.06 ‖ 54 枚 ‖ 09-18→09-18 ‖ 父 d13d3c85	2026-09-18T19:28:55	142	142	d13d3c85		RUNNER-BASE d13d3c85…（v1.3.58 BASE · runner 恒拷 EPIRUS_BUNDLE_IN 的产物 · 584 枚共指 · **非血统**）	0244bd42714e9445	-	0.06	6	0	0	17	0.05	0.12	0.01	0	0	0	-	-	250	multi	6
v7l2c-145	18	珠价 divW 0.3→0.06 ‖ 54 枚 ‖ 09-18→09-18 ‖ 父 d13d3c85	2026-09-18T19:35:14	145	145	d13d3c85		RUNNER-BASE d13d3c85…（v1.3.58 BASE · runner 恒拷 EPIRUS_BUNDLE_IN 的产物 · 584 枚共指 · **非血统**）	fd23f9396fee4c98	-	0.06	6	0	0	17	0.05	0.12	0.01	0	0	0	-	-	250	multi	6
v7l2c-148	18	珠价 divW 0.3→0.06 ‖ 54 枚 ‖ 09-18→09-18 ‖ 父 d13d3c85	2026-09-18T19:41:39	148	148	d13d3c85		RUNNER-BASE d13d3c85…（v1.3.58 BASE · runner 恒拷 EPIRUS_BUNDLE_IN 的产物 · 584 枚共指 · **非血统**）	8e9770cb87f734e8	-	0.06	6	0	0	17	0.05	0.12	0.01	0	0	0	-	-	250	multi	6
v7l2c-151	18	珠价 divW 0.3→0.06 ‖ 54 枚 ‖ 09-18→09-18 ‖ 父 d13d3c85	2026-09-18T19:48:54	151	151	d13d3c85		RUNNER-BASE d13d3c85…（v1.3.58 BASE · runner 恒拷 EPIRUS_BUNDLE_IN 的产物 · 584 枚共指 · **非血统**）	62228457ac8390a7	-	0.06	6	0	0	17	0.05	0.12	0.01	0	0	0	-	-	250	multi	6
v7l2c-82	18	珠价 divW 0.3→0.06 ‖ 54 枚 ‖ 09-18→09-18 ‖ 父 d13d3c85	2026-09-18T15:59:41	82	82	d13d3c85		RUNNER-BASE d13d3c85…（v1.3.58 BASE · runner 恒拷 EPIRUS_BUNDLE_IN 的产物 · 584 枚共指 · **非血统**）	dcf2611751d8d00b	-	0.06	6	0	0	17	0.05	0.12	0.01	0	0	0	-	-	250	multi	6
v7l2f-101	18	珠价 divW 0.3→0.06 ‖ 54 枚 ‖ 09-18→09-18 ‖ 父 d13d3c85	2026-09-18T17:10:18	101	101	d13d3c85		RUNNER-BASE d13d3c85…（v1.3.58 BASE · runner 恒拷 EPIRUS_BUNDLE_IN 的产物 · 584 枚共指 · **非血统**）	696daf804aa92286	-	0.06	6	0	0	17	0.05	0.12	0.01	0	0	0	-	-	250	multi	6
v7l2f-141	18	珠价 divW 0.3→0.06 ‖ 54 枚 ‖ 09-18→09-18 ‖ 父 d13d3c85	2026-09-18T19:54:44	141	141	d13d3c85		RUNNER-BASE d13d3c85…（v1.3.58 BASE · runner 恒拷 EPIRUS_BUNDLE_IN 的产物 · 584 枚共指 · **非血统**）	70eaad2e41353832	-	0.06	6	0	0	17	0.05	0.12	0.01	0	0	0	-	-	250	multi	6
v7l2f-144	18	珠价 divW 0.3→0.06 ‖ 54 枚 ‖ 09-18→09-18 ‖ 父 d13d3c85	2026-09-18T20:00:33	144	144	d13d3c85		RUNNER-BASE d13d3c85…（v1.3.58 BASE · runner 恒拷 EPIRUS_BUNDLE_IN 的产物 · 584 枚共指 · **非血统**）	c5214bd245fb40a6	-	0.06	6	0	0	17	0.05	0.12	0.01	0	0	0	-	-	250	multi	6
v7l2f-147	18	珠价 divW 0.3→0.06 ‖ 54 枚 ‖ 09-18→09-18 ‖ 父 d13d3c85	2026-09-18T20:06:55	147	147	d13d3c85		RUNNER-BASE d13d3c85…（v1.3.58 BASE · runner 恒拷 EPIRUS_BUNDLE_IN 的产物 · 584 枚共指 · **非血统**）	6c530def3c935c2c	-	0.06	6	0	0	17	0.05	0.12	0.01	0	0	0	-	-	250	multi	6
v7l2f-150	18	珠价 divW 0.3→0.06 ‖ 54 枚 ‖ 09-18→09-18 ‖ 父 d13d3c85	2026-09-18T20:13:31	150	150	d13d3c85		RUNNER-BASE d13d3c85…（v1.3.58 BASE · runner 恒拷 EPIRUS_BUNDLE_IN 的产物 · 584 枚共指 · **非血统**）	0421d70d7668b88e	-	0.06	6	0	0	17	0.05	0.12	0.01	0	0	0	-	-	250	multi	6
v7l2f-31	18	珠价 divW 0.3→0.06 ‖ 54 枚 ‖ 09-18→09-18 ‖ 父 d13d3c85	2026-09-18T19:52:44	31	31	d13d3c85		RUNNER-BASE d13d3c85…（v1.3.58 BASE · runner 恒拷 EPIRUS_BUNDLE_IN 的产物 · 584 枚共指 · **非血统**）	af4479d601424313	-	0.06	6	0	0	17	0.05	0.12	0.01	0	0	0	-	-	250	multi	6
v7l2h-106	18	珠价 divW 0.3→0.06 ‖ 54 枚 ‖ 09-18→09-18 ‖ 父 d13d3c85	2026-09-18T17:06:42	106	106	d13d3c85		RUNNER-BASE d13d3c85…（v1.3.58 BASE · runner 恒拷 EPIRUS_BUNDLE_IN 的产物 · 584 枚共指 · **非血统**）	34d226f4aae5f0a6	-	0.06	6	0	0	17	0.05	0.12	0.01	0	0	0	-	-	250	multi	6
v7l2h-93	18	珠价 divW 0.3→0.06 ‖ 54 枚 ‖ 09-18→09-18 ‖ 父 d13d3c85	2026-09-18T16:21:08	93	93	d13d3c85		RUNNER-BASE d13d3c85…（v1.3.58 BASE · runner 恒拷 EPIRUS_BUNDLE_IN 的产物 · 584 枚共指 · **非血统**）	24bc4f9ad6c1e88b	-	0.06	6	0	0	17	0.05	0.12	0.01	0	0	0	-	-	250	multi	6
v7l2o-93	18	珠价 divW 0.3→0.06 ‖ 54 枚 ‖ 09-18→09-18 ‖ 父 d13d3c85	2026-09-18T18:01:22	93	93	d13d3c85		RUNNER-BASE d13d3c85…（v1.3.58 BASE · runner 恒拷 EPIRUS_BUNDLE_IN 的产物 · 584 枚共指 · **非血统**）	ef8de8e65453e1cf	-	0.06	6	0	0	17	0.05	0.12	0.01	0	0	0	-	-	250	multi	6
v7l2s-82	24	零散实验（<6 枚的类合并） ‖ 47 枚 ‖ ined→ined ‖ 父 e379c62c,d13d3c85,d490dc13,-,3d7fca4e	2026-09-18T17:28:08	82	82	d13d3c85		RUNNER-BASE d13d3c85…（v1.3.58 BASE · runner 恒拷 EPIRUS_BUNDLE_IN 的产物 · 584 枚共指 · **非血统**）	ccb0505bc56917ca	-	0.06	6	0	0	17	0.15	0.12	0.01	0	0	0	-	-	250	multi	6
v7l7-31	7	对手池 12→15 ‖ 126 枚 ‖ 09-14→09-15 ‖ 父 d13d3c85	2026-09-14T15:18:44	35	31	d13d3c85		RUNNER-BASE d13d3c85…（v1.3.58 BASE · runner 恒拷 EPIRUS_BUNDLE_IN 的产物 · 584 枚共指 · **非血统**）	653a1d6688f6e8c4	-	0.06	-	-	-	15	0.05	0.12	0.01	0	0	0	-	-	250	multi	6
v7l7-34	7	对手池 12→15 ‖ 126 枚 ‖ 09-14→09-15 ‖ 父 d13d3c85	2026-09-14T15:18:44	35	34	d13d3c85		RUNNER-BASE d13d3c85…（v1.3.58 BASE · runner 恒拷 EPIRUS_BUNDLE_IN 的产物 · 584 枚共指 · **非血统**）	653a1d6688f6e8c4	-	0.06	-	-	-	15	0.05	0.12	0.01	0	0	0	-	-	250	multi	6
v7l7-41	7	对手池 12→15 ‖ 126 枚 ‖ 09-14→09-15 ‖ 父 d13d3c85	2026-09-14T15:34:08	35	41	d13d3c85		RUNNER-BASE d13d3c85…（v1.3.58 BASE · runner 恒拷 EPIRUS_BUNDLE_IN 的产物 · 584 枚共指 · **非血统**）	653a1d6688f6e8c4	-	0.06	-	-	-	15	0.05	0.12	0.01	0	0	0	-	-	250	multi	6
v7l7-44	7	对手池 12→15 ‖ 126 枚 ‖ 09-14→09-15 ‖ 父 d13d3c85	2026-09-14T15:34:08	35	44	d13d3c85		RUNNER-BASE d13d3c85…（v1.3.58 BASE · runner 恒拷 EPIRUS_BUNDLE_IN 的产物 · 584 枚共指 · **非血统**）	653a1d6688f6e8c4	-	0.06	-	-	-	15	0.05	0.12	0.01	0	0	0	-	-	250	multi	6
v7m2_noBead-31	7	对手池 12→15 ‖ 126 枚 ‖ 09-14→09-15 ‖ 父 d13d3c85	2026-09-14T14:08:13	31	31	d13d3c85		RUNNER-BASE d13d3c85…（v1.3.58 BASE · runner 恒拷 EPIRUS_BUNDLE_IN 的产物 · 584 枚共指 · **非血统**）	8ba0623c8322bc4a	-	0.06	-	-	-	15	0.05	0.12	0.01	0	0	0	-	-	250	multi	6
v7m2_noBead-34	7	对手池 12→15 ‖ 126 枚 ‖ 09-14→09-15 ‖ 父 d13d3c85	2026-09-14T14:08:49	32	34	d13d3c85		RUNNER-BASE d13d3c85…（v1.3.58 BASE · runner 恒拷 EPIRUS_BUNDLE_IN 的产物 · 584 枚共指 · **非血统**）	20035f4f7e032f8a	-	0.06	-	-	-	15	0.05	0.12	0.01	0	0	0	-	-	250	multi	6
v7m2_noEffects-31	7	对手池 12→15 ‖ 126 枚 ‖ 09-14→09-15 ‖ 父 d13d3c85	2026-09-14T14:00:51	36	31	d13d3c85		RUNNER-BASE d13d3c85…（v1.3.58 BASE · runner 恒拷 EPIRUS_BUNDLE_IN 的产物 · 584 枚共指 · **非血统**）	65f4402c5c8847c1	-	0.06	-	-	-	15	0.05	0.12	0.01	0	0	0	-	-	250	multi	6
v7m2_noEffects-34	7	对手池 12→15 ‖ 126 枚 ‖ 09-14→09-15 ‖ 父 d13d3c85	2026-09-14T14:04:28	33	34	d13d3c85		RUNNER-BASE d13d3c85…（v1.3.58 BASE · runner 恒拷 EPIRUS_BUNDLE_IN 的产物 · 584 枚共指 · **非血统**）	034455a407804f7f	-	0.06	-	-	-	15	0.05	0.12	0.01	0	0	0	-	-	250	multi	6
v7m2_noTarget-31	7	对手池 12→15 ‖ 126 枚 ‖ 09-14→09-15 ‖ 父 d13d3c85	2026-09-14T13:55:42	32	31	d13d3c85		RUNNER-BASE d13d3c85…（v1.3.58 BASE · runner 恒拷 EPIRUS_BUNDLE_IN 的产物 · 584 枚共指 · **非血统**）	20035f4f7e032f8a	-	0.06	-	-	-	15	0.05	0.12	0.01	0	0	0	-	-	250	multi	6
v7m2_noTarget-34	7	对手池 12→15 ‖ 126 枚 ‖ 09-14→09-15 ‖ 父 d13d3c85	2026-09-14T13:55:42	32	34	d13d3c85		RUNNER-BASE d13d3c85…（v1.3.58 BASE · runner 恒拷 EPIRUS_BUNDLE_IN 的产物 · 584 枚共指 · **非血统**）	20035f4f7e032f8a	-	0.06	-	-	-	15	0.05	0.12	0.01	0	0	0	-	-	250	multi	6
v7m_noBead-31	7	对手池 12→15 ‖ 126 枚 ‖ 09-14→09-15 ‖ 父 d13d3c85	2026-09-14T13:55:08	31	31	d13d3c85		RUNNER-BASE d13d3c85…（v1.3.58 BASE · runner 恒拷 EPIRUS_BUNDLE_IN 的产物 · 584 枚共指 · **非血统**）	8ba0623c8322bc4a	-	0.06	-	-	-	15	0.05	0.12	0.01	0	0	0	-	-	250	multi	6
v7n1-82	21	嵌入种子自 6→- ‖ 76 枚 ‖ 09-19→09-21 ‖ 父 1a6e180d,8358c7b7,a92a45d7,e7201989,0660c3d1,fb8c77d8,30c3cc67,03b35fca,c540a84c,d08ece17,f008171a,03e5411f	2026-09-20T11:45:44	82	82	30c3cc67	v7s8-82	v7s8-82	e70164826a756c6f	a78c28cb	0.3	6	0	0	22	0.05	0.12	0.01	0	0	0	-	-	250	multi	-
v7new1-81	15	珠价 divW 0.06→0.3 · 角色多样性权 1→0 · 类别多样性权 1→0 ‖ 28 枚 ‖ 09-16→09-18 ‖ 父 d13d3c85	2026-09-18T11:07:50	81	81	d13d3c85		RUNNER-BASE d13d3c85…（v1.3.58 BASE · runner 恒拷 EPIRUS_BUNDLE_IN 的产物 · 584 枚共指 · **非血统**）	97d8aa441f2c5b4d	-	0.3	6	0	0	16	0.05	0.12	0.01	0	0	0	-	-	250	multi	6
v7new1-92	15	珠价 divW 0.06→0.3 · 角色多样性权 1→0 · 类别多样性权 1→0 ‖ 28 枚 ‖ 09-16→09-18 ‖ 父 d13d3c85	2026-09-18T11:13:36	92	92	d13d3c85		RUNNER-BASE d13d3c85…（v1.3.58 BASE · runner 恒拷 EPIRUS_BUNDLE_IN 的产物 · 584 枚共指 · **非血统**）	83c3199a61a1572e	-	0.3	6	0	0	16	0.05	0.12	0.01	0	0	0	-	-	250	multi	6
v7new2-81	17	角色多样性权 1→0 · 类别多样性权 1→0 · 对手池 16→17 ‖ 49 枚 ‖ 09-18→09-19 ‖ 父 d13d3c85	2026-09-18T11:22:08	81	81	d13d3c85		RUNNER-BASE d13d3c85…（v1.3.58 BASE · runner 恒拷 EPIRUS_BUNDLE_IN 的产物 · 584 枚共指 · **非血统**）	db86b1620cfb4cbf	-	0.3	6	0	0	17	0.05	0.12	0.01	0	0	0	-	-	250	multi	6
v7new2-92	17	角色多样性权 1→0 · 类别多样性权 1→0 · 对手池 16→17 ‖ 49 枚 ‖ 09-18→09-19 ‖ 父 d13d3c85	2026-09-18T11:27:14	92	92	d13d3c85		RUNNER-BASE d13d3c85…（v1.3.58 BASE · runner 恒拷 EPIRUS_BUNDLE_IN 的产物 · 584 枚共指 · **非血统**）	0e78784b033f6373	-	0.3	6	0	0	17	0.05	0.12	0.01	0	0	0	-	-	250	multi	6
v7new3-81	17	角色多样性权 1→0 · 类别多样性权 1→0 · 对手池 16→17 ‖ 49 枚 ‖ 09-18→09-19 ‖ 父 d13d3c85	2026-09-18T11:37:07	81	81	d13d3c85		RUNNER-BASE d13d3c85…（v1.3.58 BASE · runner 恒拷 EPIRUS_BUNDLE_IN 的产物 · 584 枚共指 · **非血统**）	db86b1620cfb4cbf	-	0.3	6	0	0	17	0.05	0.12	0.01	0	0	0	-	-	250	multi	6
v7new3-92	17	角色多样性权 1→0 · 类别多样性权 1→0 · 对手池 16→17 ‖ 49 枚 ‖ 09-18→09-19 ‖ 父 d13d3c85	2026-09-18T11:43:08	92	92	d13d3c85		RUNNER-BASE d13d3c85…（v1.3.58 BASE · runner 恒拷 EPIRUS_BUNDLE_IN 的产物 · 584 枚共指 · **非血统**）	0e78784b033f6373	-	0.3	6	0	0	17	0.05	0.12	0.01	0	0	0	-	-	250	multi	6
v7new4-81	17	角色多样性权 1→0 · 类别多样性权 1→0 · 对手池 16→17 ‖ 49 枚 ‖ 09-18→09-19 ‖ 父 d13d3c85	2026-09-18T11:49:34	81	81	d13d3c85		RUNNER-BASE d13d3c85…（v1.3.58 BASE · runner 恒拷 EPIRUS_BUNDLE_IN 的产物 · 584 枚共指 · **非血统**）	727a41b51164bac4	-	0.3	6	0	0	17	0.05	0.12	0.01	0	0	0	-	-	250	multi	6
v7new4-92	17	角色多样性权 1→0 · 类别多样性权 1→0 · 对手池 16→17 ‖ 49 枚 ‖ 09-18→09-19 ‖ 父 d13d3c85	2026-09-18T11:56:15	92	92	d13d3c85		RUNNER-BASE d13d3c85…（v1.3.58 BASE · runner 恒拷 EPIRUS_BUNDLE_IN 的产物 · 584 枚共指 · **非血统**）	f985bb95d2ca9594	-	0.3	6	0	0	17	0.05	0.12	0.01	0	0	0	-	-	250	multi	6
v7new5_005-81	17	角色多样性权 1→0 · 类别多样性权 1→0 · 对手池 16→17 ‖ 49 枚 ‖ 09-18→09-19 ‖ 父 d13d3c85	2026-09-18T12:04:47	81	81	d13d3c85		RUNNER-BASE d13d3c85…（v1.3.58 BASE · runner 恒拷 EPIRUS_BUNDLE_IN 的产物 · 584 枚共指 · **非血统**）	ab21a7d18e7dbe62	-	0.3	6	0	0	17	0.05	0.12	0.01	0	0	0	-	-	250	multi	6
v7new5_005-92	17	角色多样性权 1→0 · 类别多样性权 1→0 · 对手池 16→17 ‖ 49 枚 ‖ 09-18→09-19 ‖ 父 d13d3c85	2026-09-18T12:11:45	92	92	d13d3c85		RUNNER-BASE d13d3c85…（v1.3.58 BASE · runner 恒拷 EPIRUS_BUNDLE_IN 的产物 · 584 枚共指 · **非血统**）	e12acb409b064aa9	-	0.3	6	0	0	17	0.05	0.12	0.01	0	0	0	-	-	250	multi	6
v7new5_01-81	17	角色多样性权 1→0 · 类别多样性权 1→0 · 对手池 16→17 ‖ 49 枚 ‖ 09-18→09-19 ‖ 父 d13d3c85	2026-09-18T12:17:33	81	81	d13d3c85		RUNNER-BASE d13d3c85…（v1.3.58 BASE · runner 恒拷 EPIRUS_BUNDLE_IN 的产物 · 584 枚共指 · **非血统**）	3408de99c8aeb134	-	0.3	6	0	0	17	0.05	0.12	0.01	0	0	0	-	-	250	multi	6
v7new5_01-92	17	角色多样性权 1→0 · 类别多样性权 1→0 · 对手池 16→17 ‖ 49 枚 ‖ 09-18→09-19 ‖ 父 d13d3c85	2026-09-18T12:23:11	92	92	d13d3c85		RUNNER-BASE d13d3c85…（v1.3.58 BASE · runner 恒拷 EPIRUS_BUNDLE_IN 的产物 · 584 枚共指 · **非血统**）	c1e01fd3562a75e3	-	0.3	6	0	0	17	0.05	0.12	0.01	0	0	0	-	-	250	multi	6
v7new6-94	17	角色多样性权 1→0 · 类别多样性权 1→0 · 对手池 16→17 ‖ 49 枚 ‖ 09-18→09-19 ‖ 父 d13d3c85	2026-09-18T12:33:26	94	94	d13d3c85		RUNNER-BASE d13d3c85…（v1.3.58 BASE · runner 恒拷 EPIRUS_BUNDLE_IN 的产物 · 584 枚共指 · **非血统**）	9efbdfdd37d65bd4	-	0.3	6	0	0	17	0.05	0.12	0.01	0	0	0	-	-	250	multi	6
v7new6-97	17	角色多样性权 1→0 · 类别多样性权 1→0 · 对手池 16→17 ‖ 49 枚 ‖ 09-18→09-19 ‖ 父 d13d3c85	2026-09-18T12:39:00	97	97	d13d3c85		RUNNER-BASE d13d3c85…（v1.3.58 BASE · runner 恒拷 EPIRUS_BUNDLE_IN 的产物 · 584 枚共指 · **非血统**）	bfa34c5d9583b71e	-	0.3	6	0	0	17	0.05	0.12	0.01	0	0	0	-	-	250	multi	6
v7noteach1-31	17	角色多样性权 1→0 · 类别多样性权 1→0 · 对手池 16→17 ‖ 49 枚 ‖ 09-18→09-19 ‖ 父 d13d3c85	2026-09-19T03:17:44	31	31	d13d3c85		RUNNER-BASE d13d3c85…（v1.3.58 BASE · runner 恒拷 EPIRUS_BUNDLE_IN 的产物 · 584 枚共指 · **非血统**）	40123580527e13b2	-	0.3	6	0	0	17	0.05	0.12	0.01	0	0	0	-	-	250	multi	6
v7noteach1-91	17	角色多样性权 1→0 · 类别多样性权 1→0 · 对手池 16→17 ‖ 49 枚 ‖ 09-18→09-19 ‖ 父 d13d3c85	2026-09-19T03:24:17	91	91	d13d3c85		RUNNER-BASE d13d3c85…（v1.3.58 BASE · runner 恒拷 EPIRUS_BUNDLE_IN 的产物 · 584 枚共指 · **非血统**）	5236594655ed8677	-	0.3	6	0	0	17	0.05	0.12	0.01	0	0	0	-	-	250	multi	6
v7phase-31	7	对手池 12→15 ‖ 126 枚 ‖ 09-14→09-15 ‖ 父 d13d3c85	2026-09-14T15:10:19	32	31	d13d3c85		RUNNER-BASE d13d3c85…（v1.3.58 BASE · runner 恒拷 EPIRUS_BUNDLE_IN 的产物 · 584 枚共指 · **非血统**）	f5f71af64b604789	-	0.06	-	-	-	15	0.05	0.12	0.01	0	0	0	-	-	250	multi	6
v7phase-34	7	对手池 12→15 ‖ 126 枚 ‖ 09-14→09-15 ‖ 父 d13d3c85	2026-09-14T15:10:19	32	34	d13d3c85		RUNNER-BASE d13d3c85…（v1.3.58 BASE · runner 恒拷 EPIRUS_BUNDLE_IN 的产物 · 584 枚共指 · **非血统**）	f5f71af64b604789	-	0.06	-	-	-	15	0.05	0.12	0.01	0	0	0	-	-	250	multi	6
v7press-36	24	零散实验（<6 枚的类合并） ‖ 47 枚 ‖ ined→ined ‖ 父 e379c62c,d13d3c85,d490dc13,-,3d7fca4e	2026-09-13T15:01:52	36	36	d13d3c85		RUNNER-BASE d13d3c85…（v1.3.58 BASE · runner 恒拷 EPIRUS_BUNDLE_IN 的产物 · 584 枚共指 · **非血统**）	81057cb295c3a5e6	-	0.06	-	-	-	13	0.05	0.12	0.01	0	0	0	-	-	250	multi	6
v7press1-82	19	珠价 divW 0.06→0.3 · 对手池 17→20 ‖ 48 枚 ‖ 09-19→09-19 ‖ 父 d13d3c85	2026-09-19T04:30:39	82	82	d13d3c85		RUNNER-BASE d13d3c85…（v1.3.58 BASE · runner 恒拷 EPIRUS_BUNDLE_IN 的产物 · 584 枚共指 · **非血统**）	7a4e3391514c9a6e	-	0.3	6	0	0	20	0.05	0.12	0.01	0	0	0	-	-	250	multi	6
v7press1-93	19	珠价 divW 0.06→0.3 · 对手池 17→20 ‖ 48 枚 ‖ 09-19→09-19 ‖ 父 d13d3c85	2026-09-19T04:36:31	93	93	d13d3c85		RUNNER-BASE d13d3c85…（v1.3.58 BASE · runner 恒拷 EPIRUS_BUNDLE_IN 的产物 · 584 枚共指 · **非血统**）	eb2c289e7d6d36e9	-	0.3	6	0	0	20	0.05	0.12	0.01	0	0	0	-	-	250	multi	6
v7press2-82	19	珠价 divW 0.06→0.3 · 对手池 17→20 ‖ 48 枚 ‖ 09-19→09-19 ‖ 父 d13d3c85	2026-09-19T04:45:45	82	82	d13d3c85		RUNNER-BASE d13d3c85…（v1.3.58 BASE · runner 恒拷 EPIRUS_BUNDLE_IN 的产物 · 584 枚共指 · **非血统**）	a2f2e46aa72c2a0d	-	0.3	6	0	0	20	0.05	0.12	0.01	0	0	0	-	-	250	multi	6
v7press2-93	19	珠价 divW 0.06→0.3 · 对手池 17→20 ‖ 48 枚 ‖ 09-19→09-19 ‖ 父 d13d3c85	2026-09-19T04:52:13	93	93	d13d3c85		RUNNER-BASE d13d3c85…（v1.3.58 BASE · runner 恒拷 EPIRUS_BUNDLE_IN 的产物 · 584 枚共指 · **非血统**）	de79ea3075e9c869	-	0.3	6	0	0	20	0.05	0.12	0.01	0	0	0	-	-	250	multi	6
v7press3-82	19	珠价 divW 0.06→0.3 · 对手池 17→20 ‖ 48 枚 ‖ 09-19→09-19 ‖ 父 d13d3c85	2026-09-19T05:02:53	82	82	d13d3c85		RUNNER-BASE d13d3c85…（v1.3.58 BASE · runner 恒拷 EPIRUS_BUNDLE_IN 的产物 · 584 枚共指 · **非血统**）	422c0b490585ac7d	-	0.3	6	0	0	20	0.05	0.12	0.01	0	0	0	-	-	250	multi	6
v7press3-93	19	珠价 divW 0.06→0.3 · 对手池 17→20 ‖ 48 枚 ‖ 09-19→09-19 ‖ 父 d13d3c85	2026-09-19T05:08:45	93	93	d13d3c85		RUNNER-BASE d13d3c85…（v1.3.58 BASE · runner 恒拷 EPIRUS_BUNDLE_IN 的产物 · 584 枚共指 · **非血统**）	8c6248bca7c09a08	-	0.3	6	0	0	20	0.05	0.12	0.01	0	0	0	-	-	250	multi	6
v7protoE-82	24	零散实验（<6 枚的类合并） ‖ 47 枚 ‖ ined→ined ‖ 父 e379c62c,d13d3c85,d490dc13,-,3d7fca4e	2026-09-16T14:22:01	82	82	d13d3c85		RUNNER-BASE d13d3c85…（v1.3.58 BASE · runner 恒拷 EPIRUS_BUNDLE_IN 的产物 · 584 枚共指 · **非血统**）	d0d5c0e1afdd0ec8	-	0.06	6	-	-	18	0.05	0.12	0.01	0	0	0	-	-	250	multi	6
v7r3-46	8	对手池 15→18 ‖ 13 枚 ‖ 09-14→09-14 ‖ 父 d13d3c85	2026-09-14T11:58:36	46	46	d13d3c85		RUNNER-BASE d13d3c85…（v1.3.58 BASE · runner 恒拷 EPIRUS_BUNDLE_IN 的产物 · 584 枚共指 · **非血统**）	0e2b9926143adba6	-	0.06	-	-	-	18	0.05	0.12	0.01	0	0	0	-	-	250	multi	6
v7rand-33	7	对手池 12→15 ‖ 126 枚 ‖ 09-14→09-15 ‖ 父 d13d3c85	2026-09-14T14:22:14	33	33	d13d3c85		RUNNER-BASE d13d3c85…（v1.3.58 BASE · runner 恒拷 EPIRUS_BUNDLE_IN 的产物 · 584 枚共指 · **非血统**）	dde8eb12881ccbb7	-	0.06	-	-	-	15	0.05	0.12	0.01	0	0	0	-	-	250	multi	6
v7rand-36	7	对手池 12→15 ‖ 126 枚 ‖ 09-14→09-15 ‖ 父 d13d3c85	2026-09-14T14:22:14	33	36	d13d3c85		RUNNER-BASE d13d3c85…（v1.3.58 BASE · runner 恒拷 EPIRUS_BUNDLE_IN 的产物 · 584 枚共指 · **非血统**）	dde8eb12881ccbb7	-	0.06	-	-	-	15	0.05	0.12	0.01	0	0	0	-	-	250	multi	6
v7rb1-92	20	对手池 20→22 ‖ 18 枚 ‖ 09-19→09-20 ‖ 父 d13d3c85	2026-09-19T16:34:56	92	92	d13d3c85		RUNNER-BASE d13d3c85…（v1.3.58 BASE · runner 恒拷 EPIRUS_BUNDLE_IN 的产物 · 584 枚共指 · **非血统**）	3931705913eec3fb	-	0.3	6	0	0	22	0.05	0.12	0.01	0	0	0	-	-	250	multi	6
v7rb2-92	21	嵌入种子自 6→- ‖ 76 枚 ‖ 09-19→09-21 ‖ 父 1a6e180d,8358c7b7,a92a45d7,e7201989,0660c3d1,fb8c77d8,30c3cc67,03b35fca,c540a84c,d08ece17,f008171a,03e5411f	2026-09-19T16:48:12	92	92	03b35fca	v7press3-91	v7press3-91	40549367aaf71eda	-	0.3	6	0	0	22	0.05	0.12	0.01	0	0	0	-	-	250	multi	-
v7ringA1-81	18	珠价 divW 0.3→0.06 ‖ 54 枚 ‖ 09-18→09-18 ‖ 父 d13d3c85	2026-09-18T13:23:51	81	81	d13d3c85		RUNNER-BASE d13d3c85…（v1.3.58 BASE · runner 恒拷 EPIRUS_BUNDLE_IN 的产物 · 584 枚共指 · **非血统**）	8b43e84596c52f9f	-	0.06	6	0	0	17	0.05	0.12	0.01	0	0	0	-	-	250	multi	6
v7ringA1-92	18	珠价 divW 0.3→0.06 ‖ 54 枚 ‖ 09-18→09-18 ‖ 父 d13d3c85	2026-09-18T13:29:18	92	92	d13d3c85		RUNNER-BASE d13d3c85…（v1.3.58 BASE · runner 恒拷 EPIRUS_BUNDLE_IN 的产物 · 584 枚共指 · **非血统**）	a2f4a9ceaa7af35e	-	0.06	6	0	0	17	0.05	0.12	0.01	0	0	0	-	-	250	multi	6
v7ringB1-81	12	divK -→6 · 角色多样性权 -→0 · 类别多样性权 -→0 · 代数 500→250 ‖ 115 枚 ‖ 09-16→09-18 ‖ 父 d13d3c85	2026-09-18T13:39:25	81	81	d13d3c85		RUNNER-BASE d13d3c85…（v1.3.58 BASE · runner 恒拷 EPIRUS_BUNDLE_IN 的产物 · 584 枚共指 · **非血统**）	ae438393550ff6a1	-	0.06	6	0	0	16	0.05	0.12	0.01	0	0	0	-	-	250	multi	6
v7ringB1-92	12	divK -→6 · 角色多样性权 -→0 · 类别多样性权 -→0 · 代数 500→250 ‖ 115 枚 ‖ 09-16→09-18 ‖ 父 d13d3c85	2026-09-18T13:45:09	92	92	d13d3c85		RUNNER-BASE d13d3c85…（v1.3.58 BASE · runner 恒拷 EPIRUS_BUNDLE_IN 的产物 · 584 枚共指 · **非血统**）	23fd583d62ce732c	-	0.06	6	0	0	16	0.05	0.12	0.01	0	0	0	-	-	250	multi	6
v7ringT-81	12	divK -→6 · 角色多样性权 -→0 · 类别多样性权 -→0 · 代数 500→250 ‖ 115 枚 ‖ 09-16→09-18 ‖ 父 d13d3c85	2026-09-17T04:38:38	81	81	d13d3c85		RUNNER-BASE d13d3c85…（v1.3.58 BASE · runner 恒拷 EPIRUS_BUNDLE_IN 的产物 · 584 枚共指 · **非血统**）	ccab8659a05f182d	-	0.06	6	0	0	16	0.05	0.12	0.01	0	0	0	-	-	250	multi	6
v7ringT-92	12	divK -→6 · 角色多样性权 -→0 · 类别多样性权 -→0 · 代数 500→250 ‖ 115 枚 ‖ 09-16→09-18 ‖ 父 d13d3c85	2026-09-17T04:42:16	92	92	d13d3c85		RUNNER-BASE d13d3c85…（v1.3.58 BASE · runner 恒拷 EPIRUS_BUNDLE_IN 的产物 · 584 枚共指 · **非血统**）	80242ed77ae01f10	-	0.06	6	0	0	16	0.05	0.12	0.01	0	0	0	-	-	250	multi	6
v7ringT2-81	12	divK -→6 · 角色多样性权 -→0 · 类别多样性权 -→0 · 代数 500→250 ‖ 115 枚 ‖ 09-16→09-18 ‖ 父 d13d3c85	2026-09-17T04:49:24	81	81	d13d3c85		RUNNER-BASE d13d3c85…（v1.3.58 BASE · runner 恒拷 EPIRUS_BUNDLE_IN 的产物 · 584 枚共指 · **非血统**）	ccab8659a05f182d	-	0.06	6	0	0	16	0.05	0.12	0.01	0	0	0	-	-	250	multi	6
v7ringT2-92	12	divK -→6 · 角色多样性权 -→0 · 类别多样性权 -→0 · 代数 500→250 ‖ 115 枚 ‖ 09-16→09-18 ‖ 父 d13d3c85	2026-09-17T04:53:02	92	92	d13d3c85		RUNNER-BASE d13d3c85…（v1.3.58 BASE · runner 恒拷 EPIRUS_BUNDLE_IN 的产物 · 584 枚共指 · **非血统**）	80242ed77ae01f10	-	0.06	6	0	0	16	0.05	0.12	0.01	0	0	0	-	-	250	multi	6
v7ringT3-81	12	divK -→6 · 角色多样性权 -→0 · 类别多样性权 -→0 · 代数 500→250 ‖ 115 枚 ‖ 09-16→09-18 ‖ 父 d13d3c85	2026-09-17T04:59:15	81	81	d13d3c85		RUNNER-BASE d13d3c85…（v1.3.58 BASE · runner 恒拷 EPIRUS_BUNDLE_IN 的产物 · 584 枚共指 · **非血统**）	3301849e79785dae	-	0.06	6	0	0	16	0.05	0.12	0.01	0	0	0	-	-	250	multi	6
v7ringT3-92	12	divK -→6 · 角色多样性权 -→0 · 类别多样性权 -→0 · 代数 500→250 ‖ 115 枚 ‖ 09-16→09-18 ‖ 父 d13d3c85	2026-09-17T05:03:17	92	92	d13d3c85		RUNNER-BASE d13d3c85…（v1.3.58 BASE · runner 恒拷 EPIRUS_BUNDLE_IN 的产物 · 584 枚共指 · **非血统**）	2fe367bcbb390714	-	0.06	6	0	0	16	0.05	0.12	0.01	0	0	0	-	-	250	multi	6
v7role1-81	14	角色多样性权 0.5→1 · 类别多样性权 0.5→1 ‖ 16 枚 ‖ 09-16→09-16 ‖ 父 d13d3c85	2026-09-16T15:54:17	81	81	d13d3c85		RUNNER-BASE d13d3c85…（v1.3.58 BASE · runner 恒拷 EPIRUS_BUNDLE_IN 的产物 · 584 枚共指 · **非血统**）	8e4e274ebf5fee03	-	0.06	6	1	1	16	0.05	0.12	0.01	0	0	0	-	-	250	multi	6
v7role1-92	14	角色多样性权 0.5→1 · 类别多样性权 0.5→1 ‖ 16 枚 ‖ 09-16→09-16 ‖ 父 d13d3c85	2026-09-16T15:57:51	92	92	d13d3c85		RUNNER-BASE d13d3c85…（v1.3.58 BASE · runner 恒拷 EPIRUS_BUNDLE_IN 的产物 · 584 枚共指 · **非血统**）	c153229927c3de6e	-	0.06	6	1	1	16	0.05	0.12	0.01	0	0	0	-	-	250	multi	6
v7role12-94	14	角色多样性权 0.5→1 · 类别多样性权 0.5→1 ‖ 16 枚 ‖ 09-16→09-16 ‖ 父 d13d3c85	2026-09-16T16:20:58	94	94	d13d3c85		RUNNER-BASE d13d3c85…（v1.3.58 BASE · runner 恒拷 EPIRUS_BUNDLE_IN 的产物 · 584 枚共指 · **非血统**）	266570b118d15212	-	0.06	6	1	1	16	0.05	0.12	0.01	0	0	0	-	-	250	multi	6
v7role1w-31	14	角色多样性权 0.5→1 · 类别多样性权 0.5→1 ‖ 16 枚 ‖ 09-16→09-16 ‖ 父 d13d3c85	2026-09-16T16:04:02	31	31	d13d3c85		RUNNER-BASE d13d3c85…（v1.3.58 BASE · runner 恒拷 EPIRUS_BUNDLE_IN 的产物 · 584 枚共指 · **非血统**）	c5f0bd802dbd39ba	-	0.06	6	1	1	16	0.05	0.12	0.01	0	0	0	-	-	250	multi	6
v7role1w-91	14	角色多样性权 0.5→1 · 类别多样性权 0.5→1 ‖ 16 枚 ‖ 09-16→09-16 ‖ 父 d13d3c85	2026-09-16T16:08:22	91	91	d13d3c85		RUNNER-BASE d13d3c85…（v1.3.58 BASE · runner 恒拷 EPIRUS_BUNDLE_IN 的产物 · 584 枚共指 · **非血统**）	71ab98d0f032cc86	-	0.06	6	1	1	16	0.05	0.12	0.01	0	0	0	-	-	250	multi	6
v7role5-31	13	角色多样性权 0→0.5 · 类别多样性权 0→0.5 ‖ 6 枚 ‖ 09-16→09-16 ‖ 父 d13d3c85	2026-09-16T15:44:42	31	31	d13d3c85		RUNNER-BASE d13d3c85…（v1.3.58 BASE · runner 恒拷 EPIRUS_BUNDLE_IN 的产物 · 584 枚共指 · **非血统**）	2c1fac17fcd8a731	-	0.06	6	0.5	0.5	16	0.05	0.12	0.01	0	0	0	-	-	250	multi	6
v7role5-91	13	角色多样性权 0→0.5 · 类别多样性权 0→0.5 ‖ 6 枚 ‖ 09-16→09-16 ‖ 父 d13d3c85	2026-09-16T15:48:21	91	91	d13d3c85		RUNNER-BASE d13d3c85…（v1.3.58 BASE · runner 恒拷 EPIRUS_BUNDLE_IN 的产物 · 584 枚共指 · **非血统**）	d9353b84d8ce0499	-	0.06	6	0.5	0.5	16	0.05	0.12	0.01	0	0	0	-	-	250	multi	6
v7roleC-31	12	divK -→6 · 角色多样性权 -→0 · 类别多样性权 -→0 · 代数 500→250 ‖ 115 枚 ‖ 09-16→09-18 ‖ 父 d13d3c85	2026-09-16T15:36:46	31	31	d13d3c85		RUNNER-BASE d13d3c85…（v1.3.58 BASE · runner 恒拷 EPIRUS_BUNDLE_IN 的产物 · 584 枚共指 · **非血统**）	4f91458044aada8a	-	0.06	6	0	0	16	0.05	0.12	0.01	0	0	0	-	-	250	multi	6
v7roleC-91	12	divK -→6 · 角色多样性权 -→0 · 类别多样性权 -→0 · 代数 500→250 ‖ 115 枚 ‖ 09-16→09-18 ‖ 父 d13d3c85	2026-09-16T15:40:18	91	91	d13d3c85		RUNNER-BASE d13d3c85…（v1.3.58 BASE · runner 恒拷 EPIRUS_BUNDLE_IN 的产物 · 584 枚共指 · **非血统**）	4ba1f887e8efd36f	-	0.06	6	0	0	16	0.05	0.12	0.01	0	0	0	-	-	250	multi	6
v7roleC2-31	12	divK -→6 · 角色多样性权 -→0 · 类别多样性权 -→0 · 代数 500→250 ‖ 115 枚 ‖ 09-16→09-18 ‖ 父 d13d3c85	2026-09-16T16:13:36	31	31	d13d3c85		RUNNER-BASE d13d3c85…（v1.3.58 BASE · runner 恒拷 EPIRUS_BUNDLE_IN 的产物 · 584 枚共指 · **非血统**）	4f91458044aada8a	-	0.06	6	0	0	16	0.05	0.12	0.01	0	0	0	-	-	250	multi	6
v7roleC2-96	12	divK -→6 · 角色多样性权 -→0 · 类别多样性权 -→0 · 代数 500→250 ‖ 115 枚 ‖ 09-16→09-18 ‖ 父 d13d3c85	2026-09-16T16:17:46	96	96	d13d3c85		RUNNER-BASE d13d3c85…（v1.3.58 BASE · runner 恒拷 EPIRUS_BUNDLE_IN 的产物 · 584 枚共指 · **非血统**）	23ffb14bc0908b82	-	0.06	6	0	0	16	0.05	0.12	0.01	0	0	0	-	-	250	multi	6
v7s4-93	21	嵌入种子自 6→- ‖ 76 枚 ‖ 09-19→09-21 ‖ 父 1a6e180d,8358c7b7,a92a45d7,e7201989,0660c3d1,fb8c77d8,30c3cc67,03b35fca,c540a84c,d08ece17,f008171a,03e5411f	2026-09-20T08:01:26	93	93	fb8c77d8	v7cur2-31	v7cur2-31	7a0b75a2b5e1f814	-	0.3	6	0	0	22	0.05	0.12	0.01	0	0	0	-	-	250	multi	-
v7s5-93	21	嵌入种子自 6→- ‖ 76 枚 ‖ 09-19→09-21 ‖ 父 1a6e180d,8358c7b7,a92a45d7,e7201989,0660c3d1,fb8c77d8,30c3cc67,03b35fca,c540a84c,d08ece17,f008171a,03e5411f	2026-09-20T08:18:19	93	93	c540a84c	v7s4-31	v7s4-31	8822c275381852da	-	0.3	6	0	0	22	0.05	0.12	0.01	0	0	0	-	-	250	multi	-
v7s6-93	21	嵌入种子自 6→- ‖ 76 枚 ‖ 09-19→09-21 ‖ 父 1a6e180d,8358c7b7,a92a45d7,e7201989,0660c3d1,fb8c77d8,30c3cc67,03b35fca,c540a84c,d08ece17,f008171a,03e5411f	2026-09-20T10:10:19	93	93	d08ece17	v7s5-31	v7s5-31	27c6110021500830	-	0.3	6	0	0	22	0.05	0.12	0.01	0	0	0	-	-	250	multi	-
v7s7-93	21	嵌入种子自 6→- ‖ 76 枚 ‖ 09-19→09-21 ‖ 父 1a6e180d,8358c7b7,a92a45d7,e7201989,0660c3d1,fb8c77d8,30c3cc67,03b35fca,c540a84c,d08ece17,f008171a,03e5411f	2026-09-20T10:23:31	93	93	f008171a	v7s6-31	v7s6-31	7fd318b08cad9a59	-	0.3	6	0	0	22	0.05	0.12	0.01	0	0	0	-	-	250	multi	-
v7s8-93	21	嵌入种子自 6→- ‖ 76 枚 ‖ 09-19→09-21 ‖ 父 1a6e180d,8358c7b7,a92a45d7,e7201989,0660c3d1,fb8c77d8,30c3cc67,03b35fca,c540a84c,d08ece17,f008171a,03e5411f	2026-09-20T10:38:46	93	93	03e5411f	v7s7-31	v7s7-31	265068e1ae91f5f2	-	0.3	6	0	0	22	0.05	0.12	0.01	0	0	0	-	-	250	multi	-
v7s9-93	21	嵌入种子自 6→- ‖ 76 枚 ‖ 09-19→09-21 ‖ 父 1a6e180d,8358c7b7,a92a45d7,e7201989,0660c3d1,fb8c77d8,30c3cc67,03b35fca,c540a84c,d08ece17,f008171a,03e5411f	2026-09-20T10:53:48	93	93	30c3cc67	v7s8-82	v7s8-82	a60ba27d6bff091b	-	0.3	6	0	0	22	0.05	0.12	0.01	0	0	0	-	-	250	multi	-
v7salt-33	7	对手池 12→15 ‖ 126 枚 ‖ 09-14→09-15 ‖ 父 d13d3c85	2026-09-14T15:10:19	32	33	d13d3c85		RUNNER-BASE d13d3c85…（v1.3.58 BASE · runner 恒拷 EPIRUS_BUNDLE_IN 的产物 · 584 枚共指 · **非血统**）	f5f71af64b604789	-	0.06	-	-	-	15	0.05	0.12	0.01	0	0	0	-	-	250	multi	6
v7salt-36	7	对手池 12→15 ‖ 126 枚 ‖ 09-14→09-15 ‖ 父 d13d3c85	2026-09-14T15:10:19	32	36	d13d3c85		RUNNER-BASE d13d3c85…（v1.3.58 BASE · runner 恒拷 EPIRUS_BUNDLE_IN 的产物 · 584 枚共指 · **非血统**）	f5f71af64b604789	-	0.06	-	-	-	15	0.05	0.12	0.01	0	0	0	-	-	250	multi	6
v7seat2-46	7	对手池 12→15 ‖ 126 枚 ‖ 09-14→09-15 ‖ 父 d13d3c85	2026-09-14T13:26:38	46	46	d13d3c85		RUNNER-BASE d13d3c85…（v1.3.58 BASE · runner 恒拷 EPIRUS_BUNDLE_IN 的产物 · 584 枚共指 · **非血统**）	7ea94be35219c637	-	0.06	-	-	-	15	0.05	0.12	0.01	0	0	0	-	-	250	multi	6
v7seat2-51	7	对手池 12→15 ‖ 126 枚 ‖ 09-14→09-15 ‖ 父 d13d3c85	2026-09-14T13:30:14	51	51	d13d3c85		RUNNER-BASE d13d3c85…（v1.3.58 BASE · runner 恒拷 EPIRUS_BUNDLE_IN 的产物 · 584 枚共指 · **非血统**）	b35a13e91f2cf234	-	0.06	-	-	-	15	0.05	0.12	0.01	0	0	0	-	-	250	multi	6
v7seat24-82	15	珠价 divW 0.06→0.3 · 角色多样性权 1→0 · 类别多样性权 1→0 ‖ 28 枚 ‖ 09-16→09-18 ‖ 父 d13d3c85	2026-09-18T04:52:46	82	82	d13d3c85		RUNNER-BASE d13d3c85…（v1.3.58 BASE · runner 恒拷 EPIRUS_BUNDLE_IN 的产物 · 584 枚共指 · **非血统**）	5251f95f2deb1072	-	0.3	6	0	0	16	0.05	0.12	0.01	0	0	0	-	-	250	multi	6
v7seat24b-92	15	珠价 divW 0.06→0.3 · 角色多样性权 1→0 · 类别多样性权 1→0 ‖ 28 枚 ‖ 09-16→09-18 ‖ 父 d13d3c85	2026-09-18T05:02:49	92	92	d13d3c85		RUNNER-BASE d13d3c85…（v1.3.58 BASE · runner 恒拷 EPIRUS_BUNDLE_IN 的产物 · 584 枚共指 · **非血统**）	5b7320cf31842c71	-	0.3	6	0	0	16	0.05	0.12	0.01	0	0	0	-	-	250	multi	6
v7stock1-31	12	divK -→6 · 角色多样性权 -→0 · 类别多样性权 -→0 · 代数 500→250 ‖ 115 枚 ‖ 09-16→09-18 ‖ 父 d13d3c85	2026-09-17T05:07:01	31	31	d13d3c85		RUNNER-BASE d13d3c85…（v1.3.58 BASE · runner 恒拷 EPIRUS_BUNDLE_IN 的产物 · 584 枚共指 · **非血统**）	e13e4187c38ae349	-	0.06	6	0	0	16	0.05	0.12	0.01	0	0	0	-	-	250	multi	6
v7stock1-91	12	divK -→6 · 角色多样性权 -→0 · 类别多样性权 -→0 · 代数 500→250 ‖ 115 枚 ‖ 09-16→09-18 ‖ 父 d13d3c85	2026-09-17T05:10:43	91	91	d13d3c85		RUNNER-BASE d13d3c85…（v1.3.58 BASE · runner 恒拷 EPIRUS_BUNDLE_IN 的产物 · 584 枚共指 · **非血统**）	e1841f80125092c4	-	0.06	6	0	0	16	0.05	0.12	0.01	0	0	0	-	-	250	multi	6
v7stock2-31	12	divK -→6 · 角色多样性权 -→0 · 类别多样性权 -→0 · 代数 500→250 ‖ 115 枚 ‖ 09-16→09-18 ‖ 父 d13d3c85	2026-09-17T05:33:06	31	31	d13d3c85		RUNNER-BASE d13d3c85…（v1.3.58 BASE · runner 恒拷 EPIRUS_BUNDLE_IN 的产物 · 584 枚共指 · **非血统**）	85dca4ee62079d68	-	0.06	6	0	0	16	0.05	0.12	0.01	0	0	0	-	-	250	multi	6
v7stock2-91	12	divK -→6 · 角色多样性权 -→0 · 类别多样性权 -→0 · 代数 500→250 ‖ 115 枚 ‖ 09-16→09-18 ‖ 父 d13d3c85	2026-09-17T05:37:01	91	91	d13d3c85		RUNNER-BASE d13d3c85…（v1.3.58 BASE · runner 恒拷 EPIRUS_BUNDLE_IN 的产物 · 584 枚共指 · **非血统**）	74ae742b2b443657	-	0.06	6	0	0	16	0.05	0.12	0.01	0	0	0	-	-	250	multi	6
v7sub1-31	12	divK -→6 · 角色多样性权 -→0 · 类别多样性权 -→0 · 代数 500→250 ‖ 115 枚 ‖ 09-16→09-18 ‖ 父 d13d3c85	2026-09-17T14:05:18	31	31	d13d3c85		RUNNER-BASE d13d3c85…（v1.3.58 BASE · runner 恒拷 EPIRUS_BUNDLE_IN 的产物 · 584 枚共指 · **非血统**）	fd6b5df2308b0d25	-	0.06	6	0	0	16	0.05	0.12	0.01	0	0	0	-	-	250	multi	6
v7sub1-91	12	divK -→6 · 角色多样性权 -→0 · 类别多样性权 -→0 · 代数 500→250 ‖ 115 枚 ‖ 09-16→09-18 ‖ 父 d13d3c85	2026-09-17T14:09:15	91	91	d13d3c85		RUNNER-BASE d13d3c85…（v1.3.58 BASE · runner 恒拷 EPIRUS_BUNDLE_IN 的产物 · 584 枚共指 · **非血统**）	87efaa9073798e7d	-	0.06	6	0	0	16	0.05	0.12	0.01	0	0	0	-	-	250	multi	6
v7t1-31	21	嵌入种子自 6→- ‖ 76 枚 ‖ 09-19→09-21 ‖ 父 1a6e180d,8358c7b7,a92a45d7,e7201989,0660c3d1,fb8c77d8,30c3cc67,03b35fca,c540a84c,d08ece17,f008171a,03e5411f	2026-09-20T16:59:59	31	31	8358c7b7	v7n1-93	v7n1-93	41e9caa65961db77	56402bbf	0.3	6	0	0	22	0.05	0.12	0.01	0	0	0	-	-	250	multi	-
v7t2-31	21	嵌入种子自 6→- ‖ 76 枚 ‖ 09-19→09-21 ‖ 父 1a6e180d,8358c7b7,a92a45d7,e7201989,0660c3d1,fb8c77d8,30c3cc67,03b35fca,c540a84c,d08ece17,f008171a,03e5411f	2026-09-20T17:18:25	31	31	8358c7b7	v7n1-93	v7n1-93	f68e3b41bc033d03	56402bbf	0.3	6	0	0	22	0.05	0.12	0.01	0	0	0	-	-	250	multi	-
v7teach-32	7	对手池 12→15 ‖ 126 枚 ‖ 09-14→09-15 ‖ 父 d13d3c85	2026-09-14T04:48:35	32	32	d13d3c85		RUNNER-BASE d13d3c85…（v1.3.58 BASE · runner 恒拷 EPIRUS_BUNDLE_IN 的产物 · 584 枚共指 · **非血统**）	a21e867e46aa5378	-	0.06	-	-	-	15	0.05	0.12	0.01	0	0	0	-	-	250	multi	6
v7teach2-31	7	对手池 12→15 ‖ 126 枚 ‖ 09-14→09-15 ‖ 父 d13d3c85	2026-09-14T04:54:30	31	31	d13d3c85		RUNNER-BASE d13d3c85…（v1.3.58 BASE · runner 恒拷 EPIRUS_BUNDLE_IN 的产物 · 584 枚共指 · **非血统**）	213e6f320af2038a	-	0.06	-	-	-	15	0.05	0.12	0.01	0	0	0	-	-	250	multi	6
v7tgt2-31	10	珠价 divW 0.6→0.06 · 对手池 15→16 ‖ 12 枚 ‖ 09-16→09-16 ‖ 父 d13d3c85	2026-09-16T04:55:52	31	31	d13d3c85		RUNNER-BASE d13d3c85…（v1.3.58 BASE · runner 恒拷 EPIRUS_BUNDLE_IN 的产物 · 584 枚共指 · **非血统**）	ad084a1f4c98c04a	-	0.06	-	-	-	16	0.05	0.12	0.01	0	0	0	-	-	250	multi	6
v7tgt4-62	10	珠价 divW 0.6→0.06 · 对手池 15→16 ‖ 12 枚 ‖ 09-16→09-16 ‖ 父 d13d3c85	2026-09-16T10:28:39	62	62	d13d3c85		RUNNER-BASE d13d3c85…（v1.3.58 BASE · runner 恒拷 EPIRUS_BUNDLE_IN 的产物 · 584 枚共指 · **非血统**）	54600acab6333e65	-	0.06	-	-	-	16	0.05	0.12	0.01	0	0	0	-	-	250	multi	6
v7tgt4-66	10	珠价 divW 0.6→0.06 · 对手池 15→16 ‖ 12 枚 ‖ 09-16→09-16 ‖ 父 d13d3c85	2026-09-16T10:32:53	66	66	d13d3c85		RUNNER-BASE d13d3c85…（v1.3.58 BASE · runner 恒拷 EPIRUS_BUNDLE_IN 的产物 · 584 枚共指 · **非血统**）	dea1277ce135d2b5	-	0.06	-	-	-	16	0.05	0.12	0.01	0	0	0	-	-	250	multi	6
v7tgt5-64	10	珠价 divW 0.6→0.06 · 对手池 15→16 ‖ 12 枚 ‖ 09-16→09-16 ‖ 父 d13d3c85	2026-09-16T10:43:11	64	64	d13d3c85		RUNNER-BASE d13d3c85…（v1.3.58 BASE · runner 恒拷 EPIRUS_BUNDLE_IN 的产物 · 584 枚共指 · **非血统**）	acbfa100611ad379	-	0.06	-	-	-	16	0.05	0.12	0.01	0	0	0	-	-	250	multi	6
v7u1-93	21	嵌入种子自 6→- ‖ 76 枚 ‖ 09-19→09-21 ‖ 父 1a6e180d,8358c7b7,a92a45d7,e7201989,0660c3d1,fb8c77d8,30c3cc67,03b35fca,c540a84c,d08ece17,f008171a,03e5411f	2026-09-21T03:18:16	93	93	8358c7b7	v7n1-93	v7n1-93	1c33b13882853baf	be6c2195	0.3	6	0	0	22	0.05	0.12	0.01	0	0	0	-	-	250	multi	-
v7w3c-82	15	珠价 divW 0.06→0.3 · 角色多样性权 1→0 · 类别多样性权 1→0 ‖ 28 枚 ‖ 09-16→09-18 ‖ 父 d13d3c85	2026-09-16T16:28:53	82	82	d13d3c85		RUNNER-BASE d13d3c85…（v1.3.58 BASE · runner 恒拷 EPIRUS_BUNDLE_IN 的产物 · 584 枚共指 · **非血统**）	9aa82f5cac1cd0ed	-	0.3	6	0	0	16	0.05	0.12	0.01	0	0	0	-	-	250	multi	6
v7w3c-93	15	珠价 divW 0.06→0.3 · 角色多样性权 1→0 · 类别多样性权 1→0 ‖ 28 枚 ‖ 09-16→09-18 ‖ 父 d13d3c85	2026-09-16T16:33:27	93	93	d13d3c85		RUNNER-BASE d13d3c85…（v1.3.58 BASE · runner 恒拷 EPIRUS_BUNDLE_IN 的产物 · 584 枚共指 · **非血统**）	fd4813da22851a0b	-	0.3	6	0	0	16	0.05	0.12	0.01	0	0	0	-	-	250	multi	6
v7w3r1-82	16	角色多样性权 0→1 · 类别多样性权 0→1 ‖ 6 枚 ‖ 09-16→09-16 ‖ 父 d13d3c85	2026-09-16T16:37:59	82	82	d13d3c85		RUNNER-BASE d13d3c85…（v1.3.58 BASE · runner 恒拷 EPIRUS_BUNDLE_IN 的产物 · 584 枚共指 · **非血统**）	9ee245accfe8a401	-	0.3	6	1	1	16	0.05	0.12	0.01	0	0	0	-	-	250	multi	6
v7w3r1-93	16	角色多样性权 0→1 · 类别多样性权 0→1 ‖ 6 枚 ‖ 09-16→09-16 ‖ 父 d13d3c85	2026-09-16T16:42:02	93	93	d13d3c85		RUNNER-BASE d13d3c85…（v1.3.58 BASE · runner 恒拷 EPIRUS_BUNDLE_IN 的产物 · 584 枚共指 · **非血统**）	a925a03a63344721	-	0.3	6	1	1	16	0.05	0.12	0.01	0	0	0	-	-	250	multi	6
v7wall-34	7	对手池 12→15 ‖ 126 枚 ‖ 09-14→09-15 ‖ 父 d13d3c85	2026-09-14T04:24:34	34	34	d13d3c85		RUNNER-BASE d13d3c85…（v1.3.58 BASE · runner 恒拷 EPIRUS_BUNDLE_IN 的产物 · 584 枚共指 · **非血统**）	ae496c39a2871259	-	0.06	-	-	-	15	0.05	0.12	0.01	0	0	0	-	-	250	multi	6
v7wall1-81	12	divK -→6 · 角色多样性权 -→0 · 类别多样性权 -→0 · 代数 500→250 ‖ 115 枚 ‖ 09-16→09-18 ‖ 父 d13d3c85	2026-09-17T16:20:55	81	81	d13d3c85		RUNNER-BASE d13d3c85…（v1.3.58 BASE · runner 恒拷 EPIRUS_BUNDLE_IN 的产物 · 584 枚共指 · **非血统**）	ea36fd7e44a52848	-	0.06	6	0	0	16	0.05	0.12	0.01	0	0	0	-	-	250	multi	6
v7wall1-92	12	divK -→6 · 角色多样性权 -→0 · 类别多样性权 -→0 · 代数 500→250 ‖ 115 枚 ‖ 09-16→09-18 ‖ 父 d13d3c85	2026-09-17T16:25:20	92	92	d13d3c85		RUNNER-BASE d13d3c85…（v1.3.58 BASE · runner 恒拷 EPIRUS_BUNDLE_IN 的产物 · 584 枚共指 · **非血统**）	8eb7d11ceb421227	-	0.06	6	0	0	16	0.05	0.12	0.01	0	0	0	-	-	250	multi	6
v7wall2-94	12	divK -→6 · 角色多样性权 -→0 · 类别多样性权 -→0 · 代数 500→250 ‖ 115 枚 ‖ 09-16→09-18 ‖ 父 d13d3c85	2026-09-17T16:34:04	94	94	d13d3c85		RUNNER-BASE d13d3c85…（v1.3.58 BASE · runner 恒拷 EPIRUS_BUNDLE_IN 的产物 · 584 枚共指 · **非血统**）	5f267b2e15666442	-	0.06	6	0	0	16	0.05	0.12	0.01	0	0	0	-	-	250	multi	6
v7wall2-97	12	divK -→6 · 角色多样性权 -→0 · 类别多样性权 -→0 · 代数 500→250 ‖ 115 枚 ‖ 09-16→09-18 ‖ 父 d13d3c85	2026-09-17T16:38:12	97	97	d13d3c85		RUNNER-BASE d13d3c85…（v1.3.58 BASE · runner 恒拷 EPIRUS_BUNDLE_IN 的产物 · 584 枚共指 · **非血统**）	d75083df4847be17	-	0.06	6	0	0	16	0.05	0.12	0.01	0	0	0	-	-	250	multi	6
v7ws1-31	19	珠价 divW 0.06→0.3 · 对手池 17→20 ‖ 48 枚 ‖ 09-19→09-19 ‖ 父 d13d3c85	2026-09-19T08:00:49	31	31	d13d3c85		RUNNER-BASE d13d3c85…（v1.3.58 BASE · runner 恒拷 EPIRUS_BUNDLE_IN 的产物 · 584 枚共指 · **非血统**）	ab2a1959c1e327fc	-	0.3	6	0	0	20	0.05	0.12	0.01	0	0	0	-	-	250	multi	6
v7ws1-91	19	珠价 divW 0.06→0.3 · 对手池 17→20 ‖ 48 枚 ‖ 09-19→09-19 ‖ 父 d13d3c85	2026-09-19T08:07:46	91	91	d13d3c85		RUNNER-BASE d13d3c85…（v1.3.58 BASE · runner 恒拷 EPIRUS_BUNDLE_IN 的产物 · 584 枚共指 · **非血统**）	03b35fcab7de018a	-	0.3	6	0	0	20	0.05	0.12	0.01	0	0	0	-	-	250	multi	6
v7ws2-31	19	珠价 divW 0.06→0.3 · 对手池 17→20 ‖ 48 枚 ‖ 09-19→09-19 ‖ 父 d13d3c85	2026-09-19T08:16:01	31	31	d13d3c85		RUNNER-BASE d13d3c85…（v1.3.58 BASE · runner 恒拷 EPIRUS_BUNDLE_IN 的产物 · 584 枚共指 · **非血统**）	ef395d203858604a	-	0.3	6	0	0	20	0.05	0.12	0.01	0	0	0	-	-	250	multi	6
v7ws2-91	19	珠价 divW 0.06→0.3 · 对手池 17→20 ‖ 48 枚 ‖ 09-19→09-19 ‖ 父 d13d3c85	2026-09-19T08:23:04	91	91	d13d3c85		RUNNER-BASE d13d3c85…（v1.3.58 BASE · runner 恒拷 EPIRUS_BUNDLE_IN 的产物 · 584 枚共指 · **非血统**）	a37e8130d5f2fc00	-	0.3	6	0	0	20	0.05	0.12	0.01	0	0	0	-	-	250	multi	6
v8fix-35	7	对手池 12→15 ‖ 126 枚 ‖ 09-14→09-15 ‖ 父 d13d3c85	2026-09-14T15:51:46	35	35	d13d3c85		RUNNER-BASE d13d3c85…（v1.3.58 BASE · runner 恒拷 EPIRUS_BUNDLE_IN 的产物 · 584 枚共指 · **非血统**）	653a1d6688f6e8c4	-	0.06	-	-	-	15	0.05	0.12	0.01	0	0	0	-	-	250	multi	6
v9-33	7	对手池 12→15 ‖ 126 枚 ‖ 09-14→09-15 ‖ 父 d13d3c85	2026-09-14T16:03:31	33	33	d13d3c85		RUNNER-BASE d13d3c85…（v1.3.58 BASE · runner 恒拷 EPIRUS_BUNDLE_IN 的产物 · 584 枚共指 · **非血统**）	cdb5ebb14028092f	-	0.06	-	-	-	15	0.05	0.12	0.01	0	0	0	-	-	250	multi	6
v9-36	7	对手池 12→15 ‖ 126 枚 ‖ 09-14→09-15 ‖ 父 d13d3c85	2026-09-14T16:06:42	36	36	d13d3c85		RUNNER-BASE d13d3c85…（v1.3.58 BASE · runner 恒拷 EPIRUS_BUNDLE_IN 的产物 · 584 枚共指 · **非血统**）	7285c3df994f2686	-	0.06	-	-	-	15	0.05	0.12	0.01	0	0	0	-	-	250	multi	6
v9-43	7	对手池 12→15 ‖ 126 枚 ‖ 09-14→09-15 ‖ 父 d13d3c85	2026-09-14T16:09:34	43	43	d13d3c85		RUNNER-BASE d13d3c85…（v1.3.58 BASE · runner 恒拷 EPIRUS_BUNDLE_IN 的产物 · 584 枚共指 · **非血统**）	cbe4b0aab0a148cd	-	0.06	-	-	-	15	0.05	0.12	0.01	0	0	0	-	-	250	multi	6
v9-46	7	对手池 12→15 ‖ 126 枚 ‖ 09-14→09-15 ‖ 父 d13d3c85	2026-09-14T16:12:41	46	46	d13d3c85		RUNNER-BASE d13d3c85…（v1.3.58 BASE · runner 恒拷 EPIRUS_BUNDLE_IN 的产物 · 584 枚共指 · **非血统**）	44d9c24f5db7cddb	-	0.06	-	-	-	15	0.05	0.12	0.01	0	0	0	-	-	250	multi	6
def-33	4	对手池 12→15 ‖ 12 枚 ‖ 09-13→09-13 ‖ 父 e379c62c	2026-09-13T03:08:01	33	33	e379c62c	champion-5p-ab2-base	champion-5p-ab2-base	ce64226d8c6cd45c	-	-	-	-	-	15	-	-	-	-	-	0	-	-	250	multi	-
def-36	4	对手池 12→15 ‖ 12 枚 ‖ 09-13→09-13 ‖ 父 e379c62c	2026-09-13T03:11:30	36	36	e379c62c	champion-5p-ab2-base	champion-5p-ab2-base	7f31c67d814ec0ca	-	-	-	-	-	15	-	-	-	-	-	0	-	-	250	multi	-
eco-33	3	风格权重 0.5→0 ‖ 26 枚 ‖ 09-13→09-13 ‖ 父 e379c62c	2026-09-13T03:00:15	33	33	e379c62c	champion-5p-ab2-base	champion-5p-ab2-base	09b112fd76565550	-	-	-	-	-	12	-	-	-	-	-	0	-	-	250	multi	-
eco-34	3	风格权重 0.5→0 ‖ 26 枚 ‖ 09-13→09-13 ‖ 父 e379c62c	2026-09-13T03:01:08	34	34	e379c62c	champion-5p-ab2-base	champion-5p-ab2-base	3220ef505142f2cd	-	-	-	-	-	12	-	-	-	-	-	0	-	-	250	multi	-
eco2-31	3	风格权重 0.5→0 ‖ 26 枚 ‖ 09-13→09-13 ‖ 父 e379c62c	2026-09-13T03:31:51	31	31	e379c62c	champion-5p-ab2-base	champion-5p-ab2-base	bd3fc2b9c5019215	-	-	-	-	-	12	-	-	-	-	-	0	-	-	250	multi	-
eco2-34	3	风格权重 0.5→0 ‖ 26 枚 ‖ 09-13→09-13 ‖ 父 e379c62c	2026-09-13T03:34:29	34	34	e379c62c	champion-5p-ab2-base	champion-5p-ab2-base	65a68ff19f0841b4	-	-	-	-	-	12	-	-	-	-	-	0	-	-	250	multi	-
fgtA-31	3	风格权重 0.5→0 ‖ 26 枚 ‖ 09-13→09-13 ‖ 父 e379c62c	2026-09-13T03:48:43	31	31	e379c62c	champion-5p-ab2-base	champion-5p-ab2-base	317d185e50c9ba87	-	-	-	-	-	12	-	-	-	-	-	0	-	-	250	multi	-
fgtA-34	3	风格权重 0.5→0 ‖ 26 枚 ‖ 09-13→09-13 ‖ 父 e379c62c	2026-09-13T03:51:48	34	34	e379c62c	champion-5p-ab2-base	champion-5p-ab2-base	90fc6057bd9bc5b9	-	-	-	-	-	12	-	-	-	-	-	0	-	-	250	multi	-
fgtB-31	4	对手池 12→15 ‖ 12 枚 ‖ 09-13→09-13 ‖ 父 e379c62c	2026-09-13T03:56:49	31	31	e379c62c	champion-5p-ab2-base	champion-5p-ab2-base	6f904897e4ae7915	-	-	-	-	-	15	-	-	-	-	-	0	-	-	250	multi	-
fgtB-34	4	对手池 12→15 ‖ 12 枚 ‖ 09-13→09-13 ‖ 父 e379c62c	2026-09-13T04:01:38	34	34	e379c62c	champion-5p-ab2-base	champion-5p-ab2-base	b790c53e4475f499	-	-	-	-	-	15	-	-	-	-	-	0	-	-	250	multi	-
fstA-31	5	珠价 divW -→0.06 · 囤珠奖励 -→0.05 · 囤珠惩罚 -→0.12 · 输出权重 -→0.05 · 先手权重 -→0.08 · 吹哨惩罚 -→0 · 对手池 15→12 ‖ 6 枚 ‖ 09-13→09-13 ‖ 父 e379c62c	2026-09-13T06:09:19	31	31	e379c62c	champion-5p-ab2-base	champion-5p-ab2-base	910d2b58c1ac035f	-	0.06	-	-	-	12	0.05	0.12	0.05	0.08	0	0	-	-	250	multi	-
fstA-34	5	珠价 divW -→0.06 · 囤珠奖励 -→0.05 · 囤珠惩罚 -→0.12 · 输出权重 -→0.05 · 先手权重 -→0.08 · 吹哨惩罚 -→0 · 对手池 15→12 ‖ 6 枚 ‖ 09-13→09-13 ‖ 父 e379c62c	2026-09-13T06:11:49	34	34	e379c62c	champion-5p-ab2-base	champion-5p-ab2-base	c7c3727b4f60a42b	-	0.06	-	-	-	12	0.05	0.12	0.05	0.08	0	0	-	-	250	multi	-
incumbent-forpromote	21	嵌入种子自 6→- ‖ 76 枚 ‖ 09-19→09-21 ‖ 父 1a6e180d,8358c7b7,a92a45d7,e7201989,0660c3d1,fb8c77d8,30c3cc67,03b35fca,c540a84c,d08ece17,f008171a,03e5411f	2026-09-21T10:31:56	31	forpromote	a92a45d7	v7cmin3-82	v7cmin3-82	30724115a9996098	ebdbff36	0.3	6	0	0	22	0.05	0.12	0.01	0	0	0	-	-	250	multi	-
mix-33	1	珠价 divW=- · 对手池=16 ‖ 6 枚 ‖ 09-12→09-12 ‖ 父 e379c62c	2026-09-12T14:28:02	33	33	e379c62c	champion-5p-ab2-base	champion-5p-ab2-base	9896dfe0c8b68437	-	-	-	-	-	16	-	-	-	-	-	-	-	-	250	multi	-
mix-36	1	珠价 divW=- · 对手池=16 ‖ 6 枚 ‖ 09-12→09-12 ‖ 父 e379c62c	2026-09-12T14:32:51	36	36	e379c62c	champion-5p-ab2-base	champion-5p-ab2-base	7b75ed07b2861d9f	-	-	-	-	-	16	-	-	-	-	-	-	-	-	250	multi	-
r61fix-82	19	珠价 divW 0.06→0.3 · 对手池 17→20 ‖ 48 枚 ‖ 09-19→09-19 ‖ 父 d13d3c85	2026-09-19T14:02:33	82	82	d13d3c85		RUNNER-BASE d13d3c85…（v1.3.58 BASE · runner 恒拷 EPIRUS_BUNDLE_IN 的产物 · 584 枚共指 · **非血统**）	0b712dd004835924	-	0.3	6	0	0	20	0.05	0.12	0.01	0	0	0	-	-	250	multi	6
r61fix-93	19	珠价 divW 0.06→0.3 · 对手池 17→20 ‖ 48 枚 ‖ 09-19→09-19 ‖ 父 d13d3c85	2026-09-19T14:08:03	93	93	d13d3c85		RUNNER-BASE d13d3c85…（v1.3.58 BASE · runner 恒拷 EPIRUS_BUNDLE_IN 的产物 · 584 枚共指 · **非血统**）	eae958ff894596e6	-	0.3	6	0	0	20	0.05	0.12	0.01	0	0	0	-	-	250	multi	6
rwd0-33	3	风格权重 0.5→0 ‖ 26 枚 ‖ 09-13→09-13 ‖ 父 e379c62c	2026-09-13T03:15:15	33	33	e379c62c	champion-5p-ab2-base	champion-5p-ab2-base	aa9e4bdb28134299	-	-	-	-	-	12	-	-	-	-	-	0	-	-	250	multi	-
rwd0-36	3	风格权重 0.5→0 ‖ 26 枚 ‖ 09-13→09-13 ‖ 父 e379c62c	2026-09-13T03:17:10	36	36	e379c62c	champion-5p-ab2-base	champion-5p-ab2-base	5a074e41844fbbc7	-	-	-	-	-	12	-	-	-	-	-	0	-	-	250	multi	-
sty-31	2	风格权重 -→0.5 · 对手池 16→12 ‖ 6 枚 ‖ 09-12→09-12 ‖ 父 e379c62c	2026-09-12T14:49:44	31	31	e379c62c	champion-5p-ab2-base	champion-5p-ab2-base	4e271df370449f94	-	-	-	-	-	12	-	-	-	-	-	0.5	-	-	250	multi	-
sty-34	2	风格权重 -→0.5 · 对手池 16→12 ‖ 6 枚 ‖ 09-12→09-12 ‖ 父 e379c62c	2026-09-12T14:52:56	34	34	e379c62c	champion-5p-ab2-base	champion-5p-ab2-base	b1349956c644ecd7	-	-	-	-	-	12	-	-	-	-	-	0.5	-	-	250	multi	-
v11-31	7	对手池 12→15 ‖ 126 枚 ‖ 09-14→09-15 ‖ 父 d13d3c85	2026-09-15T11:16:37	31	31	d13d3c85		RUNNER-BASE d13d3c85…（v1.3.58 BASE · runner 恒拷 EPIRUS_BUNDLE_IN 的产物 · 584 枚共指 · **非血统**）	99e2ff4165ff1bbb	-	0.06	-	-	-	15	0.05	0.12	0.01	0	0	0	-	-	250	multi	6
v11-63	7	对手池 12→15 ‖ 126 枚 ‖ 09-14→09-15 ‖ 父 d13d3c85	2026-09-15T11:19:19	63	63	d13d3c85		RUNNER-BASE d13d3c85…（v1.3.58 BASE · runner 恒拷 EPIRUS_BUNDLE_IN 的产物 · 584 枚共指 · **非血统**）	2009a06f973d7902	-	0.06	-	-	-	15	0.05	0.12	0.01	0	0	0	-	-	250	multi	6
v11-66	7	对手池 12→15 ‖ 126 枚 ‖ 09-14→09-15 ‖ 父 d13d3c85	2026-09-15T11:21:31	66	66	d13d3c85		RUNNER-BASE d13d3c85…（v1.3.58 BASE · runner 恒拷 EPIRUS_BUNDLE_IN 的产物 · 584 枚共指 · **非血统**）	01a8e4b4ec76891a	-	0.06	-	-	-	15	0.05	0.12	0.01	0	0	0	-	-	250	multi	6
v11-73	7	对手池 12→15 ‖ 126 枚 ‖ 09-14→09-15 ‖ 父 d13d3c85	2026-09-15T11:24:05	73	73	d13d3c85		RUNNER-BASE d13d3c85…（v1.3.58 BASE · runner 恒拷 EPIRUS_BUNDLE_IN 的产物 · 584 枚共指 · **非血统**）	9929fae5d30582c1	-	0.06	-	-	-	15	0.05	0.12	0.01	0	0	0	-	-	250	multi	6
v11-76	7	对手池 12→15 ‖ 126 枚 ‖ 09-14→09-15 ‖ 父 d13d3c85	2026-09-15T11:26:09	76	76	d13d3c85		RUNNER-BASE d13d3c85…（v1.3.58 BASE · runner 恒拷 EPIRUS_BUNDLE_IN 的产物 · 584 枚共指 · **非血统**）	9944cd25e0114690	-	0.06	-	-	-	15	0.05	0.12	0.01	0	0	0	-	-	250	multi	6
v12-82	9	珠价 divW 0.06→0.6 · 对手池 18→15 ‖ 13 枚 ‖ 09-15→09-15 ‖ 父 d13d3c85	2026-09-15T11:32:07	82	82	d13d3c85		RUNNER-BASE d13d3c85…（v1.3.58 BASE · runner 恒拷 EPIRUS_BUNDLE_IN 的产物 · 584 枚共指 · **非血统**）	faed160709bdd9b3	-	0.6	-	-	-	15	0.05	0.12	0.01	0	0	0	-	-	250	multi	6
v12-85	9	珠价 divW 0.06→0.6 · 对手池 18→15 ‖ 13 枚 ‖ 09-15→09-15 ‖ 父 d13d3c85	2026-09-15T11:34:19	85	85	d13d3c85		RUNNER-BASE d13d3c85…（v1.3.58 BASE · runner 恒拷 EPIRUS_BUNDLE_IN 的产物 · 584 枚共指 · **非血统**）	908d40d1a9898ea6	-	0.6	-	-	-	15	0.05	0.12	0.01	0	0	0	-	-	250	multi	6
v12-92	9	珠价 divW 0.06→0.6 · 对手池 18→15 ‖ 13 枚 ‖ 09-15→09-15 ‖ 父 d13d3c85	2026-09-15T11:36:17	92	92	d13d3c85		RUNNER-BASE d13d3c85…（v1.3.58 BASE · runner 恒拷 EPIRUS_BUNDLE_IN 的产物 · 584 枚共指 · **非血统**）	92b54d9c0dc6b08f	-	0.6	-	-	-	15	0.05	0.12	0.01	0	0	0	-	-	250	multi	6
v12-95	9	珠价 divW 0.06→0.6 · 对手池 18→15 ‖ 13 枚 ‖ 09-15→09-15 ‖ 父 d13d3c85	2026-09-15T11:38:19	95	95	d13d3c85		RUNNER-BASE d13d3c85…（v1.3.58 BASE · runner 恒拷 EPIRUS_BUNDLE_IN 的产物 · 584 枚共指 · **非血统**）	eda9f142df9ab815	-	0.6	-	-	-	15	0.05	0.12	0.01	0	0	0	-	-	250	multi	6
v13-102	7	对手池 12→15 ‖ 126 枚 ‖ 09-14→09-15 ‖ 父 d13d3c85	2026-09-15T12:40:35	102	102	d13d3c85		RUNNER-BASE d13d3c85…（v1.3.58 BASE · runner 恒拷 EPIRUS_BUNDLE_IN 的产物 · 584 枚共指 · **非血统**）	9f8e7519468711c1	-	0.06	-	-	-	15	0.05	0.12	0.01	0	0	0	-	-	250	multi	6
v13-105	7	对手池 12→15 ‖ 126 枚 ‖ 09-14→09-15 ‖ 父 d13d3c85	2026-09-15T12:42:56	105	105	d13d3c85		RUNNER-BASE d13d3c85…（v1.3.58 BASE · runner 恒拷 EPIRUS_BUNDLE_IN 的产物 · 584 枚共指 · **非血统**）	cc980a3849eeaf02	-	0.06	-	-	-	15	0.05	0.12	0.01	0	0	0	-	-	250	multi	6
v14-111	7	对手池 12→15 ‖ 126 枚 ‖ 09-14→09-15 ‖ 父 d13d3c85	2026-09-15T12:53:42	111	111	d13d3c85		RUNNER-BASE d13d3c85…（v1.3.58 BASE · runner 恒拷 EPIRUS_BUNDLE_IN 的产物 · 584 枚共指 · **非血统**）	524a20e044f1ad10	-	0.06	-	-	-	15	0.05	0.12	0.01	0	0	0	-	-	250	multi	6
v14-114	7	对手池 12→15 ‖ 126 枚 ‖ 09-14→09-15 ‖ 父 d13d3c85	2026-09-15T12:56:18	114	114	d13d3c85		RUNNER-BASE d13d3c85…（v1.3.58 BASE · runner 恒拷 EPIRUS_BUNDLE_IN 的产物 · 584 枚共指 · **非血统**）	3a79d47b1d9a117a	-	0.06	-	-	-	15	0.05	0.12	0.01	0	0	0	-	-	250	multi	6
v14-31	7	对手池 12→15 ‖ 126 枚 ‖ 09-14→09-15 ‖ 父 d13d3c85	2026-09-15T12:52:38	31	31	d13d3c85		RUNNER-BASE d13d3c85…（v1.3.58 BASE · runner 恒拷 EPIRUS_BUNDLE_IN 的产物 · 584 枚共指 · **非血统**）	6ed7217d0278bae8	-	0.06	-	-	-	15	0.05	0.12	0.01	0	0	0	-	-	250	multi	6
v15-123	7	对手池 12→15 ‖ 126 枚 ‖ 09-14→09-15 ‖ 父 d13d3c85	2026-09-15T13:46:09	123	123	d13d3c85		RUNNER-BASE d13d3c85…（v1.3.58 BASE · runner 恒拷 EPIRUS_BUNDLE_IN 的产物 · 584 枚共指 · **非血统**）	ad19731f3f1ecff9	-	0.06	-	-	-	15	0.05	0.12	0.01	0	0	0	-	-	250	multi	6
v15-126	7	对手池 12→15 ‖ 126 枚 ‖ 09-14→09-15 ‖ 父 d13d3c85	2026-09-15T13:48:49	126	126	d13d3c85		RUNNER-BASE d13d3c85…（v1.3.58 BASE · runner 恒拷 EPIRUS_BUNDLE_IN 的产物 · 584 枚共指 · **非血统**）	ba3d87e276f6e5cb	-	0.06	-	-	-	15	0.05	0.12	0.01	0	0	0	-	-	250	multi	6
v16-132	7	对手池 12→15 ‖ 126 枚 ‖ 09-14→09-15 ‖ 父 d13d3c85	2026-09-15T13:55:53	132	132	d13d3c85		RUNNER-BASE d13d3c85…（v1.3.58 BASE · runner 恒拷 EPIRUS_BUNDLE_IN 的产物 · 584 枚共指 · **非血统**）	fc5f3b1199573022	-	0.06	-	-	-	15	0.05	0.12	0.01	0	0	0	-	-	250	multi	6
v16-135	7	对手池 12→15 ‖ 126 枚 ‖ 09-14→09-15 ‖ 父 d13d3c85	2026-09-15T13:58:24	135	135	d13d3c85		RUNNER-BASE d13d3c85…（v1.3.58 BASE · runner 恒拷 EPIRUS_BUNDLE_IN 的产物 · 584 枚共指 · **非血统**）	5f9b3e5f7d02fd1b	-	0.06	-	-	-	15	0.05	0.12	0.01	0	0	0	-	-	250	multi	6
v17-141	7	对手池 12→15 ‖ 126 枚 ‖ 09-14→09-15 ‖ 父 d13d3c85	2026-09-15T14:04:19	141	141	d13d3c85		RUNNER-BASE d13d3c85…（v1.3.58 BASE · runner 恒拷 EPIRUS_BUNDLE_IN 的产物 · 584 枚共指 · **非血统**）	34e40e631407b6f0	-	0.06	-	-	-	15	0.05	0.12	0.01	0	0	0	-	-	250	multi	6
v17-144	7	对手池 12→15 ‖ 126 枚 ‖ 09-14→09-15 ‖ 父 d13d3c85	2026-09-15T14:08:24	144	144	d13d3c85		RUNNER-BASE d13d3c85…（v1.3.58 BASE · runner 恒拷 EPIRUS_BUNDLE_IN 的产物 · 584 枚共指 · **非血统**）	6ef724dcffe81fe4	-	0.06	-	-	-	15	0.05	0.12	0.01	0	0	0	-	-	250	multi	6
v17-31	7	对手池 12→15 ‖ 126 枚 ‖ 09-14→09-15 ‖ 父 d13d3c85	2026-09-15T14:03:02	31	31	d13d3c85		RUNNER-BASE d13d3c85…（v1.3.58 BASE · runner 恒拷 EPIRUS_BUNDLE_IN 的产物 · 584 枚共指 · **非血统**）	e9cec0389ea49867	-	0.06	-	-	-	15	0.05	0.12	0.01	0	0	0	-	-	250	multi	6
v7a-33	6	输出权重 0.05→0.01 · 先手权重 0.08→0 · 嵌入种子自 -→6 ‖ 41 枚 ‖ 09-13→09-13 ‖ 父 d13d3c85	2026-09-13T11:47:24	33	33	d13d3c85		RUNNER-BASE d13d3c85…（v1.3.58 BASE · runner 恒拷 EPIRUS_BUNDLE_IN 的产物 · 584 枚共指 · **非血统**）	d1d093ffb42c5537	-	0.06	-	-	-	12	0.05	0.12	0.01	0	0	0	-	-	250	multi	6
v7a-36	6	输出权重 0.05→0.01 · 先手权重 0.08→0 · 嵌入种子自 -→6 ‖ 41 枚 ‖ 09-13→09-13 ‖ 父 d13d3c85	2026-09-13T11:48:35	36	36	d13d3c85		RUNNER-BASE d13d3c85…（v1.3.58 BASE · runner 恒拷 EPIRUS_BUNDLE_IN 的产物 · 584 枚共指 · **非血统**）	9e4aef4d47e8e1a7	-	0.06	-	-	-	12	0.05	0.12	0.01	0	0	0	-	-	250	multi	6
v7aim1-82	20	对手池 20→22 ‖ 18 枚 ‖ 09-19→09-20 ‖ 父 d13d3c85	2026-09-19T15:50:30	82	82	d13d3c85		RUNNER-BASE d13d3c85…（v1.3.58 BASE · runner 恒拷 EPIRUS_BUNDLE_IN 的产物 · 584 枚共指 · **非血统**）	1a6e180d77d15c31	-	0.3	6	0	0	22	0.05	0.12	0.01	0	0	0	-	-	250	multi	6
v7aim1-93	20	对手池 20→22 ‖ 18 枚 ‖ 09-19→09-20 ‖ 父 d13d3c85	2026-09-19T15:59:21	93	93	d13d3c85		RUNNER-BASE d13d3c85…（v1.3.58 BASE · runner 恒拷 EPIRUS_BUNDLE_IN 的产物 · 584 枚共指 · **非血统**）	a3389c4980094e00	-	0.3	6	0	0	22	0.05	0.12	0.01	0	0	0	-	-	250	multi	6
v7aim1f-93	20	对手池 20→22 ‖ 18 枚 ‖ 09-19→09-20 ‖ 父 d13d3c85	2026-09-20T06:13:31	93	93	d13d3c85		RUNNER-BASE d13d3c85…（v1.3.58 BASE · runner 恒拷 EPIRUS_BUNDLE_IN 的产物 · 584 枚共指 · **非血统**）	8a1dff1dd0cc48aa	-	0.3	6	0	0	22	0.05	0.12	0.01	0	0	0	-	-	250	multi	6
v7aim2-93	21	嵌入种子自 6→- ‖ 76 枚 ‖ 09-19→09-21 ‖ 父 1a6e180d,8358c7b7,a92a45d7,e7201989,0660c3d1,fb8c77d8,30c3cc67,03b35fca,c540a84c,d08ece17,f008171a,03e5411f	2026-09-19T16:19:46	93	93	1a6e180d	v7aim1-82	v7aim1-82	d5e8e68a70aafcee	-	0.3	6	0	0	22	0.05	0.12	0.01	0	0	0	-	-	250	multi	-
v7aim3-93	21	嵌入种子自 6→- ‖ 76 枚 ‖ 09-19→09-21 ‖ 父 1a6e180d,8358c7b7,a92a45d7,e7201989,0660c3d1,fb8c77d8,30c3cc67,03b35fca,c540a84c,d08ece17,f008171a,03e5411f	2026-09-19T17:06:30	93	93	1a6e180d	v7aim1-82	v7aim1-82	362131bb77ebd059	-	0.3	6	0	0	22	0.05	0.12	0.01	0	0	0	-	-	250	multi	-
v7attr-33	8	对手池 15→18 ‖ 13 枚 ‖ 09-14→09-14 ‖ 父 d13d3c85	2026-09-14T10:31:52	33	33	d13d3c85		RUNNER-BASE d13d3c85…（v1.3.58 BASE · runner 恒拷 EPIRUS_BUNDLE_IN 的产物 · 584 枚共指 · **非血统**）	8d30fac66e04b166	-	0.06	-	-	-	18	0.05	0.12	0.01	0	0	0	-	-	250	multi	6
v7b-38	6	输出权重 0.05→0.01 · 先手权重 0.08→0 · 嵌入种子自 -→6 ‖ 41 枚 ‖ 09-13→09-13 ‖ 父 d13d3c85	2026-09-13T11:56:06	38	38	d13d3c85		RUNNER-BASE d13d3c85…（v1.3.58 BASE · runner 恒拷 EPIRUS_BUNDLE_IN 的产物 · 584 枚共指 · **非血统**）	5d59551fb85b5a5a	-	0.06	-	-	-	12	0.05	0.12	0.01	0	0	0	-	-	250	multi	6
v7b-41	6	输出权重 0.05→0.01 · 先手权重 0.08→0 · 嵌入种子自 -→6 ‖ 41 枚 ‖ 09-13→09-13 ‖ 父 d13d3c85	2026-09-13T11:57:19	41	41	d13d3c85		RUNNER-BASE d13d3c85…（v1.3.58 BASE · runner 恒拷 EPIRUS_BUNDLE_IN 的产物 · 584 枚共指 · **非血统**）	d8ae839207518bc5	-	0.06	-	-	-	12	0.05	0.12	0.01	0	0	0	-	-	250	multi	6
v7b-44	6	输出权重 0.05→0.01 · 先手权重 0.08→0 · 嵌入种子自 -→6 ‖ 41 枚 ‖ 09-13→09-13 ‖ 父 d13d3c85	2026-09-13T11:58:26	44	44	d13d3c85		RUNNER-BASE d13d3c85…（v1.3.58 BASE · runner 恒拷 EPIRUS_BUNDLE_IN 的产物 · 584 枚共指 · **非血统**）	2c1037230b65064c	-	0.06	-	-	-	12	0.05	0.12	0.01	0	0	0	-	-	250	multi	6
v7b-47	6	输出权重 0.05→0.01 · 先手权重 0.08→0 · 嵌入种子自 -→6 ‖ 41 枚 ‖ 09-13→09-13 ‖ 父 d13d3c85	2026-09-13T11:59:35	47	47	d13d3c85		RUNNER-BASE d13d3c85…（v1.3.58 BASE · runner 恒拷 EPIRUS_BUNDLE_IN 的产物 · 584 枚共指 · **非血统**）	e5777f41fd77bd15	-	0.06	-	-	-	12	0.05	0.12	0.01	0	0	0	-	-	250	multi	6
v7bead1-82	21	嵌入种子自 6→- ‖ 76 枚 ‖ 09-19→09-21 ‖ 父 1a6e180d,8358c7b7,a92a45d7,e7201989,0660c3d1,fb8c77d8,30c3cc67,03b35fca,c540a84c,d08ece17,f008171a,03e5411f	2026-09-21T04:24:35	82	82	8358c7b7	v7n1-93	v7n1-93	36d9f858545e13d2	be6c2195	0.3	6	0	0	22	0.05	0.12	0.01	0	0	0	-	-	250	multi	-
v7bead100-82	21	嵌入种子自 6→- ‖ 76 枚 ‖ 09-19→09-21 ‖ 父 1a6e180d,8358c7b7,a92a45d7,e7201989,0660c3d1,fb8c77d8,30c3cc67,03b35fca,c540a84c,d08ece17,f008171a,03e5411f	2026-09-21T06:44:46	82	82	8358c7b7	v7n1-93	v7n1-93	3436ec5015ea002b	be6c2195	0.3	6	0	0	22	0.05	0.12	0.01	0	0	0	-	-	250	multi	-
v7bead15-82	21	嵌入种子自 6→- ‖ 76 枚 ‖ 09-19→09-21 ‖ 父 1a6e180d,8358c7b7,a92a45d7,e7201989,0660c3d1,fb8c77d8,30c3cc67,03b35fca,c540a84c,d08ece17,f008171a,03e5411f	2026-09-21T06:12:35	82	82	8358c7b7	v7n1-93	v7n1-93	5804be73f12523ac	be6c2195	0.3	6	0	0	22	0.05	0.12	0.01	0	0	0	-	-	250	multi	-
v7bead2-82	21	嵌入种子自 6→- ‖ 76 枚 ‖ 09-19→09-21 ‖ 父 1a6e180d,8358c7b7,a92a45d7,e7201989,0660c3d1,fb8c77d8,30c3cc67,03b35fca,c540a84c,d08ece17,f008171a,03e5411f	2026-09-21T04:46:47	82	82	8358c7b7	v7n1-93	v7n1-93	55533ecb541bd9e4	be6c2195	0.3	6	0	0	22	0.05	0.12	0.01	0	0	0	-	-	250	multi	-
v7bead25-82	21	嵌入种子自 6→- ‖ 76 枚 ‖ 09-19→09-21 ‖ 父 1a6e180d,8358c7b7,a92a45d7,e7201989,0660c3d1,fb8c77d8,30c3cc67,03b35fca,c540a84c,d08ece17,f008171a,03e5411f	2026-09-21T06:26:15	82	82	8358c7b7	v7n1-93	v7n1-93	946561f5f83cfebd	be6c2195	0.3	6	0	0	22	0.05	0.12	0.01	0	0	0	-	-	250	multi	-
v7bead3-82	21	嵌入种子自 6→- ‖ 76 枚 ‖ 09-19→09-21 ‖ 父 1a6e180d,8358c7b7,a92a45d7,e7201989,0660c3d1,fb8c77d8,30c3cc67,03b35fca,c540a84c,d08ece17,f008171a,03e5411f	2026-09-21T05:09:35	82	82	8358c7b7	v7n1-93	v7n1-93	de1fcffb5fc4ed1e	be6c2195	0.3	6	0	0	22	0.05	0.12	0.01	0	0	0	-	-	250	multi	-
v7beadseed-82	21	嵌入种子自 6→- ‖ 76 枚 ‖ 09-19→09-21 ‖ 父 1a6e180d,8358c7b7,a92a45d7,e7201989,0660c3d1,fb8c77d8,30c3cc67,03b35fca,c540a84c,d08ece17,f008171a,03e5411f	2026-09-21T08:26:52	82	82	8358c7b7	v7n1-93	v7n1-93	492b77d8516e82b6	be6c2195	0.3	6	0	0	22	0.05	0.12	0.01	0	0	0	-	-	250	multi	-
v7big1-81	19	珠价 divW 0.06→0.3 · 对手池 17→20 ‖ 48 枚 ‖ 09-19→09-19 ‖ 父 d13d3c85	2026-09-19T09:24:36	81	81	d13d3c85		RUNNER-BASE d13d3c85…（v1.3.58 BASE · runner 恒拷 EPIRUS_BUNDLE_IN 的产物 · 584 枚共指 · **非血统**）	dd73c050e719c478	-	0.3	6	0	0	20	0.05	0.12	0.01	0	0	0	-	-	250	multi	6
v7big1-92	19	珠价 divW 0.06→0.3 · 对手池 17→20 ‖ 48 枚 ‖ 09-19→09-19 ‖ 父 d13d3c85	2026-09-19T09:33:17	92	92	d13d3c85		RUNNER-BASE d13d3c85…（v1.3.58 BASE · runner 恒拷 EPIRUS_BUNDLE_IN 的产物 · 584 枚共指 · **非血统**）	cb52e8a6aab39105	-	0.3	6	0	0	20	0.05	0.12	0.01	0	0	0	-	-	250	multi	6
v7blk1-81	19	珠价 divW 0.06→0.3 · 对手池 17→20 ‖ 48 枚 ‖ 09-19→09-19 ‖ 父 d13d3c85	2026-09-19T05:20:19	81	81	d13d3c85		RUNNER-BASE d13d3c85…（v1.3.58 BASE · runner 恒拷 EPIRUS_BUNDLE_IN 的产物 · 584 枚共指 · **非血统**）	33466f58f34a5f55	-	0.3	6	0	0	20	0.05	0.12	0.01	0	0	0	-	-	250	multi	6
v7blk1-92	19	珠价 divW 0.06→0.3 · 对手池 17→20 ‖ 48 枚 ‖ 09-19→09-19 ‖ 父 d13d3c85	2026-09-19T05:28:11	92	92	d13d3c85		RUNNER-BASE d13d3c85…（v1.3.58 BASE · runner 恒拷 EPIRUS_BUNDLE_IN 的产物 · 584 枚共指 · **非血统**）	6b749817f5cfc725	-	0.3	6	0	0	20	0.05	0.12	0.01	0	0	0	-	-	250	multi	6
v7c-32	6	输出权重 0.05→0.01 · 先手权重 0.08→0 · 嵌入种子自 -→6 ‖ 41 枚 ‖ 09-13→09-13 ‖ 父 d13d3c85	2026-09-13T12:10:19	32	32	d13d3c85		RUNNER-BASE d13d3c85…（v1.3.58 BASE · runner 恒拷 EPIRUS_BUNDLE_IN 的产物 · 584 枚共指 · **非血统**）	bb3fb69f94d31fb8	-	0.06	-	-	-	12	0.05	0.12	0.01	0	0	0	-	-	250	multi	6
v7c-35	6	输出权重 0.05→0.01 · 先手权重 0.08→0 · 嵌入种子自 -→6 ‖ 41 枚 ‖ 09-13→09-13 ‖ 父 d13d3c85	2026-09-13T12:11:40	35	35	d13d3c85		RUNNER-BASE d13d3c85…（v1.3.58 BASE · runner 恒拷 EPIRUS_BUNDLE_IN 的产物 · 584 枚共指 · **非血统**）	f020ce0e2fef3aad	-	0.06	-	-	-	12	0.05	0.12	0.01	0	0	0	-	-	250	multi	6
v7c-38	6	输出权重 0.05→0.01 · 先手权重 0.08→0 · 嵌入种子自 -→6 ‖ 41 枚 ‖ 09-13→09-13 ‖ 父 d13d3c85	2026-09-13T12:12:57	38	38	d13d3c85		RUNNER-BASE d13d3c85…（v1.3.58 BASE · runner 恒拷 EPIRUS_BUNDLE_IN 的产物 · 584 枚共指 · **非血统**）	5d59551fb85b5a5a	-	0.06	-	-	-	12	0.05	0.12	0.01	0	0	0	-	-	250	multi	6
v7c-41	6	输出权重 0.05→0.01 · 先手权重 0.08→0 · 嵌入种子自 -→6 ‖ 41 枚 ‖ 09-13→09-13 ‖ 父 d13d3c85	2026-09-13T12:14:10	41	41	d13d3c85		RUNNER-BASE d13d3c85…（v1.3.58 BASE · runner 恒拷 EPIRUS_BUNDLE_IN 的产物 · 584 枚共指 · **非血统**）	d8ae839207518bc5	-	0.06	-	-	-	12	0.05	0.12	0.01	0	0	0	-	-	250	multi	6
v7catE1-81	24	零散实验（<6 枚的类合并） ‖ 47 枚 ‖ ined→ined ‖ 父 e379c62c,d13d3c85,d490dc13,-,3d7fca4e	2026-09-16T15:19:00	81	81	d13d3c85		RUNNER-BASE d13d3c85…（v1.3.58 BASE · runner 恒拷 EPIRUS_BUNDLE_IN 的产物 · 584 枚共指 · **非血统**）	6bc140bd890bf183	-	0.06	6	-	1	16	0.05	0.12	0.01	0	0	0	-	-	250	multi	6
v7catE5-81	24	零散实验（<6 枚的类合并） ‖ 47 枚 ‖ ined→ined ‖ 父 e379c62c,d13d3c85,d490dc13,-,3d7fca4e	2026-09-16T15:22:22	81	81	d13d3c85		RUNNER-BASE d13d3c85…（v1.3.58 BASE · runner 恒拷 EPIRUS_BUNDLE_IN 的产物 · 584 枚共指 · **非血统**）	9b4dcb8cddaf881b	-	0.06	6	-	0.5	16	0.05	0.12	0.01	0	0	0	-	-	250	multi	6
v7clear2-81	15	珠价 divW 0.06→0.3 · 角色多样性权 1→0 · 类别多样性权 1→0 ‖ 28 枚 ‖ 09-16→09-18 ‖ 父 d13d3c85	2026-09-18T05:12:30	81	81	d13d3c85		RUNNER-BASE d13d3c85…（v1.3.58 BASE · runner 恒拷 EPIRUS_BUNDLE_IN 的产物 · 584 枚共指 · **非血统**）	1dd6836b8b2edb8a	-	0.3	6	0	0	16	0.05	0.12	0.01	0	0	0	-	-	250	multi	6
v7cmin3-82	21	嵌入种子自 6→- ‖ 76 枚 ‖ 09-19→09-21 ‖ 父 1a6e180d,8358c7b7,a92a45d7,e7201989,0660c3d1,fb8c77d8,30c3cc67,03b35fca,c540a84c,d08ece17,f008171a,03e5411f	2026-09-21T09:49:18	82	82	8358c7b7	v7n1-93	v7n1-93	a92a45d7baaee93d	be6c2195	0.3	6	0	0	22	0.05	0.12	0.01	0	0	0	-	-	250	multi	-
v7cmin4-82	21	嵌入种子自 6→- ‖ 76 枚 ‖ 09-19→09-21 ‖ 父 1a6e180d,8358c7b7,a92a45d7,e7201989,0660c3d1,fb8c77d8,30c3cc67,03b35fca,c540a84c,d08ece17,f008171a,03e5411f	2026-09-21T10:36:47	82	82	a92a45d7	v7cmin3-82	v7cmin3-82	394b94614e5bfd0c	be6c2195	0.3	6	0	0	22	0.05	0.12	0.01	0	0	0	-	-	250	multi	-
v7ctrlE-81	24	零散实验（<6 枚的类合并） ‖ 47 枚 ‖ ined→ined ‖ 父 e379c62c,d13d3c85,d490dc13,-,3d7fca4e	2026-09-16T14:16:46	81	81	d13d3c85		RUNNER-BASE d13d3c85…（v1.3.58 BASE · runner 恒拷 EPIRUS_BUNDLE_IN 的产物 · 584 枚共指 · **非血统**）	ccab8659a05f182d	-	0.06	6	-	-	16	0.05	0.12	0.01	0	0	0	-	-	250	multi	6
v7cur-82	21	嵌入种子自 6→- ‖ 76 枚 ‖ 09-19→09-21 ‖ 父 1a6e180d,8358c7b7,a92a45d7,e7201989,0660c3d1,fb8c77d8,30c3cc67,03b35fca,c540a84c,d08ece17,f008171a,03e5411f	2026-09-20T03:06:10	82	82	e7201989	v7aim2-82	v7aim2-82	fce9f1e656676722	-	0.3	6	0	0	22	0.05	0.12	0.01	0	0	0	-	-	250	multi	-
v7cur2-82	21	嵌入种子自 6→- ‖ 76 枚 ‖ 09-19→09-21 ‖ 父 1a6e180d,8358c7b7,a92a45d7,e7201989,0660c3d1,fb8c77d8,30c3cc67,03b35fca,c540a84c,d08ece17,f008171a,03e5411f	2026-09-20T06:25:36	82	82	0660c3d1	v7aim1f-31	v7aim1f-31	36ba2891b9567c45	-	0.3	6	0	0	22	0.05	0.12	0.01	0	0	0	-	-	250	multi	-
v7cur3-82	21	嵌入种子自 6→- ‖ 76 枚 ‖ 09-19→09-21 ‖ 父 1a6e180d,8358c7b7,a92a45d7,e7201989,0660c3d1,fb8c77d8,30c3cc67,03b35fca,c540a84c,d08ece17,f008171a,03e5411f	2026-09-20T06:59:06	82	82	fb8c77d8	v7cur2-31	v7cur2-31	f24d48a7eb34a644	-	0.3	6	0	0	22	0.05	0.12	0.01	0	0	0	-	-	250	multi	-
v7curri1-81	12	divK -→6 · 角色多样性权 -→0 · 类别多样性权 -→0 · 代数 500→250 ‖ 115 枚 ‖ 09-16→09-18 ‖ 父 d13d3c85	2026-09-17T05:48:46	81	81	d13d3c85		RUNNER-BASE d13d3c85…（v1.3.58 BASE · runner 恒拷 EPIRUS_BUNDLE_IN 的产物 · 584 枚共指 · **非血统**）	9e1e5a9bec93bff4	-	0.06	6	0	0	16	0.05	0.12	0.01	0	0	0	-	-	250	multi	6
v7curri1-92	12	divK -→6 · 角色多样性权 -→0 · 类别多样性权 -→0 · 代数 500→250 ‖ 115 枚 ‖ 09-16→09-18 ‖ 父 d13d3c85	2026-09-17T05:51:32	92	92	d13d3c85		RUNNER-BASE d13d3c85…（v1.3.58 BASE · runner 恒拷 EPIRUS_BUNDLE_IN 的产物 · 584 枚共指 · **非血统**）	c980e31905d81065	-	0.06	6	0	0	16	0.05	0.12	0.01	0	0	0	-	-	250	multi	6
v7curri2-81	12	divK -→6 · 角色多样性权 -→0 · 类别多样性权 -→0 · 代数 500→250 ‖ 115 枚 ‖ 09-16→09-18 ‖ 父 d13d3c85	2026-09-17T13:54:46	81	81	d13d3c85		RUNNER-BASE d13d3c85…（v1.3.58 BASE · runner 恒拷 EPIRUS_BUNDLE_IN 的产物 · 584 枚共指 · **非血统**）	fc0795b2a58bf356	-	0.06	6	0	0	16	0.05	0.12	0.01	0	0	0	-	-	250	multi	6
v7curri2-92	12	divK -→6 · 角色多样性权 -→0 · 类别多样性权 -→0 · 代数 500→250 ‖ 115 枚 ‖ 09-16→09-18 ‖ 父 d13d3c85	2026-09-17T13:57:46	92	92	d13d3c85		RUNNER-BASE d13d3c85…（v1.3.58 BASE · runner 恒拷 EPIRUS_BUNDLE_IN 的产物 · 584 枚共指 · **非血统**）	147468d5c84d29ed	-	0.06	6	0	0	16	0.05	0.12	0.01	0	0	0	-	-	250	multi	6
v7d-32	6	输出权重 0.05→0.01 · 先手权重 0.08→0 · 嵌入种子自 -→6 ‖ 41 枚 ‖ 09-13→09-13 ‖ 父 d13d3c85	2026-09-13T12:22:00	32	32	d13d3c85		RUNNER-BASE d13d3c85…（v1.3.58 BASE · runner 恒拷 EPIRUS_BUNDLE_IN 的产物 · 584 枚共指 · **非血统**）	bb3fb69f94d31fb8	-	0.06	-	-	-	12	0.05	0.12	0.01	0	0	0	-	-	250	multi	6
v7d-35	6	输出权重 0.05→0.01 · 先手权重 0.08→0 · 嵌入种子自 -→6 ‖ 41 枚 ‖ 09-13→09-13 ‖ 父 d13d3c85	2026-09-13T12:23:19	35	35	d13d3c85		RUNNER-BASE d13d3c85…（v1.3.58 BASE · runner 恒拷 EPIRUS_BUNDLE_IN 的产物 · 584 枚共指 · **非血统**）	f020ce0e2fef3aad	-	0.06	-	-	-	12	0.05	0.12	0.01	0	0	0	-	-	250	multi	6
v7d-42	6	输出权重 0.05→0.01 · 先手权重 0.08→0 · 嵌入种子自 -→6 ‖ 41 枚 ‖ 09-13→09-13 ‖ 父 d13d3c85	2026-09-13T12:24:37	42	42	d13d3c85		RUNNER-BASE d13d3c85…（v1.3.58 BASE · runner 恒拷 EPIRUS_BUNDLE_IN 的产物 · 584 枚共指 · **非血统**）	c49fe13a3f31af70	-	0.06	-	-	-	12	0.05	0.12	0.01	0	0	0	-	-	250	multi	6
v7densE-82	24	零散实验（<6 枚的类合并） ‖ 47 枚 ‖ ined→ined ‖ 父 e379c62c,d13d3c85,d490dc13,-,3d7fca4e	2026-09-16T14:54:45	82	82	d13d3c85		RUNNER-BASE d13d3c85…（v1.3.58 BASE · runner 恒拷 EPIRUS_BUNDLE_IN 的产物 · 584 枚共指 · **非血统**）	0cfcd85b16593871	-	0.06	6	-	-	17	0.05	0.12	0.01	0	0	0	-	-	250	multi	6
v7divK-82	24	零散实验（<6 枚的类合并） ‖ 47 枚 ‖ ined→ined ‖ 父 e379c62c,d13d3c85,d490dc13,-,3d7fca4e	2026-09-16T12:25:50	82	82	d13d3c85		RUNNER-BASE d13d3c85…（v1.3.58 BASE · runner 恒拷 EPIRUS_BUNDLE_IN 的产物 · 584 枚共指 · **非血统**）	b203ce0df4b509c2	-	0.3	6	-	-	16	0.05	0.12	0.01	0	0	0	-	-	250	multi	6
v7divK2b-82	24	零散实验（<6 枚的类合并） ‖ 47 枚 ‖ ined→ined ‖ 父 e379c62c,d13d3c85,d490dc13,-,3d7fca4e	2026-09-16T14:12:51	82	82	d13d3c85		RUNNER-BASE d13d3c85…（v1.3.58 BASE · runner 恒拷 EPIRUS_BUNDLE_IN 的产物 · 584 枚共指 · **非血统**）	9aa82f5cac1cd0ed	-	0.3	6	-	-	16	0.05	0.12	0.01	0	0	0	-	-	250	multi	6
v7expo-34	8	对手池 15→18 ‖ 13 枚 ‖ 09-14→09-14 ‖ 父 d13d3c85	2026-09-14T05:05:07	34	34	d13d3c85		RUNNER-BASE d13d3c85…（v1.3.58 BASE · runner 恒拷 EPIRUS_BUNDLE_IN 的产物 · 584 枚共指 · **非血统**）	43bf64da85280bbb	-	0.06	-	-	-	18	0.05	0.12	0.01	0	0	0	-	-	250	multi	6
v7f2b-31	11	代数 250→500 ‖ 6 枚 ‖ 09-16→09-16 ‖ 父 d13d3c85	2026-09-16T05:43:14	31	31	d13d3c85		RUNNER-BASE d13d3c85…（v1.3.58 BASE · runner 恒拷 EPIRUS_BUNDLE_IN 的产物 · 584 枚共指 · **非血统**）	0acc866beb52c709	-	0.06	-	-	-	16	0.05	0.12	0.01	0	0	0	-	-	500	multi	6
v7f2t-31	12	divK -→6 · 角色多样性权 -→0 · 类别多样性权 -→0 · 代数 500→250 ‖ 115 枚 ‖ 09-16→09-18 ‖ 父 d13d3c85	2026-09-17T14:23:46	31	31	d13d3c85		RUNNER-BASE d13d3c85…（v1.3.58 BASE · runner 恒拷 EPIRUS_BUNDLE_IN 的产物 · 584 枚共指 · **非血统**）	aca8bb57e2f8d054	-	0.06	6	0	0	16	0.05	0.12	0.01	0	0	0	-	-	250	multi	6
v7f2t-91	12	divK -→6 · 角色多样性权 -→0 · 类别多样性权 -→0 · 代数 500→250 ‖ 115 枚 ‖ 09-16→09-18 ‖ 父 d13d3c85	2026-09-17T14:28:21	91	91	d13d3c85		RUNNER-BASE d13d3c85…（v1.3.58 BASE · runner 恒拷 EPIRUS_BUNDLE_IN 的产物 · 584 枚共指 · **非血统**）	3e9d766e49b92f31	-	0.06	6	0	0	16	0.05	0.12	0.01	0	0	0	-	-	250	multi	6
v7f3-91	11	代数 250→500 ‖ 6 枚 ‖ 09-16→09-16 ‖ 父 d13d3c85	2026-09-16T05:56:08	91	91	d13d3c85		RUNNER-BASE d13d3c85…（v1.3.58 BASE · runner 恒拷 EPIRUS_BUNDLE_IN 的产物 · 584 枚共指 · **非血统**）	5b7f49d9001b0992	-	0.06	-	-	-	16	0.05	0.12	0.01	0	0	0	-	-	500	multi	6
v7f35b-31	12	divK -→6 · 角色多样性权 -→0 · 类别多样性权 -→0 · 代数 500→250 ‖ 115 枚 ‖ 09-16→09-18 ‖ 父 d13d3c85	2026-09-17T16:04:16	31	31	d13d3c85		RUNNER-BASE d13d3c85…（v1.3.58 BASE · runner 恒拷 EPIRUS_BUNDLE_IN 的产物 · 584 枚共指 · **非血统**）	85dca4ee62079d68	-	0.06	6	0	0	16	0.05	0.12	0.01	0	0	0	-	-	250	multi	6
v7f35b-96	12	divK -→6 · 角色多样性权 -→0 · 类别多样性权 -→0 · 代数 500→250 ‖ 115 枚 ‖ 09-16→09-18 ‖ 父 d13d3c85	2026-09-17T16:08:22	96	96	d13d3c85		RUNNER-BASE d13d3c85…（v1.3.58 BASE · runner 恒拷 EPIRUS_BUNDLE_IN 的产物 · 584 枚共指 · **非血统**）	17bc4b1806fb5ed4	-	0.06	6	0	0	16	0.05	0.12	0.01	0	0	0	-	-	250	multi	6
v7f35b-99	12	divK -→6 · 角色多样性权 -→0 · 类别多样性权 -→0 · 代数 500→250 ‖ 115 枚 ‖ 09-16→09-18 ‖ 父 d13d3c85	2026-09-17T16:12:33	99	99	d13d3c85		RUNNER-BASE d13d3c85…（v1.3.58 BASE · runner 恒拷 EPIRUS_BUNDLE_IN 的产物 · 584 枚共指 · **非血统**）	65547bb55b930a2d	-	0.06	6	0	0	16	0.05	0.12	0.01	0	0	0	-	-	250	multi	6
v7f35t-82	12	divK -→6 · 角色多样性权 -→0 · 类别多样性权 -→0 · 代数 500→250 ‖ 115 枚 ‖ 09-16→09-18 ‖ 父 d13d3c85	2026-09-17T14:35:48	82	82	d13d3c85		RUNNER-BASE d13d3c85…（v1.3.58 BASE · runner 恒拷 EPIRUS_BUNDLE_IN 的产物 · 584 枚共指 · **非血统**）	1be32c187b138436	-	0.06	6	0	0	16	0.05	0.12	0.01	0	0	0	-	-	250	multi	6
v7f35t-93	12	divK -→6 · 角色多样性权 -→0 · 类别多样性权 -→0 · 代数 500→250 ‖ 115 枚 ‖ 09-16→09-18 ‖ 父 d13d3c85	2026-09-17T14:39:39	93	93	d13d3c85		RUNNER-BASE d13d3c85…（v1.3.58 BASE · runner 恒拷 EPIRUS_BUNDLE_IN 的产物 · 584 枚共指 · **非血统**）	f296a979ad4bab84	-	0.06	6	0	0	16	0.05	0.12	0.01	0	0	0	-	-	250	multi	6
v7f5b-95	12	divK -→6 · 角色多样性权 -→0 · 类别多样性权 -→0 · 代数 500→250 ‖ 115 枚 ‖ 09-16→09-18 ‖ 父 d13d3c85	2026-09-17T15:55:16	95	95	d13d3c85		RUNNER-BASE d13d3c85…（v1.3.58 BASE · runner 恒拷 EPIRUS_BUNDLE_IN 的产物 · 584 枚共指 · **非血统**）	20fa9370c0922bc5	-	0.06	6	0	0	16	0.05	0.12	0.01	0	0	0	-	-	250	multi	6
v7f5b-98	12	divK -→6 · 角色多样性权 -→0 · 类别多样性权 -→0 · 代数 500→250 ‖ 115 枚 ‖ 09-16→09-18 ‖ 父 d13d3c85	2026-09-17T15:59:11	98	98	d13d3c85		RUNNER-BASE d13d3c85…（v1.3.58 BASE · runner 恒拷 EPIRUS_BUNDLE_IN 的产物 · 584 枚共指 · **非血统**）	62d91bfff30545e0	-	0.06	6	0	0	16	0.05	0.12	0.01	0	0	0	-	-	250	multi	6
v7f5div3-81	15	珠价 divW 0.06→0.3 · 角色多样性权 1→0 · 类别多样性权 1→0 ‖ 28 枚 ‖ 09-16→09-18 ‖ 父 d13d3c85	2026-09-18T04:36:07	81	81	d13d3c85		RUNNER-BASE d13d3c85…（v1.3.58 BASE · runner 恒拷 EPIRUS_BUNDLE_IN 的产物 · 584 枚共指 · **非血统**）	0863d1fde8f567e1	-	0.3	6	0	0	16	0.05	0.12	0.01	0	0	0	-	-	250	multi	6
v7f5div3-92	15	珠价 divW 0.06→0.3 · 角色多样性权 1→0 · 类别多样性权 1→0 ‖ 28 枚 ‖ 09-16→09-18 ‖ 父 d13d3c85	2026-09-18T04:41:07	92	92	d13d3c85		RUNNER-BASE d13d3c85…（v1.3.58 BASE · runner 恒拷 EPIRUS_BUNDLE_IN 的产物 · 584 枚共指 · **非血统**）	3e4859c7ff365d7d	-	0.3	6	0	0	16	0.05	0.12	0.01	0	0	0	-	-	250	multi	6
v7f5t-81	12	divK -→6 · 角色多样性权 -→0 · 类别多样性权 -→0 · 代数 500→250 ‖ 115 枚 ‖ 09-16→09-18 ‖ 父 d13d3c85	2026-09-17T14:43:03	81	81	d13d3c85		RUNNER-BASE d13d3c85…（v1.3.58 BASE · runner 恒拷 EPIRUS_BUNDLE_IN 的产物 · 584 枚共指 · **非血统**）	5a03a5d121c98fd4	-	0.06	6	0	0	16	0.05	0.12	0.01	0	0	0	-	-	250	multi	6
v7f5t-92	12	divK -→6 · 角色多样性权 -→0 · 类别多样性权 -→0 · 代数 500→250 ‖ 115 枚 ‖ 09-16→09-18 ‖ 父 d13d3c85	2026-09-17T14:47:15	92	92	d13d3c85		RUNNER-BASE d13d3c85…（v1.3.58 BASE · runner 恒拷 EPIRUS_BUNDLE_IN 的产物 · 584 枚共指 · **非血统**）	66d6b63e0132d30d	-	0.06	6	0	0	16	0.05	0.12	0.01	0	0	0	-	-	250	multi	6
v7fix-31	24	零散实验（<6 枚的类合并） ‖ 47 枚 ‖ ined→ined ‖ 父 e379c62c,d13d3c85,d490dc13,-,3d7fca4e	2026-09-14T15:42:53	41	31	d13d3c85		RUNNER-BASE d13d3c85…（v1.3.58 BASE · runner 恒拷 EPIRUS_BUNDLE_IN 的产物 · 584 枚共指 · **非血统**）	794506667ff2ed9d	-	0.06	-	-	-	15	0.05	0.12	0.01	0	0	0	-	-	40	multi	6
v7fix1-81	17	角色多样性权 1→0 · 类别多样性权 1→0 · 对手池 16→17 ‖ 49 枚 ‖ 09-18→09-19 ‖ 父 d13d3c85	2026-09-19T03:04:19	81	81	d13d3c85		RUNNER-BASE d13d3c85…（v1.3.58 BASE · runner 恒拷 EPIRUS_BUNDLE_IN 的产物 · 584 枚共指 · **非血统**）	3e7640c9cb65aff1	-	0.3	6	0	0	17	0.05	0.12	0.01	0	0	0	-	-	250	multi	6
v7fix1-92	17	角色多样性权 1→0 · 类别多样性权 1→0 · 对手池 16→17 ‖ 49 枚 ‖ 09-18→09-19 ‖ 父 d13d3c85	2026-09-19T03:11:42	92	92	d13d3c85		RUNNER-BASE d13d3c85…（v1.3.58 BASE · runner 恒拷 EPIRUS_BUNDLE_IN 的产物 · 584 枚共指 · **非血统**）	e87235811105a29c	-	0.3	6	0	0	17	0.05	0.12	0.01	0	0	0	-	-	250	multi	6
v7force-34	8	对手池 15→18 ‖ 13 枚 ‖ 09-14→09-14 ‖ 父 d13d3c85	2026-09-14T11:05:19	34	34	d13d3c85		RUNNER-BASE d13d3c85…（v1.3.58 BASE · runner 恒拷 EPIRUS_BUNDLE_IN 的产物 · 584 枚共指 · **非血统**）	cf63a1b569ce88bb	-	0.06	-	-	-	18	0.05	0.12	0.01	0	0	0	-	-	250	multi	6
v7gf1-31	20	对手池 20→22 ‖ 18 枚 ‖ 09-19→09-20 ‖ 父 d13d3c85	2026-09-19T14:35:34	31	31	d13d3c85		RUNNER-BASE d13d3c85…（v1.3.58 BASE · runner 恒拷 EPIRUS_BUNDLE_IN 的产物 · 584 枚共指 · **非血统**）	ba6e962aea223017	-	0.3	6	0	0	22	0.05	0.12	0.01	0	0	0	-	-	250	multi	6
v7gf1-91	20	对手池 20→22 ‖ 18 枚 ‖ 09-19→09-20 ‖ 父 d13d3c85	2026-09-19T14:42:56	91	91	d13d3c85		RUNNER-BASE d13d3c85…（v1.3.58 BASE · runner 恒拷 EPIRUS_BUNDLE_IN 的产物 · 584 枚共指 · **非血统**）	23a7c51ad1d3c8af	-	0.3	6	0	0	22	0.05	0.12	0.01	0	0	0	-	-	250	multi	6
v7iso1-31	12	divK -→6 · 角色多样性权 -→0 · 类别多样性权 -→0 · 代数 500→250 ‖ 115 枚 ‖ 09-16→09-18 ‖ 父 d13d3c85	2026-09-17T14:14:32	31	31	d13d3c85		RUNNER-BASE d13d3c85…（v1.3.58 BASE · runner 恒拷 EPIRUS_BUNDLE_IN 的产物 · 584 枚共指 · **非血统**）	e4f5b36101d9695a	-	0.06	6	0	0	16	0.05	0.12	0.01	0	0	0	-	-	250	multi	6
v7iso1-91	12	divK -→6 · 角色多样性权 -→0 · 类别多样性权 -→0 · 代数 500→250 ‖ 115 枚 ‖ 09-16→09-18 ‖ 父 d13d3c85	2026-09-17T14:18:40	91	91	d13d3c85		RUNNER-BASE d13d3c85…（v1.3.58 BASE · runner 恒拷 EPIRUS_BUNDLE_IN 的产物 · 584 枚共指 · **非血统**）	ae27ce05a04584d2	-	0.06	6	0	0	16	0.05	0.12	0.01	0	0	0	-	-	250	multi	6
v7l2a-81	18	珠价 divW 0.3→0.06 ‖ 54 枚 ‖ 09-18→09-18 ‖ 父 d13d3c85	2026-09-18T17:39:12	81	81	d13d3c85		RUNNER-BASE d13d3c85…（v1.3.58 BASE · runner 恒拷 EPIRUS_BUNDLE_IN 的产物 · 584 枚共指 · **非血统**）	9f25cf300328dae9	-	0.06	6	0	0	17	0.05	0.12	0.01	0	0	0	-	-	250	multi	6
v7l2c-103	18	珠价 divW 0.3→0.06 ‖ 54 枚 ‖ 09-18→09-18 ‖ 父 d13d3c85	2026-09-18T16:44:34	103	103	d13d3c85		RUNNER-BASE d13d3c85…（v1.3.58 BASE · runner 恒拷 EPIRUS_BUNDLE_IN 的产物 · 584 枚共指 · **非血统**）	4b251964dd4fcb16	-	0.06	6	0	0	17	0.05	0.12	0.01	0	0	0	-	-	250	multi	6
v7l2c-124	18	珠价 divW 0.3→0.06 ‖ 54 枚 ‖ 09-18→09-18 ‖ 父 d13d3c85	2026-09-18T19:01:22	124	124	d13d3c85		RUNNER-BASE d13d3c85…（v1.3.58 BASE · runner 恒拷 EPIRUS_BUNDLE_IN 的产物 · 584 枚共指 · **非血统**）	9e1e1901243f0944	-	0.06	6	0	0	17	0.05	0.12	0.01	0	0	0	-	-	250	multi	6
v7l2c-143	18	珠价 divW 0.3→0.06 ‖ 54 枚 ‖ 09-18→09-18 ‖ 父 d13d3c85	2026-09-18T19:30:59	143	143	d13d3c85		RUNNER-BASE d13d3c85…（v1.3.58 BASE · runner 恒拷 EPIRUS_BUNDLE_IN 的产物 · 584 枚共指 · **非血统**）	85934b04c198b783	-	0.06	6	0	0	17	0.05	0.12	0.01	0	0	0	-	-	250	multi	6
v7l2c-146	18	珠价 divW 0.3→0.06 ‖ 54 枚 ‖ 09-18→09-18 ‖ 父 d13d3c85	2026-09-18T19:37:28	146	146	d13d3c85		RUNNER-BASE d13d3c85…（v1.3.58 BASE · runner 恒拷 EPIRUS_BUNDLE_IN 的产物 · 584 枚共指 · **非血统**）	c446a33349f1ff91	-	0.06	6	0	0	17	0.05	0.12	0.01	0	0	0	-	-	250	multi	6
v7l2c-149	18	珠价 divW 0.3→0.06 ‖ 54 枚 ‖ 09-18→09-18 ‖ 父 d13d3c85	2026-09-18T19:44:16	149	149	d13d3c85		RUNNER-BASE d13d3c85…（v1.3.58 BASE · runner 恒拷 EPIRUS_BUNDLE_IN 的产物 · 584 枚共指 · **非血统**）	bbdee9548ca2de89	-	0.06	6	0	0	17	0.05	0.12	0.01	0	0	0	-	-	250	multi	6
v7l2c-152	18	珠价 divW 0.3→0.06 ‖ 54 枚 ‖ 09-18→09-18 ‖ 父 d13d3c85	2026-09-18T19:50:59	152	152	d13d3c85		RUNNER-BASE d13d3c85…（v1.3.58 BASE · runner 恒拷 EPIRUS_BUNDLE_IN 的产物 · 584 枚共指 · **非血统**）	4939ef20944cbbc0	-	0.06	6	0	0	17	0.05	0.12	0.01	0	0	0	-	-	250	multi	6
v7l2c-91	18	珠价 divW 0.3→0.06 ‖ 54 枚 ‖ 09-18→09-18 ‖ 父 d13d3c85	2026-09-18T16:01:40	91	91	d13d3c85		RUNNER-BASE d13d3c85…（v1.3.58 BASE · runner 恒拷 EPIRUS_BUNDLE_IN 的产物 · 584 枚共指 · **非血统**）	3d2a981a85d24e01	-	0.06	6	0	0	17	0.05	0.12	0.01	0	0	0	-	-	250	multi	6
v7l2f-102	18	珠价 divW 0.3→0.06 ‖ 54 枚 ‖ 09-18→09-18 ‖ 父 d13d3c85	2026-09-18T17:12:35	102	102	d13d3c85		RUNNER-BASE d13d3c85…（v1.3.58 BASE · runner 恒拷 EPIRUS_BUNDLE_IN 的产物 · 584 枚共指 · **非血统**）	252702a5df7b11b6	-	0.06	6	0	0	17	0.05	0.12	0.01	0	0	0	-	-	250	multi	6
v7l2f-142	18	珠价 divW 0.3→0.06 ‖ 54 枚 ‖ 09-18→09-18 ‖ 父 d13d3c85	2026-09-18T19:56:34	142	142	d13d3c85		RUNNER-BASE d13d3c85…（v1.3.58 BASE · runner 恒拷 EPIRUS_BUNDLE_IN 的产物 · 584 枚共指 · **非血统**）	ebc5eead6a517988	-	0.06	6	0	0	17	0.05	0.12	0.01	0	0	0	-	-	250	multi	6
v7l2f-145	18	珠价 divW 0.3→0.06 ‖ 54 枚 ‖ 09-18→09-18 ‖ 父 d13d3c85	2026-09-18T20:03:26	145	145	d13d3c85		RUNNER-BASE d13d3c85…（v1.3.58 BASE · runner 恒拷 EPIRUS_BUNDLE_IN 的产物 · 584 枚共指 · **非血统**）	ad907518a1b5a006	-	0.06	6	0	0	17	0.05	0.12	0.01	0	0	0	-	-	250	multi	6
v7l2f-148	18	珠价 divW 0.3→0.06 ‖ 54 枚 ‖ 09-18→09-18 ‖ 父 d13d3c85	2026-09-18T20:08:46	148	148	d13d3c85		RUNNER-BASE d13d3c85…（v1.3.58 BASE · runner 恒拷 EPIRUS_BUNDLE_IN 的产物 · 584 枚共指 · **非血统**）	fb9b21c11e366273	-	0.06	6	0	0	17	0.05	0.12	0.01	0	0	0	-	-	250	multi	6
v7l2f-151	18	珠价 divW 0.3→0.06 ‖ 54 枚 ‖ 09-18→09-18 ‖ 父 d13d3c85	2026-09-18T20:15:23	151	151	d13d3c85		RUNNER-BASE d13d3c85…（v1.3.58 BASE · runner 恒拷 EPIRUS_BUNDLE_IN 的产物 · 584 枚共指 · **非血统**）	6b0b7b4d4a75dec2	-	0.06	6	0	0	17	0.05	0.12	0.01	0	0	0	-	-	250	multi	6
v7l2f-81	18	珠价 divW 0.3→0.06 ‖ 54 枚 ‖ 09-18→09-18 ‖ 父 d13d3c85	2026-09-18T16:24:46	81	81	d13d3c85		RUNNER-BASE d13d3c85…（v1.3.58 BASE · runner 恒拷 EPIRUS_BUNDLE_IN 的产物 · 584 枚共指 · **非血统**）	562759464fd47e31	-	0.06	6	0	0	17	0.05	0.12	0.01	0	0	0	-	-	250	multi	6
v7l2h-81	18	珠价 divW 0.3→0.06 ‖ 54 枚 ‖ 09-18→09-18 ‖ 父 d13d3c85	2026-09-18T16:10:34	81	81	d13d3c85		RUNNER-BASE d13d3c85…（v1.3.58 BASE · runner 恒拷 EPIRUS_BUNDLE_IN 的产物 · 584 枚共指 · **非血统**）	d742e0558160cc35	-	0.06	6	0	0	17	0.05	0.12	0.01	0	0	0	-	-	250	multi	6
v7l2o-91	18	珠价 divW 0.3→0.06 ‖ 54 枚 ‖ 09-18→09-18 ‖ 父 d13d3c85	2026-09-18T17:56:55	91	91	d13d3c85		RUNNER-BASE d13d3c85…（v1.3.58 BASE · runner 恒拷 EPIRUS_BUNDLE_IN 的产物 · 584 枚共指 · **非血统**）	c38ad6ed33754f8b	-	0.06	6	0	0	17	0.05	0.12	0.01	0	0	0	-	-	250	multi	6
v7l2s-111	24	零散实验（<6 枚的类合并） ‖ 47 枚 ‖ ined→ined ‖ 父 e379c62c,d13d3c85,d490dc13,-,3d7fca4e	2026-09-18T18:40:23	111	111	d13d3c85		RUNNER-BASE d13d3c85…（v1.3.58 BASE · runner 恒拷 EPIRUS_BUNDLE_IN 的产物 · 584 枚共指 · **非血统**）	6c5ee7fd2e902ea5	-	0.06	6	0	0	17	0.15	0.12	0.01	0	0	0	-	-	250	multi	6
v7l2s-91	24	零散实验（<6 枚的类合并） ‖ 47 枚 ‖ ined→ined ‖ 父 e379c62c,d13d3c85,d490dc13,-,3d7fca4e	2026-09-18T17:30:27	91	91	d13d3c85		RUNNER-BASE d13d3c85…（v1.3.58 BASE · runner 恒拷 EPIRUS_BUNDLE_IN 的产物 · 584 枚共指 · **非血统**）	954d4e9160905ce5	-	0.06	6	0	0	17	0.15	0.12	0.01	0	0	0	-	-	250	multi	6
v7l7-32	7	对手池 12→15 ‖ 126 枚 ‖ 09-14→09-15 ‖ 父 d13d3c85	2026-09-14T15:18:44	35	32	d13d3c85		RUNNER-BASE d13d3c85…（v1.3.58 BASE · runner 恒拷 EPIRUS_BUNDLE_IN 的产物 · 584 枚共指 · **非血统**）	653a1d6688f6e8c4	-	0.06	-	-	-	15	0.05	0.12	0.01	0	0	0	-	-	250	multi	6
v7l7-35	7	对手池 12→15 ‖ 126 枚 ‖ 09-14→09-15 ‖ 父 d13d3c85	2026-09-14T15:34:08	35	35	d13d3c85		RUNNER-BASE d13d3c85…（v1.3.58 BASE · runner 恒拷 EPIRUS_BUNDLE_IN 的产物 · 584 枚共指 · **非血统**）	653a1d6688f6e8c4	-	0.06	-	-	-	15	0.05	0.12	0.01	0	0	0	-	-	250	multi	6
v7l7-42	7	对手池 12→15 ‖ 126 枚 ‖ 09-14→09-15 ‖ 父 d13d3c85	2026-09-14T15:34:08	35	42	d13d3c85		RUNNER-BASE d13d3c85…（v1.3.58 BASE · runner 恒拷 EPIRUS_BUNDLE_IN 的产物 · 584 枚共指 · **非血统**）	653a1d6688f6e8c4	-	0.06	-	-	-	15	0.05	0.12	0.01	0	0	0	-	-	250	multi	6
v7l7-45	7	对手池 12→15 ‖ 126 枚 ‖ 09-14→09-15 ‖ 父 d13d3c85	2026-09-14T15:34:08	35	45	d13d3c85		RUNNER-BASE d13d3c85…（v1.3.58 BASE · runner 恒拷 EPIRUS_BUNDLE_IN 的产物 · 584 枚共指 · **非血统**）	653a1d6688f6e8c4	-	0.06	-	-	-	15	0.05	0.12	0.01	0	0	0	-	-	250	multi	6
v7m2_noBead-32	7	对手池 12→15 ‖ 126 枚 ‖ 09-14→09-15 ‖ 父 d13d3c85	2026-09-14T14:08:49	32	32	d13d3c85		RUNNER-BASE d13d3c85…（v1.3.58 BASE · runner 恒拷 EPIRUS_BUNDLE_IN 的产物 · 584 枚共指 · **非血统**）	20035f4f7e032f8a	-	0.06	-	-	-	15	0.05	0.12	0.01	0	0	0	-	-	250	multi	6
v7m2_noBead-35	7	对手池 12→15 ‖ 126 枚 ‖ 09-14→09-15 ‖ 父 d13d3c85	2026-09-14T14:08:49	32	35	d13d3c85		RUNNER-BASE d13d3c85…（v1.3.58 BASE · runner 恒拷 EPIRUS_BUNDLE_IN 的产物 · 584 枚共指 · **非血统**）	20035f4f7e032f8a	-	0.06	-	-	-	15	0.05	0.12	0.01	0	0	0	-	-	250	multi	6
v7m2_noEffects-32	7	对手池 12→15 ‖ 126 枚 ‖ 09-14→09-15 ‖ 父 d13d3c85	2026-09-14T14:00:51	36	32	d13d3c85		RUNNER-BASE d13d3c85…（v1.3.58 BASE · runner 恒拷 EPIRUS_BUNDLE_IN 的产物 · 584 枚共指 · **非血统**）	65f4402c5c8847c1	-	0.06	-	-	-	15	0.05	0.12	0.01	0	0	0	-	-	250	multi	6
v7m2_noEffects-35	7	对手池 12→15 ‖ 126 枚 ‖ 09-14→09-15 ‖ 父 d13d3c85	2026-09-14T14:04:28	33	35	d13d3c85		RUNNER-BASE d13d3c85…（v1.3.58 BASE · runner 恒拷 EPIRUS_BUNDLE_IN 的产物 · 584 枚共指 · **非血统**）	034455a407804f7f	-	0.06	-	-	-	15	0.05	0.12	0.01	0	0	0	-	-	250	multi	6
v7m2_noTarget-32	7	对手池 12→15 ‖ 126 枚 ‖ 09-14→09-15 ‖ 父 d13d3c85	2026-09-14T13:55:42	32	32	d13d3c85		RUNNER-BASE d13d3c85…（v1.3.58 BASE · runner 恒拷 EPIRUS_BUNDLE_IN 的产物 · 584 枚共指 · **非血统**）	20035f4f7e032f8a	-	0.06	-	-	-	15	0.05	0.12	0.01	0	0	0	-	-	250	multi	6
v7m2_noTarget-35	7	对手池 12→15 ‖ 126 枚 ‖ 09-14→09-15 ‖ 父 d13d3c85	2026-09-14T14:00:09	35	35	d13d3c85		RUNNER-BASE d13d3c85…（v1.3.58 BASE · runner 恒拷 EPIRUS_BUNDLE_IN 的产物 · 584 枚共指 · **非血统**）	60586e031007af1b	-	0.06	-	-	-	15	0.05	0.12	0.01	0	0	0	-	-	250	multi	6
v7m_noBead-32	7	对手池 12→15 ‖ 126 枚 ‖ 09-14→09-15 ‖ 父 d13d3c85	2026-09-14T13:55:42	32	32	d13d3c85		RUNNER-BASE d13d3c85…（v1.3.58 BASE · runner 恒拷 EPIRUS_BUNDLE_IN 的产物 · 584 枚共指 · **非血统**）	20035f4f7e032f8a	-	0.06	-	-	-	15	0.05	0.12	0.01	0	0	0	-	-	250	multi	6
v7n1-93	21	嵌入种子自 6→- ‖ 76 枚 ‖ 09-19→09-21 ‖ 父 1a6e180d,8358c7b7,a92a45d7,e7201989,0660c3d1,fb8c77d8,30c3cc67,03b35fca,c540a84c,d08ece17,f008171a,03e5411f	2026-09-20T11:50:49	93	93	30c3cc67	v7s8-82	v7s8-82	8358c7b72b4d9dc8	a78c28cb	0.3	6	0	0	22	0.05	0.12	0.01	0	0	0	-	-	250	multi	-
v7new1-82	15	珠价 divW 0.06→0.3 · 角色多样性权 1→0 · 类别多样性权 1→0 ‖ 28 枚 ‖ 09-16→09-18 ‖ 父 d13d3c85	2026-09-18T11:09:53	82	82	d13d3c85		RUNNER-BASE d13d3c85…（v1.3.58 BASE · runner 恒拷 EPIRUS_BUNDLE_IN 的产物 · 584 枚共指 · **非血统**）	9cfccec70b7f0a02	-	0.3	6	0	0	16	0.05	0.12	0.01	0	0	0	-	-	250	multi	6
v7new1-93	15	珠价 divW 0.06→0.3 · 角色多样性权 1→0 · 类别多样性权 1→0 ‖ 28 枚 ‖ 09-16→09-18 ‖ 父 d13d3c85	2026-09-18T11:15:36	93	93	d13d3c85		RUNNER-BASE d13d3c85…（v1.3.58 BASE · runner 恒拷 EPIRUS_BUNDLE_IN 的产物 · 584 枚共指 · **非血统**）	a1f6dad7f1dc24a7	-	0.3	6	0	0	16	0.05	0.12	0.01	0	0	0	-	-	250	multi	6
v7new2-82	17	角色多样性权 1→0 · 类别多样性权 1→0 · 对手池 16→17 ‖ 49 枚 ‖ 09-18→09-19 ‖ 父 d13d3c85	2026-09-18T11:23:53	82	82	d13d3c85		RUNNER-BASE d13d3c85…（v1.3.58 BASE · runner 恒拷 EPIRUS_BUNDLE_IN 的产物 · 584 枚共指 · **非血统**）	106eff20f035af50	-	0.3	6	0	0	17	0.05	0.12	0.01	0	0	0	-	-	250	multi	6
v7new2-93	17	角色多样性权 1→0 · 类别多样性权 1→0 · 对手池 16→17 ‖ 49 枚 ‖ 09-18→09-19 ‖ 父 d13d3c85	2026-09-18T11:29:16	93	93	d13d3c85		RUNNER-BASE d13d3c85…（v1.3.58 BASE · runner 恒拷 EPIRUS_BUNDLE_IN 的产物 · 584 枚共指 · **非血统**）	0eec84914377e6a6	-	0.3	6	0	0	17	0.05	0.12	0.01	0	0	0	-	-	250	multi	6
v7new3-82	17	角色多样性权 1→0 · 类别多样性权 1→0 · 对手池 16→17 ‖ 49 枚 ‖ 09-18→09-19 ‖ 父 d13d3c85	2026-09-18T11:39:16	82	82	d13d3c85		RUNNER-BASE d13d3c85…（v1.3.58 BASE · runner 恒拷 EPIRUS_BUNDLE_IN 的产物 · 584 枚共指 · **非血统**）	106eff20f035af50	-	0.3	6	0	0	17	0.05	0.12	0.01	0	0	0	-	-	250	multi	6
v7new3-93	17	角色多样性权 1→0 · 类别多样性权 1→0 · 对手池 16→17 ‖ 49 枚 ‖ 09-18→09-19 ‖ 父 d13d3c85	2026-09-18T11:44:59	93	93	d13d3c85		RUNNER-BASE d13d3c85…（v1.3.58 BASE · runner 恒拷 EPIRUS_BUNDLE_IN 的产物 · 584 枚共指 · **非血统**）	0eec84914377e6a6	-	0.3	6	0	0	17	0.05	0.12	0.01	0	0	0	-	-	250	multi	6
v7new4-82	17	角色多样性权 1→0 · 类别多样性权 1→0 · 对手池 16→17 ‖ 49 枚 ‖ 09-18→09-19 ‖ 父 d13d3c85	2026-09-18T11:51:24	82	82	d13d3c85		RUNNER-BASE d13d3c85…（v1.3.58 BASE · runner 恒拷 EPIRUS_BUNDLE_IN 的产物 · 584 枚共指 · **非血统**）	ba992645cf8461d3	-	0.3	6	0	0	17	0.05	0.12	0.01	0	0	0	-	-	250	multi	6
v7new4-93	17	角色多样性权 1→0 · 类别多样性权 1→0 · 对手池 16→17 ‖ 49 枚 ‖ 09-18→09-19 ‖ 父 d13d3c85	2026-09-18T11:58:21	93	93	d13d3c85		RUNNER-BASE d13d3c85…（v1.3.58 BASE · runner 恒拷 EPIRUS_BUNDLE_IN 的产物 · 584 枚共指 · **非血统**）	90a69cc30a94d102	-	0.3	6	0	0	17	0.05	0.12	0.01	0	0	0	-	-	250	multi	6
v7new5_005-82	17	角色多样性权 1→0 · 类别多样性权 1→0 · 对手池 16→17 ‖ 49 枚 ‖ 09-18→09-19 ‖ 父 d13d3c85	2026-09-18T12:06:57	82	82	d13d3c85		RUNNER-BASE d13d3c85…（v1.3.58 BASE · runner 恒拷 EPIRUS_BUNDLE_IN 的产物 · 584 枚共指 · **非血统**）	6245ac82732d2be7	-	0.3	6	0	0	17	0.05	0.12	0.01	0	0	0	-	-	250	multi	6
v7new5_005-93	17	角色多样性权 1→0 · 类别多样性权 1→0 · 对手池 16→17 ‖ 49 枚 ‖ 09-18→09-19 ‖ 父 d13d3c85	2026-09-18T12:13:31	93	93	d13d3c85		RUNNER-BASE d13d3c85…（v1.3.58 BASE · runner 恒拷 EPIRUS_BUNDLE_IN 的产物 · 584 枚共指 · **非血统**）	59c86124ce320aeb	-	0.3	6	0	0	17	0.05	0.12	0.01	0	0	0	-	-	250	multi	6
v7new5_01-82	17	角色多样性权 1→0 · 类别多样性权 1→0 · 对手池 16→17 ‖ 49 枚 ‖ 09-18→09-19 ‖ 父 d13d3c85	2026-09-18T12:18:57	82	82	d13d3c85		RUNNER-BASE d13d3c85…（v1.3.58 BASE · runner 恒拷 EPIRUS_BUNDLE_IN 的产物 · 584 枚共指 · **非血统**）	7c18aeb84de294a3	-	0.3	6	0	0	17	0.05	0.12	0.01	0	0	0	-	-	250	multi	6
v7new5_01-93	17	角色多样性权 1→0 · 类别多样性权 1→0 · 对手池 16→17 ‖ 49 枚 ‖ 09-18→09-19 ‖ 父 d13d3c85	2026-09-18T12:25:05	93	93	d13d3c85		RUNNER-BASE d13d3c85…（v1.3.58 BASE · runner 恒拷 EPIRUS_BUNDLE_IN 的产物 · 584 枚共指 · **非血统**）	9bf736bf756a8d4d	-	0.3	6	0	0	17	0.05	0.12	0.01	0	0	0	-	-	250	multi	6
v7new6-95	17	角色多样性权 1→0 · 类别多样性权 1→0 · 对手池 16→17 ‖ 49 枚 ‖ 09-18→09-19 ‖ 父 d13d3c85	2026-09-18T12:35:03	95	95	d13d3c85		RUNNER-BASE d13d3c85…（v1.3.58 BASE · runner 恒拷 EPIRUS_BUNDLE_IN 的产物 · 584 枚共指 · **非血统**）	03bf6ec2b0adfa6f	-	0.3	6	0	0	17	0.05	0.12	0.01	0	0	0	-	-	250	multi	6
v7new6-98	17	角色多样性权 1→0 · 类别多样性权 1→0 · 对手池 16→17 ‖ 49 枚 ‖ 09-18→09-19 ‖ 父 d13d3c85	2026-09-18T12:41:35	98	98	d13d3c85		RUNNER-BASE d13d3c85…（v1.3.58 BASE · runner 恒拷 EPIRUS_BUNDLE_IN 的产物 · 584 枚共指 · **非血统**）	935269403b8f2984	-	0.3	6	0	0	17	0.05	0.12	0.01	0	0	0	-	-	250	multi	6
v7noteach1-81	17	角色多样性权 1→0 · 类别多样性权 1→0 · 对手池 16→17 ‖ 49 枚 ‖ 09-18→09-19 ‖ 父 d13d3c85	2026-09-19T03:19:53	81	81	d13d3c85		RUNNER-BASE d13d3c85…（v1.3.58 BASE · runner 恒拷 EPIRUS_BUNDLE_IN 的产物 · 584 枚共指 · **非血统**）	b3e2bb02df43c6d3	-	0.3	6	0	0	17	0.05	0.12	0.01	0	0	0	-	-	250	multi	6
v7noteach1-92	17	角色多样性权 1→0 · 类别多样性权 1→0 · 对手池 16→17 ‖ 49 枚 ‖ 09-18→09-19 ‖ 父 d13d3c85	2026-09-19T03:26:16	92	92	d13d3c85		RUNNER-BASE d13d3c85…（v1.3.58 BASE · runner 恒拷 EPIRUS_BUNDLE_IN 的产物 · 584 枚共指 · **非血统**）	32381fbc55027fc0	-	0.3	6	0	0	17	0.05	0.12	0.01	0	0	0	-	-	250	multi	6
v7phase-32	7	对手池 12→15 ‖ 126 枚 ‖ 09-14→09-15 ‖ 父 d13d3c85	2026-09-14T15:10:19	32	32	d13d3c85		RUNNER-BASE d13d3c85…（v1.3.58 BASE · runner 恒拷 EPIRUS_BUNDLE_IN 的产物 · 584 枚共指 · **非血统**）	f5f71af64b604789	-	0.06	-	-	-	15	0.05	0.12	0.01	0	0	0	-	-	250	multi	6
v7phase-35	7	对手池 12→15 ‖ 126 枚 ‖ 09-14→09-15 ‖ 父 d13d3c85	2026-09-14T15:18:44	35	35	d13d3c85		RUNNER-BASE d13d3c85…（v1.3.58 BASE · runner 恒拷 EPIRUS_BUNDLE_IN 的产物 · 584 枚共指 · **非血统**）	653a1d6688f6e8c4	-	0.06	-	-	-	15	0.05	0.12	0.01	0	0	0	-	-	250	multi	6
v7press1-31	19	珠价 divW 0.06→0.3 · 对手池 17→20 ‖ 48 枚 ‖ 09-19→09-19 ‖ 父 d13d3c85	2026-09-19T04:26:26	31	31	d13d3c85		RUNNER-BASE d13d3c85…（v1.3.58 BASE · runner 恒拷 EPIRUS_BUNDLE_IN 的产物 · 584 枚共指 · **非血统**）	f961424ac99b73f6	-	0.3	6	0	0	20	0.05	0.12	0.01	0	0	0	-	-	250	multi	6
v7press1-91	19	珠价 divW 0.06→0.3 · 对手池 17→20 ‖ 48 枚 ‖ 09-19→09-19 ‖ 父 d13d3c85	2026-09-19T04:32:29	91	91	d13d3c85		RUNNER-BASE d13d3c85…（v1.3.58 BASE · runner 恒拷 EPIRUS_BUNDLE_IN 的产物 · 584 枚共指 · **非血统**）	26eb6d8cd14d7167	-	0.3	6	0	0	20	0.05	0.12	0.01	0	0	0	-	-	250	multi	6
v7press2-31	19	珠价 divW 0.06→0.3 · 对手池 17→20 ‖ 48 枚 ‖ 09-19→09-19 ‖ 父 d13d3c85	2026-09-19T04:40:02	31	31	d13d3c85		RUNNER-BASE d13d3c85…（v1.3.58 BASE · runner 恒拷 EPIRUS_BUNDLE_IN 的产物 · 584 枚共指 · **非血统**）	242308c0a22553e1	-	0.3	6	0	0	20	0.05	0.12	0.01	0	0	0	-	-	250	multi	6
v7press2-91	19	珠价 divW 0.06→0.3 · 对手池 17→20 ‖ 48 枚 ‖ 09-19→09-19 ‖ 父 d13d3c85	2026-09-19T04:47:44	91	91	d13d3c85		RUNNER-BASE d13d3c85…（v1.3.58 BASE · runner 恒拷 EPIRUS_BUNDLE_IN 的产物 · 584 枚共指 · **非血统**）	f6740c8f121bc391	-	0.3	6	0	0	20	0.05	0.12	0.01	0	0	0	-	-	250	multi	6
v7press3-31	19	珠价 divW 0.06→0.3 · 对手池 17→20 ‖ 48 枚 ‖ 09-19→09-19 ‖ 父 d13d3c85	2026-09-19T04:59:14	31	31	d13d3c85		RUNNER-BASE d13d3c85…（v1.3.58 BASE · runner 恒拷 EPIRUS_BUNDLE_IN 的产物 · 584 枚共指 · **非血统**）	ab2a1959c1e327fc	-	0.3	6	0	0	20	0.05	0.12	0.01	0	0	0	-	-	250	multi	6
v7press3-91	19	珠价 divW 0.06→0.3 · 对手池 17→20 ‖ 48 枚 ‖ 09-19→09-19 ‖ 父 d13d3c85	2026-09-19T05:04:51	91	91	d13d3c85		RUNNER-BASE d13d3c85…（v1.3.58 BASE · runner 恒拷 EPIRUS_BUNDLE_IN 的产物 · 584 枚共指 · **非血统**）	03b35fcab7de018a	-	0.3	6	0	0	20	0.05	0.12	0.01	0	0	0	-	-	250	multi	6
v7protoE-31	24	零散实验（<6 枚的类合并） ‖ 47 枚 ‖ ined→ined ‖ 父 e379c62c,d13d3c85,d490dc13,-,3d7fca4e	2026-09-16T14:19:46	31	31	d13d3c85		RUNNER-BASE d13d3c85…（v1.3.58 BASE · runner 恒拷 EPIRUS_BUNDLE_IN 的产物 · 584 枚共指 · **非血统**）	06486b4729b1b665	-	0.06	6	-	-	18	0.05	0.12	0.01	0	0	0	-	-	250	multi	6
v7r2-35	8	对手池 15→18 ‖ 13 枚 ‖ 09-14→09-14 ‖ 父 d13d3c85	2026-09-14T11:50:33	35	35	d13d3c85		RUNNER-BASE d13d3c85…（v1.3.58 BASE · runner 恒拷 EPIRUS_BUNDLE_IN 的产物 · 584 枚共指 · **非血统**）	0d61340ade07129e	-	0.06	-	-	-	18	0.05	0.12	0.01	0	0	0	-	-	250	multi	6
v7r3-52	8	对手池 15→18 ‖ 13 枚 ‖ 09-14→09-14 ‖ 父 d13d3c85	2026-09-14T12:03:13	52	52	d13d3c85		RUNNER-BASE d13d3c85…（v1.3.58 BASE · runner 恒拷 EPIRUS_BUNDLE_IN 的产物 · 584 枚共指 · **非血统**）	a06e8668000960d5	-	0.06	-	-	-	18	0.05	0.12	0.01	0	0	0	-	-	250	multi	6
v7rand-34	7	对手池 12→15 ‖ 126 枚 ‖ 09-14→09-15 ‖ 父 d13d3c85	2026-09-14T14:22:14	33	34	d13d3c85		RUNNER-BASE d13d3c85…（v1.3.58 BASE · runner 恒拷 EPIRUS_BUNDLE_IN 的产物 · 584 枚共指 · **非血统**）	dde8eb12881ccbb7	-	0.06	-	-	-	15	0.05	0.12	0.01	0	0	0	-	-	250	multi	6
v7rb1-31	20	对手池 20→22 ‖ 18 枚 ‖ 09-19→09-20 ‖ 父 d13d3c85	2026-09-19T16:26:52	31	31	d13d3c85		RUNNER-BASE d13d3c85…（v1.3.58 BASE · runner 恒拷 EPIRUS_BUNDLE_IN 的产物 · 584 枚共指 · **非血统**）	a015ec3d7ee83a1e	-	0.3	6	0	0	22	0.05	0.12	0.01	0	0	0	-	-	250	multi	6
v7rb2-31	21	嵌入种子自 6→- ‖ 76 枚 ‖ 09-19→09-21 ‖ 父 1a6e180d,8358c7b7,a92a45d7,e7201989,0660c3d1,fb8c77d8,30c3cc67,03b35fca,c540a84c,d08ece17,f008171a,03e5411f	2026-09-19T16:41:23	31	31	03b35fca	v7press3-91	v7press3-91	250ef336aaa8bfe7	-	0.3	6	0	0	22	0.05	0.12	0.01	0	0	0	-	-	250	multi	-
v7ring-34	24	零散实验（<6 枚的类合并） ‖ 47 枚 ‖ ined→ined ‖ 父 e379c62c,d13d3c85,d490dc13,-,3d7fca4e	2026-09-13T14:47:42	34	34	d13d3c85		RUNNER-BASE d13d3c85…（v1.3.58 BASE · runner 恒拷 EPIRUS_BUNDLE_IN 的产物 · 584 枚共指 · **非血统**）	496fe206f09c4760	-	0.06	-	-	-	13	0.05	0.12	0.01	0	0	0	-	-	250	multi	6
v7ringA1-82	18	珠价 divW 0.3→0.06 ‖ 54 枚 ‖ 09-18→09-18 ‖ 父 d13d3c85	2026-09-18T13:25:47	82	82	d13d3c85		RUNNER-BASE d13d3c85…（v1.3.58 BASE · runner 恒拷 EPIRUS_BUNDLE_IN 的产物 · 584 枚共指 · **非血统**）	b56f9ba2a1a0feaf	-	0.06	6	0	0	17	0.05	0.12	0.01	0	0	0	-	-	250	multi	6
v7ringA1-93	18	珠价 divW 0.3→0.06 ‖ 54 枚 ‖ 09-18→09-18 ‖ 父 d13d3c85	2026-09-18T13:30:52	93	93	d13d3c85		RUNNER-BASE d13d3c85…（v1.3.58 BASE · runner 恒拷 EPIRUS_BUNDLE_IN 的产物 · 584 枚共指 · **非血统**）	b6b8b8caad3d8168	-	0.06	6	0	0	17	0.05	0.12	0.01	0	0	0	-	-	250	multi	6
v7ringB1-82	12	divK -→6 · 角色多样性权 -→0 · 类别多样性权 -→0 · 代数 500→250 ‖ 115 枚 ‖ 09-16→09-18 ‖ 父 d13d3c85	2026-09-18T13:41:23	82	82	d13d3c85		RUNNER-BASE d13d3c85…（v1.3.58 BASE · runner 恒拷 EPIRUS_BUNDLE_IN 的产物 · 584 枚共指 · **非血统**）	9b9d22332a65c60b	-	0.06	6	0	0	16	0.05	0.12	0.01	0	0	0	-	-	250	multi	6
v7ringB1-93	12	divK -→6 · 角色多样性权 -→0 · 类别多样性权 -→0 · 代数 500→250 ‖ 115 枚 ‖ 09-16→09-18 ‖ 父 d13d3c85	2026-09-18T13:47:01	93	93	d13d3c85		RUNNER-BASE d13d3c85…（v1.3.58 BASE · runner 恒拷 EPIRUS_BUNDLE_IN 的产物 · 584 枚共指 · **非血统**）	5591af276caa41fe	-	0.06	6	0	0	16	0.05	0.12	0.01	0	0	0	-	-	250	multi	6
v7ringT-82	12	divK -→6 · 角色多样性权 -→0 · 类别多样性权 -→0 · 代数 500→250 ‖ 115 枚 ‖ 09-16→09-18 ‖ 父 d13d3c85	2026-09-17T04:39:49	82	82	d13d3c85		RUNNER-BASE d13d3c85…（v1.3.58 BASE · runner 恒拷 EPIRUS_BUNDLE_IN 的产物 · 584 枚共指 · **非血统**）	a3d89182eb70c771	-	0.06	6	0	0	16	0.05	0.12	0.01	0	0	0	-	-	250	multi	6
v7ringT-93	12	divK -→6 · 角色多样性权 -→0 · 类别多样性权 -→0 · 代数 500→250 ‖ 115 枚 ‖ 09-16→09-18 ‖ 父 d13d3c85	2026-09-17T04:43:38	93	93	d13d3c85		RUNNER-BASE d13d3c85…（v1.3.58 BASE · runner 恒拷 EPIRUS_BUNDLE_IN 的产物 · 584 枚共指 · **非血统**）	062019520f5d0753	-	0.06	6	0	0	16	0.05	0.12	0.01	0	0	0	-	-	250	multi	6
v7ringT2-82	12	divK -→6 · 角色多样性权 -→0 · 类别多样性权 -→0 · 代数 500→250 ‖ 115 枚 ‖ 09-16→09-18 ‖ 父 d13d3c85	2026-09-17T04:50:38	82	82	d13d3c85		RUNNER-BASE d13d3c85…（v1.3.58 BASE · runner 恒拷 EPIRUS_BUNDLE_IN 的产物 · 584 枚共指 · **非血统**）	a3d89182eb70c771	-	0.06	6	0	0	16	0.05	0.12	0.01	0	0	0	-	-	250	multi	6
v7ringT2-93	12	divK -→6 · 角色多样性权 -→0 · 类别多样性权 -→0 · 代数 500→250 ‖ 115 枚 ‖ 09-16→09-18 ‖ 父 d13d3c85	2026-09-17T04:54:25	93	93	d13d3c85		RUNNER-BASE d13d3c85…（v1.3.58 BASE · runner 恒拷 EPIRUS_BUNDLE_IN 的产物 · 584 枚共指 · **非血统**）	062019520f5d0753	-	0.06	6	0	0	16	0.05	0.12	0.01	0	0	0	-	-	250	multi	6
v7ringT3-82	12	divK -→6 · 角色多样性权 -→0 · 类别多样性权 -→0 · 代数 500→250 ‖ 115 枚 ‖ 09-16→09-18 ‖ 父 d13d3c85	2026-09-17T05:00:32	82	82	d13d3c85		RUNNER-BASE d13d3c85…（v1.3.58 BASE · runner 恒拷 EPIRUS_BUNDLE_IN 的产物 · 584 枚共指 · **非血统**）	403f864fee54cb65	-	0.06	6	0	0	16	0.05	0.12	0.01	0	0	0	-	-	250	multi	6
v7ringT3-93	12	divK -→6 · 角色多样性权 -→0 · 类别多样性权 -→0 · 代数 500→250 ‖ 115 枚 ‖ 09-16→09-18 ‖ 父 d13d3c85	2026-09-17T05:04:42	93	93	d13d3c85		RUNNER-BASE d13d3c85…（v1.3.58 BASE · runner 恒拷 EPIRUS_BUNDLE_IN 的产物 · 584 枚共指 · **非血统**）	7128396110063b11	-	0.06	6	0	0	16	0.05	0.12	0.01	0	0	0	-	-	250	multi	6
v7role1-82	14	角色多样性权 0.5→1 · 类别多样性权 0.5→1 ‖ 16 枚 ‖ 09-16→09-16 ‖ 父 d13d3c85	2026-09-16T15:55:27	82	82	d13d3c85		RUNNER-BASE d13d3c85…（v1.3.58 BASE · runner 恒拷 EPIRUS_BUNDLE_IN 的产物 · 584 枚共指 · **非血统**）	18e8fb03b436f2ad	-	0.06	6	1	1	16	0.05	0.12	0.01	0	0	0	-	-	250	multi	6
v7role1-93	14	角色多样性权 0.5→1 · 类别多样性权 0.5→1 ‖ 16 枚 ‖ 09-16→09-16 ‖ 父 d13d3c85	2026-09-16T15:59:07	93	93	d13d3c85		RUNNER-BASE d13d3c85…（v1.3.58 BASE · runner 恒拷 EPIRUS_BUNDLE_IN 的产物 · 584 枚共指 · **非血统**）	a70e1516c4c894c4	-	0.06	6	1	1	16	0.05	0.12	0.01	0	0	0	-	-	250	multi	6
v7role12-95	14	角色多样性权 0.5→1 · 类别多样性权 0.5→1 ‖ 16 枚 ‖ 09-16→09-16 ‖ 父 d13d3c85	2026-09-16T16:22:11	95	95	d13d3c85		RUNNER-BASE d13d3c85…（v1.3.58 BASE · runner 恒拷 EPIRUS_BUNDLE_IN 的产物 · 584 枚共指 · **非血统**）	f535654901431124	-	0.06	6	1	1	16	0.05	0.12	0.01	0	0	0	-	-	250	multi	6
v7role1w-81	14	角色多样性权 0.5→1 · 类别多样性权 0.5→1 ‖ 16 枚 ‖ 09-16→09-16 ‖ 父 d13d3c85	2026-09-16T16:05:21	81	81	d13d3c85		RUNNER-BASE d13d3c85…（v1.3.58 BASE · runner 恒拷 EPIRUS_BUNDLE_IN 的产物 · 584 枚共指 · **非血统**）	ca159c8c1c5436b6	-	0.06	6	1	1	16	0.05	0.12	0.01	0	0	0	-	-	250	multi	6
v7role1w-92	14	角色多样性权 0.5→1 · 类别多样性权 0.5→1 ‖ 16 枚 ‖ 09-16→09-16 ‖ 父 d13d3c85	2026-09-16T16:09:47	92	92	d13d3c85		RUNNER-BASE d13d3c85…（v1.3.58 BASE · runner 恒拷 EPIRUS_BUNDLE_IN 的产物 · 584 枚共指 · **非血统**）	3faed8342e09aec2	-	0.06	6	1	1	16	0.05	0.12	0.01	0	0	0	-	-	250	multi	6
v7role5-81	13	角色多样性权 0→0.5 · 类别多样性权 0→0.5 ‖ 6 枚 ‖ 09-16→09-16 ‖ 父 d13d3c85	2026-09-16T15:45:45	81	81	d13d3c85		RUNNER-BASE d13d3c85…（v1.3.58 BASE · runner 恒拷 EPIRUS_BUNDLE_IN 的产物 · 584 枚共指 · **非血统**）	1a9a4ba91c905bed	-	0.06	6	0.5	0.5	16	0.05	0.12	0.01	0	0	0	-	-	250	multi	6
v7role5-92	13	角色多样性权 0→0.5 · 类别多样性权 0→0.5 ‖ 6 枚 ‖ 09-16→09-16 ‖ 父 d13d3c85	2026-09-16T15:49:42	92	92	d13d3c85		RUNNER-BASE d13d3c85…（v1.3.58 BASE · runner 恒拷 EPIRUS_BUNDLE_IN 的产物 · 584 枚共指 · **非血统**）	b0af29a6c464a918	-	0.06	6	0.5	0.5	16	0.05	0.12	0.01	0	0	0	-	-	250	multi	6
v7roleC-81	12	divK -→6 · 角色多样性权 -→0 · 类别多样性权 -→0 · 代数 500→250 ‖ 115 枚 ‖ 09-16→09-18 ‖ 父 d13d3c85	2026-09-16T15:37:51	81	81	d13d3c85		RUNNER-BASE d13d3c85…（v1.3.58 BASE · runner 恒拷 EPIRUS_BUNDLE_IN 的产物 · 584 枚共指 · **非血统**）	ccab8659a05f182d	-	0.06	6	0	0	16	0.05	0.12	0.01	0	0	0	-	-	250	multi	6
v7roleC-92	12	divK -→6 · 角色多样性权 -→0 · 类别多样性权 -→0 · 代数 500→250 ‖ 115 枚 ‖ 09-16→09-18 ‖ 父 d13d3c85	2026-09-16T15:41:32	92	92	d13d3c85		RUNNER-BASE d13d3c85…（v1.3.58 BASE · runner 恒拷 EPIRUS_BUNDLE_IN 的产物 · 584 枚共指 · **非血统**）	80242ed77ae01f10	-	0.06	6	0	0	16	0.05	0.12	0.01	0	0	0	-	-	250	multi	6
v7roleC2-94	12	divK -→6 · 角色多样性权 -→0 · 类别多样性权 -→0 · 代数 500→250 ‖ 115 枚 ‖ 09-16→09-18 ‖ 父 d13d3c85	2026-09-16T16:14:55	94	94	d13d3c85		RUNNER-BASE d13d3c85…（v1.3.58 BASE · runner 恒拷 EPIRUS_BUNDLE_IN 的产物 · 584 枚共指 · **非血统**）	0f489c5f2ae4abf7	-	0.06	6	0	0	16	0.05	0.12	0.01	0	0	0	-	-	250	multi	6
v7s4-31	21	嵌入种子自 6→- ‖ 76 枚 ‖ 09-19→09-21 ‖ 父 1a6e180d,8358c7b7,a92a45d7,e7201989,0660c3d1,fb8c77d8,30c3cc67,03b35fca,c540a84c,d08ece17,f008171a,03e5411f	2026-09-20T07:50:18	31	31	fb8c77d8	v7cur2-31	v7cur2-31	c540a84cab556eeb	-	0.3	6	0	0	22	0.05	0.12	0.01	0	0	0	-	-	250	multi	-
v7s5-31	21	嵌入种子自 6→- ‖ 76 枚 ‖ 09-19→09-21 ‖ 父 1a6e180d,8358c7b7,a92a45d7,e7201989,0660c3d1,fb8c77d8,30c3cc67,03b35fca,c540a84c,d08ece17,f008171a,03e5411f	2026-09-20T08:12:18	31	31	c540a84c	v7s4-31	v7s4-31	d08ece1715fde574	-	0.3	6	0	0	22	0.05	0.12	0.01	0	0	0	-	-	250	multi	-
v7s6-31	21	嵌入种子自 6→- ‖ 76 枚 ‖ 09-19→09-21 ‖ 父 1a6e180d,8358c7b7,a92a45d7,e7201989,0660c3d1,fb8c77d8,30c3cc67,03b35fca,c540a84c,d08ece17,f008171a,03e5411f	2026-09-20T10:03:41	31	31	d08ece17	v7s5-31	v7s5-31	f008171a459969e0	-	0.3	6	0	0	22	0.05	0.12	0.01	0	0	0	-	-	250	multi	-
v7s7-31	21	嵌入种子自 6→- ‖ 76 枚 ‖ 09-19→09-21 ‖ 父 1a6e180d,8358c7b7,a92a45d7,e7201989,0660c3d1,fb8c77d8,30c3cc67,03b35fca,c540a84c,d08ece17,f008171a,03e5411f	2026-09-20T10:16:51	31	31	f008171a	v7s6-31	v7s6-31	03e5411f695adf17	-	0.3	6	0	0	22	0.05	0.12	0.01	0	0	0	-	-	250	multi	-
v7s8-31	21	嵌入种子自 6→- ‖ 76 枚 ‖ 09-19→09-21 ‖ 父 1a6e180d,8358c7b7,a92a45d7,e7201989,0660c3d1,fb8c77d8,30c3cc67,03b35fca,c540a84c,d08ece17,f008171a,03e5411f	2026-09-20T10:31:27	31	31	03e5411f	v7s7-31	v7s7-31	2b5acc40808c6c68	-	0.3	6	0	0	22	0.05	0.12	0.01	0	0	0	-	-	250	multi	-
v7s9-31	21	嵌入种子自 6→- ‖ 76 枚 ‖ 09-19→09-21 ‖ 父 1a6e180d,8358c7b7,a92a45d7,e7201989,0660c3d1,fb8c77d8,30c3cc67,03b35fca,c540a84c,d08ece17,f008171a,03e5411f	2026-09-20T10:46:44	31	31	30c3cc67	v7s8-82	v7s8-82	41ab5b7539d45c62	-	0.3	6	0	0	22	0.05	0.12	0.01	0	0	0	-	-	250	multi	-
v7salt-31	7	对手池 12→15 ‖ 126 枚 ‖ 09-14→09-15 ‖ 父 d13d3c85	2026-09-14T15:09:45	31	31	d13d3c85		RUNNER-BASE d13d3c85…（v1.3.58 BASE · runner 恒拷 EPIRUS_BUNDLE_IN 的产物 · 584 枚共指 · **非血统**）	e39e5faacca737c6	-	0.06	-	-	-	15	0.05	0.12	0.01	0	0	0	-	-	250	multi	6
v7salt-34	7	对手池 12→15 ‖ 126 枚 ‖ 09-14→09-15 ‖ 父 d13d3c85	2026-09-14T15:10:19	32	34	d13d3c85		RUNNER-BASE d13d3c85…（v1.3.58 BASE · runner 恒拷 EPIRUS_BUNDLE_IN 的产物 · 584 枚共指 · **非血统**）	f5f71af64b604789	-	0.06	-	-	-	15	0.05	0.12	0.01	0	0	0	-	-	250	multi	6
v7seat-34	7	对手池 12→15 ‖ 126 枚 ‖ 09-14→09-15 ‖ 父 d13d3c85	2026-09-14T13:18:18	34	34	d13d3c85		RUNNER-BASE d13d3c85…（v1.3.58 BASE · runner 恒拷 EPIRUS_BUNDLE_IN 的产物 · 584 枚共指 · **非血统**）	bb978467c3c3ec68	-	0.06	-	-	-	15	0.05	0.12	0.01	0	0	0	-	-	250	multi	6
v7seat2-48	7	对手池 12→15 ‖ 126 枚 ‖ 09-14→09-15 ‖ 父 d13d3c85	2026-09-14T13:27:57	48	48	d13d3c85		RUNNER-BASE d13d3c85…（v1.3.58 BASE · runner 恒拷 EPIRUS_BUNDLE_IN 的产物 · 584 枚共指 · **非血统**）	e9b5a24ce5785a2e	-	0.06	-	-	-	15	0.05	0.12	0.01	0	0	0	-	-	250	multi	6
v7seat24-31	15	珠价 divW 0.06→0.3 · 角色多样性权 1→0 · 类别多样性权 1→0 ‖ 28 枚 ‖ 09-16→09-18 ‖ 父 d13d3c85	2026-09-18T04:49:21	31	31	d13d3c85		RUNNER-BASE d13d3c85…（v1.3.58 BASE · runner 恒拷 EPIRUS_BUNDLE_IN 的产物 · 584 枚共指 · **非血统**）	b561e0ee2538c5a9	-	0.3	6	0	0	16	0.05	0.12	0.01	0	0	0	-	-	250	multi	6
v7seat24b-31	15	珠价 divW 0.06→0.3 · 角色多样性权 1→0 · 类别多样性权 1→0 ‖ 28 枚 ‖ 09-16→09-18 ‖ 父 d13d3c85	2026-09-18T04:57:40	31	31	d13d3c85		RUNNER-BASE d13d3c85…（v1.3.58 BASE · runner 恒拷 EPIRUS_BUNDLE_IN 的产物 · 584 枚共指 · **非血统**）	b561e0ee2538c5a9	-	0.3	6	0	0	16	0.05	0.12	0.01	0	0	0	-	-	250	multi	6
v7seat24b-93	15	珠价 divW 0.06→0.3 · 角色多样性权 1→0 · 类别多样性权 1→0 ‖ 28 枚 ‖ 09-16→09-18 ‖ 父 d13d3c85	2026-09-18T05:05:15	93	93	d13d3c85		RUNNER-BASE d13d3c85…（v1.3.58 BASE · runner 恒拷 EPIRUS_BUNDLE_IN 的产物 · 584 枚共指 · **非血统**）	17edaf013511a1f3	-	0.3	6	0	0	16	0.05	0.12	0.01	0	0	0	-	-	250	multi	6
v7stock1-81	12	divK -→6 · 角色多样性权 -→0 · 类别多样性权 -→0 · 代数 500→250 ‖ 115 枚 ‖ 09-16→09-18 ‖ 父 d13d3c85	2026-09-17T05:08:18	81	81	d13d3c85		RUNNER-BASE d13d3c85…（v1.3.58 BASE · runner 恒拷 EPIRUS_BUNDLE_IN 的产物 · 584 枚共指 · **非血统**）	634ebb228e2ebfb8	-	0.06	6	0	0	16	0.05	0.12	0.01	0	0	0	-	-	250	multi	6
v7stock1-92	12	divK -→6 · 角色多样性权 -→0 · 类别多样性权 -→0 · 代数 500→250 ‖ 115 枚 ‖ 09-16→09-18 ‖ 父 d13d3c85	2026-09-17T05:11:39	92	92	d13d3c85		RUNNER-BASE d13d3c85…（v1.3.58 BASE · runner 恒拷 EPIRUS_BUNDLE_IN 的产物 · 584 枚共指 · **非血统**）	81d2f406fddebc20	-	0.06	6	0	0	16	0.05	0.12	0.01	0	0	0	-	-	250	multi	6
v7stock2-81	12	divK -→6 · 角色多样性权 -→0 · 类别多样性权 -→0 · 代数 500→250 ‖ 115 枚 ‖ 09-16→09-18 ‖ 父 d13d3c85	2026-09-17T05:34:32	81	81	d13d3c85		RUNNER-BASE d13d3c85…（v1.3.58 BASE · runner 恒拷 EPIRUS_BUNDLE_IN 的产物 · 584 枚共指 · **非血统**）	91b838c67cb53b8e	-	0.06	6	0	0	16	0.05	0.12	0.01	0	0	0	-	-	250	multi	6
v7stock2-92	12	divK -→6 · 角色多样性权 -→0 · 类别多样性权 -→0 · 代数 500→250 ‖ 115 枚 ‖ 09-16→09-18 ‖ 父 d13d3c85	2026-09-17T05:38:08	92	92	d13d3c85		RUNNER-BASE d13d3c85…（v1.3.58 BASE · runner 恒拷 EPIRUS_BUNDLE_IN 的产物 · 584 枚共指 · **非血统**）	c3d6451e9b1d1317	-	0.06	6	0	0	16	0.05	0.12	0.01	0	0	0	-	-	250	multi	6
v7sub1-81	12	divK -→6 · 角色多样性权 -→0 · 类别多样性权 -→0 · 代数 500→250 ‖ 115 枚 ‖ 09-16→09-18 ‖ 父 d13d3c85	2026-09-17T14:06:40	81	81	d13d3c85		RUNNER-BASE d13d3c85…（v1.3.58 BASE · runner 恒拷 EPIRUS_BUNDLE_IN 的产物 · 584 枚共指 · **非血统**）	cad76c004b2318f6	-	0.06	6	0	0	16	0.05	0.12	0.01	0	0	0	-	-	250	multi	6
v7sub1-92	12	divK -→6 · 角色多样性权 -→0 · 类别多样性权 -→0 · 代数 500→250 ‖ 115 枚 ‖ 09-16→09-18 ‖ 父 d13d3c85	2026-09-17T14:10:31	92	92	d13d3c85		RUNNER-BASE d13d3c85…（v1.3.58 BASE · runner 恒拷 EPIRUS_BUNDLE_IN 的产物 · 584 枚共指 · **非血统**）	bd52d6ec31350cfe	-	0.06	6	0	0	16	0.05	0.12	0.01	0	0	0	-	-	250	multi	6
v7t1-82	21	嵌入种子自 6→- ‖ 76 枚 ‖ 09-19→09-21 ‖ 父 1a6e180d,8358c7b7,a92a45d7,e7201989,0660c3d1,fb8c77d8,30c3cc67,03b35fca,c540a84c,d08ece17,f008171a,03e5411f	2026-09-20T17:04:10	82	82	8358c7b7	v7n1-93	v7n1-93	caac1354b5407c5f	56402bbf	0.3	6	0	0	22	0.05	0.12	0.01	0	0	0	-	-	250	multi	-
v7t2-82	21	嵌入种子自 6→- ‖ 76 枚 ‖ 09-19→09-21 ‖ 父 1a6e180d,8358c7b7,a92a45d7,e7201989,0660c3d1,fb8c77d8,30c3cc67,03b35fca,c540a84c,d08ece17,f008171a,03e5411f	2026-09-20T17:22:55	82	82	8358c7b7	v7n1-93	v7n1-93	2d12df84989e23c8	56402bbf	0.3	6	0	0	22	0.05	0.12	0.01	0	0	0	-	-	250	multi	-
v7teach-33	7	对手池 12→15 ‖ 126 枚 ‖ 09-14→09-15 ‖ 父 d13d3c85	2026-09-14T04:49:11	33	33	d13d3c85		RUNNER-BASE d13d3c85…（v1.3.58 BASE · runner 恒拷 EPIRUS_BUNDLE_IN 的产物 · 584 枚共指 · **非血统**）	cab48220d93999d0	-	0.06	-	-	-	15	0.05	0.12	0.01	0	0	0	-	-	250	multi	6
v7teach2-32	7	对手池 12→15 ‖ 126 枚 ‖ 09-14→09-15 ‖ 父 d13d3c85	2026-09-14T04:55:08	32	32	d13d3c85		RUNNER-BASE d13d3c85…（v1.3.58 BASE · runner 恒拷 EPIRUS_BUNDLE_IN 的产物 · 584 枚共指 · **非血统**）	09e298b6803e1e85	-	0.06	-	-	-	15	0.05	0.12	0.01	0	0	0	-	-	250	multi	6
v7tgt2-52	10	珠价 divW 0.6→0.06 · 对手池 15→16 ‖ 12 枚 ‖ 09-16→09-16 ‖ 父 d13d3c85	2026-09-16T04:57:56	52	52	d13d3c85		RUNNER-BASE d13d3c85…（v1.3.58 BASE · runner 恒拷 EPIRUS_BUNDLE_IN 的产物 · 584 枚共指 · **非血统**）	65207cc7229527a4	-	0.06	-	-	-	16	0.05	0.12	0.01	0	0	0	-	-	250	multi	6
v7tgt4-63	10	珠价 divW 0.6→0.06 · 对手池 15→16 ‖ 12 枚 ‖ 09-16→09-16 ‖ 父 d13d3c85	2026-09-16T10:29:53	63	63	d13d3c85		RUNNER-BASE d13d3c85…（v1.3.58 BASE · runner 恒拷 EPIRUS_BUNDLE_IN 的产物 · 584 枚共指 · **非血统**）	debc2573bdc25999	-	0.06	-	-	-	16	0.05	0.12	0.01	0	0	0	-	-	250	multi	6
v7tgt5-31	10	珠价 divW 0.6→0.06 · 对手池 15→16 ‖ 12 枚 ‖ 09-16→09-16 ‖ 父 d13d3c85	2026-09-16T10:39:10	31	31	d13d3c85		RUNNER-BASE d13d3c85…（v1.3.58 BASE · runner 恒拷 EPIRUS_BUNDLE_IN 的产物 · 584 枚共指 · **非血统**）	243f3c44f6ab5b7b	-	0.06	-	-	-	16	0.05	0.12	0.01	0	0	0	-	-	250	multi	6
v7u1-31	21	嵌入种子自 6→- ‖ 76 枚 ‖ 09-19→09-21 ‖ 父 1a6e180d,8358c7b7,a92a45d7,e7201989,0660c3d1,fb8c77d8,30c3cc67,03b35fca,c540a84c,d08ece17,f008171a,03e5411f	2026-09-21T03:08:29	31	31	8358c7b7	v7n1-93	v7n1-93	ba7a0c727315d473	be6c2195	0.3	6	0	0	22	0.05	0.12	0.01	0	0	0	-	-	250	multi	-
v7w3c-31	15	珠价 divW 0.06→0.3 · 角色多样性权 1→0 · 类别多样性权 1→0 ‖ 28 枚 ‖ 09-16→09-18 ‖ 父 d13d3c85	2026-09-16T16:25:57	31	31	d13d3c85		RUNNER-BASE d13d3c85…（v1.3.58 BASE · runner 恒拷 EPIRUS_BUNDLE_IN 的产物 · 584 枚共指 · **非血统**）	dea636d9e51ff083	-	0.3	6	0	0	16	0.05	0.12	0.01	0	0	0	-	-	250	multi	6
v7w3c-91	15	珠价 divW 0.06→0.3 · 角色多样性权 1→0 · 类别多样性权 1→0 ‖ 28 枚 ‖ 09-16→09-18 ‖ 父 d13d3c85	2026-09-16T16:30:29	91	91	d13d3c85		RUNNER-BASE d13d3c85…（v1.3.58 BASE · runner 恒拷 EPIRUS_BUNDLE_IN 的产物 · 584 枚共指 · **非血统**）	9383d32c236571c4	-	0.3	6	0	0	16	0.05	0.12	0.01	0	0	0	-	-	250	multi	6
v7w3r1-31	16	角色多样性权 0→1 · 类别多样性权 0→1 ‖ 6 枚 ‖ 09-16→09-16 ‖ 父 d13d3c85	2026-09-16T16:35:18	31	31	d13d3c85		RUNNER-BASE d13d3c85…（v1.3.58 BASE · runner 恒拷 EPIRUS_BUNDLE_IN 的产物 · 584 枚共指 · **非血统**）	a708060268c09a3a	-	0.3	6	1	1	16	0.05	0.12	0.01	0	0	0	-	-	250	multi	6
v7w3r1-91	16	角色多样性权 0→1 · 类别多样性权 0→1 ‖ 6 枚 ‖ 09-16→09-16 ‖ 父 d13d3c85	2026-09-16T16:39:20	91	91	d13d3c85		RUNNER-BASE d13d3c85…（v1.3.58 BASE · runner 恒拷 EPIRUS_BUNDLE_IN 的产物 · 584 枚共指 · **非血统**）	e8da62e3dabeb4bd	-	0.3	6	1	1	16	0.05	0.12	0.01	0	0	0	-	-	250	multi	6
v7wall-31	7	对手池 12→15 ‖ 126 枚 ‖ 09-14→09-15 ‖ 父 d13d3c85	2026-09-14T04:22:38	31	31	d13d3c85		RUNNER-BASE d13d3c85…（v1.3.58 BASE · runner 恒拷 EPIRUS_BUNDLE_IN 的产物 · 584 枚共指 · **非血统**）	213e6f320af2038a	-	0.06	-	-	-	15	0.05	0.12	0.01	0	0	0	-	-	250	multi	6
v7wall-35	7	对手池 12→15 ‖ 126 枚 ‖ 09-14→09-15 ‖ 父 d13d3c85	2026-09-14T04:25:08	35	35	d13d3c85		RUNNER-BASE d13d3c85…（v1.3.58 BASE · runner 恒拷 EPIRUS_BUNDLE_IN 的产物 · 584 枚共指 · **非血统**）	cdab4b8708105801	-	0.06	-	-	-	15	0.05	0.12	0.01	0	0	0	-	-	250	multi	6
v7wall1-82	12	divK -→6 · 角色多样性权 -→0 · 类别多样性权 -→0 · 代数 500→250 ‖ 115 枚 ‖ 09-16→09-18 ‖ 父 d13d3c85	2026-09-17T16:22:28	82	82	d13d3c85		RUNNER-BASE d13d3c85…（v1.3.58 BASE · runner 恒拷 EPIRUS_BUNDLE_IN 的产物 · 584 枚共指 · **非血统**）	051a85ddb225b54b	-	0.06	6	0	0	16	0.05	0.12	0.01	0	0	0	-	-	250	multi	6
v7wall1-93	12	divK -→6 · 角色多样性权 -→0 · 类别多样性权 -→0 · 代数 500→250 ‖ 115 枚 ‖ 09-16→09-18 ‖ 父 d13d3c85	2026-09-17T16:26:33	93	93	d13d3c85		RUNNER-BASE d13d3c85…（v1.3.58 BASE · runner 恒拷 EPIRUS_BUNDLE_IN 的产物 · 584 枚共指 · **非血统**）	68d63a633bea51f9	-	0.06	6	0	0	16	0.05	0.12	0.01	0	0	0	-	-	250	multi	6
v7wall2-95	12	divK -→6 · 角色多样性权 -→0 · 类别多样性权 -→0 · 代数 500→250 ‖ 115 枚 ‖ 09-16→09-18 ‖ 父 d13d3c85	2026-09-17T16:35:29	95	95	d13d3c85		RUNNER-BASE d13d3c85…（v1.3.58 BASE · runner 恒拷 EPIRUS_BUNDLE_IN 的产物 · 584 枚共指 · **非血统**）	a5986db05571e90e	-	0.06	6	0	0	16	0.05	0.12	0.01	0	0	0	-	-	250	multi	6
v7wall2-98	12	divK -→6 · 角色多样性权 -→0 · 类别多样性权 -→0 · 代数 500→250 ‖ 115 枚 ‖ 09-16→09-18 ‖ 父 d13d3c85	2026-09-17T16:39:39	98	98	d13d3c85		RUNNER-BASE d13d3c85…（v1.3.58 BASE · runner 恒拷 EPIRUS_BUNDLE_IN 的产物 · 584 枚共指 · **非血统**）	d25c0bc7a1edd3ed	-	0.06	6	0	0	16	0.05	0.12	0.01	0	0	0	-	-	250	multi	6
v7ws1-81	19	珠价 divW 0.06→0.3 · 对手池 17→20 ‖ 48 枚 ‖ 09-19→09-19 ‖ 父 d13d3c85	2026-09-19T08:03:21	81	81	d13d3c85		RUNNER-BASE d13d3c85…（v1.3.58 BASE · runner 恒拷 EPIRUS_BUNDLE_IN 的产物 · 584 枚共指 · **非血统**）	e6a8c6a4cee51506	-	0.3	6	0	0	20	0.05	0.12	0.01	0	0	0	-	-	250	multi	6
v7ws1-92	19	珠价 divW 0.06→0.3 · 对手池 17→20 ‖ 48 枚 ‖ 09-19→09-19 ‖ 父 d13d3c85	2026-09-19T08:10:08	92	92	d13d3c85		RUNNER-BASE d13d3c85…（v1.3.58 BASE · runner 恒拷 EPIRUS_BUNDLE_IN 的产物 · 584 枚共指 · **非血统**）	c06640a7e9177466	-	0.3	6	0	0	20	0.05	0.12	0.01	0	0	0	-	-	250	multi	6
v7ws2-81	19	珠价 divW 0.06→0.3 · 对手池 17→20 ‖ 48 枚 ‖ 09-19→09-19 ‖ 父 d13d3c85	2026-09-19T08:18:15	81	81	d13d3c85		RUNNER-BASE d13d3c85…（v1.3.58 BASE · runner 恒拷 EPIRUS_BUNDLE_IN 的产物 · 584 枚共指 · **非血统**）	ca383d787497efb8	-	0.3	6	0	0	20	0.05	0.12	0.01	0	0	0	-	-	250	multi	6
v7ws2-92	19	珠价 divW 0.06→0.3 · 对手池 17→20 ‖ 48 枚 ‖ 09-19→09-19 ‖ 父 d13d3c85	2026-09-19T08:25:09	92	92	d13d3c85		RUNNER-BASE d13d3c85…（v1.3.58 BASE · runner 恒拷 EPIRUS_BUNDLE_IN 的产物 · 584 枚共指 · **非血统**）	27bbf9a4d24a6eac	-	0.3	6	0	0	20	0.05	0.12	0.01	0	0	0	-	-	250	multi	6
v9-31	7	对手池 12→15 ‖ 126 枚 ‖ 09-14→09-15 ‖ 父 d13d3c85	2026-09-14T16:01:22	31	31	d13d3c85		RUNNER-BASE d13d3c85…（v1.3.58 BASE · runner 恒拷 EPIRUS_BUNDLE_IN 的产物 · 584 枚共指 · **非血统**）	99e2ff4165ff1bbb	-	0.06	-	-	-	15	0.05	0.12	0.01	0	0	0	-	-	250	multi	6
v9-34	7	对手池 12→15 ‖ 126 枚 ‖ 09-14→09-15 ‖ 父 d13d3c85	2026-09-14T16:04:29	34	34	d13d3c85		RUNNER-BASE d13d3c85…（v1.3.58 BASE · runner 恒拷 EPIRUS_BUNDLE_IN 的产物 · 584 枚共指 · **非血统**）	59e37e097bb71982	-	0.06	-	-	-	15	0.05	0.12	0.01	0	0	0	-	-	250	multi	6
v9-41	7	对手池 12→15 ‖ 126 枚 ‖ 09-14→09-15 ‖ 父 d13d3c85	2026-09-14T16:07:54	41	41	d13d3c85		RUNNER-BASE d13d3c85…（v1.3.58 BASE · runner 恒拷 EPIRUS_BUNDLE_IN 的产物 · 584 枚共指 · **非血统**）	ffe1112321ffa839	-	0.06	-	-	-	15	0.05	0.12	0.01	0	0	0	-	-	250	multi	6
v9-44	7	对手池 12→15 ‖ 126 枚 ‖ 09-14→09-15 ‖ 父 d13d3c85	2026-09-14T16:10:36	44	44	d13d3c85		RUNNER-BASE d13d3c85…（v1.3.58 BASE · runner 恒拷 EPIRUS_BUNDLE_IN 的产物 · 584 枚共指 · **非血统**）	45127db999925ee2	-	0.06	-	-	-	15	0.05	0.12	0.01	0	0	0	-	-	250	multi	6
long-33	24	零散实验（<6 枚的类合并） ‖ 47 枚 ‖ ined→ined ‖ 父 e379c62c,d13d3c85,d490dc13,-,3d7fca4e	2026-09-12T13:26:53	33	33	e379c62c	champion-5p-ab2-base	champion-5p-ab2-base	de80959d05fd4e3a	-	-	-	-	-	12	-	-	-	-	-	-	-	-	250	long	-
E51-t8-713	24	零散实验（<6 枚的类合并） ‖ 47 枚 ‖ ined→ined ‖ 父 e379c62c,d13d3c85,d490dc13,-,3d7fca4e	2026-09-26T17:10:37		713	-			3d7fca4e50920e03	-	-	-	-	-	-	-	-	-	-	-	-	-	-	800	-	-
e35prod807	24	零散实验（<6 枚的类合并） ‖ 47 枚 ‖ ined→ined ‖ 父 e379c62c,d13d3c85,d490dc13,-,3d7fca4e	2026-09-26T06:37:08		e35prod807	d490dc13	SHIPPED-Ldemo	SHIPPED-Ldemo	ed5aa28dfbad4ab2	-	-	-	-	-	-	-	-	-	-	-	-	-	-	800	-	-
cal-ctl	24	零散实验（<6 枚的类合并） ‖ 47 枚 ‖ ined→ined ‖ 父 e379c62c,d13d3c85,d490dc13,-,3d7fca4e	2026-09-27T06:19:34		ctl	3d7fca4e	E51-t8-713	E51-t8-713	76ffdf712ff394a8	-	-	-	-	-	-	-	-	-	-	-	-	-	-	50	-	-
E59-land-902	22	珠价 divW 0.3→- · divK 6→- · 角色多样性权 0→- · 类别多样性权 0→- · 囤珠奖励 0.05→- · 囤珠惩罚 0.12→- · 输出权重 0.01→- · 先手权重 0→- · 吹哨惩罚 0→- · 风格权重 0→- · 对手池 22→- · 代数 250→400 · 桌形 multi→- ‖ 12 枚 ‖ 09-27→10-02 ‖ 父 3d7fca4e,d490dc13	2026-09-27T06:23:09		902	3d7fca4e	E51-t8-713	E51-t8-713	6ae53731631a0eba	-	-	-	-	-	-	-	-	-	-	-	-	-	-	400	-	-
E59-ctl-901	22	珠价 divW 0.3→- · divK 6→- · 角色多样性权 0→- · 类别多样性权 0→- · 囤珠奖励 0.05→- · 囤珠惩罚 0.12→- · 输出权重 0.01→- · 先手权重 0→- · 吹哨惩罚 0→- · 风格权重 0→- · 对手池 22→- · 代数 250→400 · 桌形 multi→- ‖ 12 枚 ‖ 09-27→10-02 ‖ 父 3d7fca4e,d490dc13	2026-09-27T06:23:12		901	3d7fca4e	E51-t8-713	E51-t8-713	f5665be87da55022	-	-	-	-	-	-	-	-	-	-	-	-	-	-	400	-	-
E59-land-903	22	珠价 divW 0.3→- · divK 6→- · 角色多样性权 0→- · 类别多样性权 0→- · 囤珠奖励 0.05→- · 囤珠惩罚 0.12→- · 输出权重 0.01→- · 先手权重 0→- · 吹哨惩罚 0→- · 风格权重 0→- · 对手池 22→- · 代数 250→400 · 桌形 multi→- ‖ 12 枚 ‖ 09-27→10-02 ‖ 父 3d7fca4e,d490dc13	2026-09-27T06:23:19		903	3d7fca4e	E51-t8-713	E51-t8-713	77f542bf149eda81	-	-	-	-	-	-	-	-	-	-	-	-	-	-	400	-	-
Ldemo	23	代数 400→1200 ‖ 159 枚 ‖ 09-27→10-02 ‖ 父 3d7fca4e,d490dc13	2026-09-27T08:55:34	31	Ldemo	3d7fca4e	E51-t8-713	E51-t8-713	d490dc136293cfc4	2c061b15	-	-	-	-	-	-	-	-	-	-	-	-	-	1200	-	-
L71	23	代数 400→1200 ‖ 159 枚 ‖ 09-27→10-02 ‖ 父 3d7fca4e,d490dc13	2026-09-27T09:06:58	71	L71	3d7fca4e	E51-t8-713	E51-t8-713	3290e99c09f2ac76	-	-	-	-	-	-	-	-	-	-	-	-	-	-	1200	-	-
L191	23	代数 400→1200 ‖ 159 枚 ‖ 09-27→10-02 ‖ 父 3d7fca4e,d490dc13	2026-09-27T09:07:29	191	L191	3d7fca4e	E51-t8-713	E51-t8-713	f6a59e850aa7f954	-	-	-	-	-	-	-	-	-	-	-	-	-	-	1200	-	-
R311	23	代数 400→1200 ‖ 159 枚 ‖ 09-27→10-02 ‖ 父 3d7fca4e,d490dc13	2026-09-27T12:01:32	311	R311	3d7fca4e	E51-t8-713	E51-t8-713	ccc41e51a11947ce	-	-	-	-	-	-	-	-	-	-	-	-	-	-	1200	-	-
R391	23	代数 400→1200 ‖ 159 枚 ‖ 09-27→10-02 ‖ 父 3d7fca4e,d490dc13	2026-09-27T12:02:51	391	R391	3d7fca4e	E51-t8-713	E51-t8-713	3c4b3db7bd8cf585	-	-	-	-	-	-	-	-	-	-	-	-	-	-	1200	-	-
C1s71	23	代数 400→1200 ‖ 159 枚 ‖ 09-27→10-02 ‖ 父 3d7fca4e,d490dc13	2026-09-27T15:00:48	71	C1s71	3d7fca4e	E51-t8-713	E51-t8-713	3290e99c09f2ac76	-	-	-	-	-	-	-	-	-	-	-	-	-	-	1200	-	-
C1s31	23	代数 400→1200 ‖ 159 枚 ‖ 09-27→10-02 ‖ 父 3d7fca4e,d490dc13	2026-09-27T15:00:58	31	C1s31	3d7fca4e	E51-t8-713	E51-t8-713	dfae5c38af537bb7	-	-	-	-	-	-	-	-	-	-	-	-	-	-	1200	-	-
B0-111	23	代数 400→1200 ‖ 159 枚 ‖ 09-27→10-02 ‖ 父 3d7fca4e,d490dc13	2026-09-27T17:03:35		111	d490dc13	SHIPPED-Ldemo	SHIPPED-Ldemo	4d3222c3449e0916	-	-	-	-	-	-	-	-	-	-	-	-	-	-	1200	-	-
B0L-31	23	代数 400→1200 ‖ 159 枚 ‖ 09-27→10-02 ‖ 父 3d7fca4e,d490dc13	2026-09-27T17:06:21		31	d490dc13	SHIPPED-Ldemo	SHIPPED-Ldemo	81e6fdfb65a48614	-	-	-	-	-	-	-	-	-	-	-	-	-	-	1200	-	-
V2-31	23	代数 400→1200 ‖ 159 枚 ‖ 09-27→10-02 ‖ 父 3d7fca4e,d490dc13	2026-09-27T17:29:02		31	d490dc13	SHIPPED-Ldemo	SHIPPED-Ldemo	75019bc522e9cbae	-	-	-	-	-	-	-	-	-	-	-	-	-	-	1200	-	-
V3-71	23	代数 400→1200 ‖ 159 枚 ‖ 09-27→10-02 ‖ 父 3d7fca4e,d490dc13	2026-09-27T17:34:01		71	d490dc13	SHIPPED-Ldemo	SHIPPED-Ldemo	bb026cb9daa01c17	-	-	-	-	-	-	-	-	-	-	-	-	-	-	1200	-	-
D05-71	23	代数 400→1200 ‖ 159 枚 ‖ 09-27→10-02 ‖ 父 3d7fca4e,d490dc13	2026-09-27T17:52:22		71	d490dc13	SHIPPED-Ldemo	SHIPPED-Ldemo	4b10dc8dcbe6b07e	-	-	-	-	-	-	-	-	-	-	-	-	-	-	1200	-	-
D005-71	23	代数 400→1200 ‖ 159 枚 ‖ 09-27→10-02 ‖ 父 3d7fca4e,d490dc13	2026-09-27T17:53:15		71	d490dc13	SHIPPED-Ldemo	SHIPPED-Ldemo	de127ffeccaa1172	-	-	-	-	-	-	-	-	-	-	-	-	-	-	1200	-	-
L05-71	23	代数 400→1200 ‖ 159 枚 ‖ 09-27→10-02 ‖ 父 3d7fca4e,d490dc13	2026-09-27T18:05:49		71	d490dc13	SHIPPED-Ldemo	SHIPPED-Ldemo	e6081e595ce59963	-	-	-	-	-	-	-	-	-	-	-	-	-	-	1200	-	-
L05-31	23	代数 400→1200 ‖ 159 枚 ‖ 09-27→10-02 ‖ 父 3d7fca4e,d490dc13	2026-09-27T18:06:46		31	d490dc13	SHIPPED-Ldemo	SHIPPED-Ldemo	f19bb211a8cb32cb	-	-	-	-	-	-	-	-	-	-	-	-	-	-	1200	-	-
M05C02-111	23	代数 400→1200 ‖ 159 枚 ‖ 09-27→10-02 ‖ 父 3d7fca4e,d490dc13	2026-09-27T18:20:14		111	d490dc13	SHIPPED-Ldemo	SHIPPED-Ldemo	e80f1c495d345b95	-	-	-	-	-	-	-	-	-	-	-	-	-	-	1200	-	-
M05C02-151	23	代数 400→1200 ‖ 159 枚 ‖ 09-27→10-02 ‖ 父 3d7fca4e,d490dc13	2026-09-27T18:20:41		151	d490dc13	SHIPPED-Ldemo	SHIPPED-Ldemo	f9993dbb46ffd6d7	-	-	-	-	-	-	-	-	-	-	-	-	-	-	1200	-	-
M05C02-71	23	代数 400→1200 ‖ 159 枚 ‖ 09-27→10-02 ‖ 父 3d7fca4e,d490dc13	2026-09-27T18:21:02		71	d490dc13	SHIPPED-Ldemo	SHIPPED-Ldemo	19fbdb8a6a12e5c0	-	-	-	-	-	-	-	-	-	-	-	-	-	-	1200	-	-
NC-301	23	代数 400→1200 ‖ 159 枚 ‖ 09-27→10-02 ‖ 父 3d7fca4e,d490dc13	2026-09-27T19:04:02		301	d490dc13	SHIPPED-Ldemo	SHIPPED-Ldemo	6d3b04dcfe536292	-	-	-	-	-	-	-	-	-	-	-	-	-	-	1200	-	-
NC-231	23	代数 400→1200 ‖ 159 枚 ‖ 09-27→10-02 ‖ 父 3d7fca4e,d490dc13	2026-09-27T19:04:38		231	d490dc13	SHIPPED-Ldemo	SHIPPED-Ldemo	6cdf465f4558981d	-	-	-	-	-	-	-	-	-	-	-	-	-	-	1200	-	-
NC-341	23	代数 400→1200 ‖ 159 枚 ‖ 09-27→10-02 ‖ 父 3d7fca4e,d490dc13	2026-09-27T19:05:15		341	d490dc13	SHIPPED-Ldemo	SHIPPED-Ldemo	ae165f1517022dca	-	-	-	-	-	-	-	-	-	-	-	-	-	-	1200	-	-
PL31	23	代数 400→1200 ‖ 159 枚 ‖ 09-27→10-02 ‖ 父 3d7fca4e,d490dc13	2026-09-27T19:48:54		PL31	d490dc13	SHIPPED-Ldemo	SHIPPED-Ldemo	6c1a6b23e88512dd	-	-	-	-	-	-	-	-	-	-	-	-	-	-	1200	-	-
G15-71	23	代数 400→1200 ‖ 159 枚 ‖ 09-27→10-02 ‖ 父 3d7fca4e,d490dc13	2026-09-27T20:13:51		71	d490dc13	SHIPPED-Ldemo	SHIPPED-Ldemo	fbc3926b144ee593	-	-	-	-	-	-	-	-	-	-	-	-	-	-	1200	-	-
G03-71	23	代数 400→1200 ‖ 159 枚 ‖ 09-27→10-02 ‖ 父 3d7fca4e,d490dc13	2026-09-27T20:14:33		71	d490dc13	SHIPPED-Ldemo	SHIPPED-Ldemo	049a2875a79c6477	-	-	-	-	-	-	-	-	-	-	-	-	-	-	1200	-	-
NOL24-31	24	零散实验（<6 枚的类合并） ‖ 47 枚 ‖ ined→ined ‖ 父 e379c62c,d13d3c85,d490dc13,-,3d7fca4e	2026-09-27T20:17:58		31	d490dc13	SHIPPED-Ldemo	SHIPPED-Ldemo	5724843a1c1e1832	-	-	-	-	-	-	-	-	-	-	-	-	-	-	2400	-	-
E00-31	23	代数 400→1200 ‖ 159 枚 ‖ 09-27→10-02 ‖ 父 3d7fca4e,d490dc13	2026-09-27T21:13:15		31	d490dc13	SHIPPED-Ldemo	SHIPPED-Ldemo	9f99c0090d7c758b	-	-	-	-	-	-	-	-	-	-	-	-	-	-	1200	-	-
E10-31	23	代数 400→1200 ‖ 159 枚 ‖ 09-27→10-02 ‖ 父 3d7fca4e,d490dc13	2026-09-27T21:16:33		31	d490dc13	SHIPPED-Ldemo	SHIPPED-Ldemo	c8b41c7d6d8e443b	-	-	-	-	-	-	-	-	-	-	-	-	-	-	1200	-	-
R00-31	23	代数 400→1200 ‖ 159 枚 ‖ 09-27→10-02 ‖ 父 3d7fca4e,d490dc13	2026-09-27T21:46:24		31	d490dc13	SHIPPED-Ldemo	SHIPPED-Ldemo	f19bb211a8cb32cb	-	-	-	-	-	-	-	-	-	-	-	-	-	-	1200	-	-
N5-1	23	代数 400→1200 ‖ 159 枚 ‖ 09-27→10-02 ‖ 父 3d7fca4e,d490dc13	2026-09-27T22:08:36		1	d490dc13	SHIPPED-Ldemo	SHIPPED-Ldemo	215aa0bee4b6898d	-	-	-	-	-	-	-	-	-	-	-	-	-	-	1200	-	-
B5-10-31	23	代数 400→1200 ‖ 159 枚 ‖ 09-27→10-02 ‖ 父 3d7fca4e,d490dc13	2026-09-27T22:25:59		31	d490dc13	SHIPPED-Ldemo	SHIPPED-Ldemo	ce3c6b4a3c527952	-	-	-	-	-	-	-	-	-	-	-	-	-	-	1200	-	-
N5L-15	23	代数 400→1200 ‖ 159 枚 ‖ 09-27→10-02 ‖ 父 3d7fca4e,d490dc13	2026-09-27T22:37:53		15	d490dc13	SHIPPED-Ldemo	SHIPPED-Ldemo	612eb0386aabd4c2	-	-	-	-	-	-	-	-	-	-	-	-	-	-	1200	-	-
C5-02-31	23	代数 400→1200 ‖ 159 枚 ‖ 09-27→10-02 ‖ 父 3d7fca4e,d490dc13	2026-09-27T22:57:08		31	d490dc13	SHIPPED-Ldemo	SHIPPED-Ldemo	d490dc136293cfc4	-	-	-	-	-	-	-	-	-	-	-	-	-	-	1200	-	-
SQ2-15-31	23	代数 400→1200 ‖ 159 枚 ‖ 09-27→10-02 ‖ 父 3d7fca4e,d490dc13	2026-09-28T03:04:58		31	d490dc13	SHIPPED-Ldemo	SHIPPED-Ldemo	ee82e7694b6eb4be	-	-	-	-	-	-	-	-	-	-	-	-	-	-	1200	-	-
blk0t00-s71	23	代数 400→1200 ‖ 159 枚 ‖ 09-27→10-02 ‖ 父 3d7fca4e,d490dc13	2026-09-28T08:13:47		s71	d490dc13	SHIPPED-Ldemo	SHIPPED-Ldemo	fbc3926b144ee593	-	-	-	-	-	-	-	-	-	-	-	-	-	-	1200	-	-
blk1t00-s71	23	代数 400→1200 ‖ 159 枚 ‖ 09-27→10-02 ‖ 父 3d7fca4e,d490dc13	2026-09-28T08:14:34		s71	d490dc13	SHIPPED-Ldemo	SHIPPED-Ldemo	cdc004e1484c9921	-	-	-	-	-	-	-	-	-	-	-	-	-	-	1200	-	-
RG0-31	23	代数 400→1200 ‖ 159 枚 ‖ 09-27→10-02 ‖ 父 3d7fca4e,d490dc13	2026-09-28T15:44:34		31	d490dc13	SHIPPED-Ldemo	SHIPPED-Ldemo	f19bb211a8cb32cb	-	-	-	-	-	-	-	-	-	-	-	-	-	-	1200	-	-
RG0-71	23	代数 400→1200 ‖ 159 枚 ‖ 09-27→10-02 ‖ 父 3d7fca4e,d490dc13	2026-09-28T15:44:58		71	d490dc13	SHIPPED-Ldemo	SHIPPED-Ldemo	fbc3926b144ee593	-	-	-	-	-	-	-	-	-	-	-	-	-	-	1200	-	-
D0a	23	代数 400→1200 ‖ 159 枚 ‖ 09-27→10-02 ‖ 父 3d7fca4e,d490dc13	2026-10-02T15:38:09		D0a	d490dc13	SHIPPED-Ldemo	SHIPPED-Ldemo	5724843a1c1e1832	-	-	-	-	-	-	-	-	-	-	-	-	-	-	1200	-	-
D8a	23	代数 400→1200 ‖ 159 枚 ‖ 09-27→10-02 ‖ 父 3d7fca4e,d490dc13	2026-10-02T15:42:23		D8a	d490dc13	SHIPPED-Ldemo	SHIPPED-Ldemo	0860ace5bd1b59ee	-	-	-	-	-	-	-	-	-	-	-	-	-	-	1200	-	-
D1a	23	代数 400→1200 ‖ 159 枚 ‖ 09-27→10-02 ‖ 父 3d7fca4e,d490dc13	2026-10-02T15:45:21		D1a	d490dc13	SHIPPED-Ldemo	SHIPPED-Ldemo	6108503fb15cdbbd	-	-	-	-	-	-	-	-	-	-	-	-	-	-	1200	-	-
E1	23	代数 400→1200 ‖ 159 枚 ‖ 09-27→10-02 ‖ 父 3d7fca4e,d490dc13	2026-10-02T15:55:43		E1	d490dc13	SHIPPED-Ldemo	SHIPPED-Ldemo	01eec764b18ec983	-	-	-	-	-	-	-	-	-	-	-	-	-	-	1200	-	-
B2	23	代数 400→1200 ‖ 159 枚 ‖ 09-27→10-02 ‖ 父 3d7fca4e,d490dc13	2026-10-02T15:56:38		B2	d490dc13	SHIPPED-Ldemo	SHIPPED-Ldemo	f660c89d51e3d589	-	-	-	-	-	-	-	-	-	-	-	-	-	-	1200	-	-
K2	23	代数 400→1200 ‖ 159 枚 ‖ 09-27→10-02 ‖ 父 3d7fca4e,d490dc13	2026-10-02T15:57:07		K2	d490dc13	SHIPPED-Ldemo	SHIPPED-Ldemo	1d4b687da27187b7	-	-	-	-	-	-	-	-	-	-	-	-	-	-	1200	-	-
K5	23	代数 400→1200 ‖ 159 枚 ‖ 09-27→10-02 ‖ 父 3d7fca4e,d490dc13	2026-10-02T16:01:32		K5	d490dc13	SHIPPED-Ldemo	SHIPPED-Ldemo	bb026cb9daa01c17	-	-	-	-	-	-	-	-	-	-	-	-	-	-	1200	-	-
Q191	23	代数 400→1200 ‖ 159 枚 ‖ 09-27→10-02 ‖ 父 3d7fca4e,d490dc13	2026-10-02T16:14:05		Q191	d490dc13	SHIPPED-Ldemo	SHIPPED-Ldemo	8c5612555da9ead6	-	-	-	-	-	-	-	-	-	-	-	-	-	-	1200	-	-
P111	23	代数 400→1200 ‖ 159 枚 ‖ 09-27→10-02 ‖ 父 3d7fca4e,d490dc13	2026-10-02T16:14:54		P111	d490dc13	SHIPPED-Ldemo	SHIPPED-Ldemo	4bcca6ff7d235ebb	-	-	-	-	-	-	-	-	-	-	-	-	-	-	1200	-	-
T111	23	代数 400→1200 ‖ 159 枚 ‖ 09-27→10-02 ‖ 父 3d7fca4e,d490dc13	2026-10-02T16:21:11		T111	d490dc13	SHIPPED-Ldemo	SHIPPED-Ldemo	bf116be8b4cb6831	-	-	-	-	-	-	-	-	-	-	-	-	-	-	1200	-	-
U2	23	代数 400→1200 ‖ 159 枚 ‖ 09-27→10-02 ‖ 父 3d7fca4e,d490dc13	2026-10-02T16:22:09		U2	d490dc13	SHIPPED-Ldemo	SHIPPED-Ldemo	394c969e4a8ba702	-	-	-	-	-	-	-	-	-	-	-	-	-	-	1200	-	-
V111	23	代数 400→1200 ‖ 159 枚 ‖ 09-27→10-02 ‖ 父 3d7fca4e,d490dc13	2026-10-02T16:32:52		V111	d490dc13	SHIPPED-Ldemo	SHIPPED-Ldemo	1ff96e47fd6b4cea	-	-	-	-	-	-	-	-	-	-	-	-	-	-	1200	-	-
W31	23	代数 400→1200 ‖ 159 枚 ‖ 09-27→10-02 ‖ 父 3d7fca4e,d490dc13	2026-10-02T16:33:26		W31	d490dc13	SHIPPED-Ldemo	SHIPPED-Ldemo	e283fe1a741c5a15	-	-	-	-	-	-	-	-	-	-	-	-	-	-	1200	-	-
BIG0	22	珠价 divW 0.3→- · divK 6→- · 角色多样性权 0→- · 类别多样性权 0→- · 囤珠奖励 0.05→- · 囤珠惩罚 0.12→- · 输出权重 0.01→- · 先手权重 0→- · 吹哨惩罚 0→- · 风格权重 0→- · 对手池 22→- · 代数 250→400 · 桌形 multi→- ‖ 12 枚 ‖ 09-27→10-02 ‖ 父 3d7fca4e,d490dc13	2026-10-02T17:26:20		BIG0	d490dc13	SHIPPED-Ldemo	SHIPPED-Ldemo	b2263a30f5911655	-	-	-	-	-	-	-	-	-	-	-	-	-	-	400	-	-
M191	23	代数 400→1200 ‖ 159 枚 ‖ 09-27→10-02 ‖ 父 3d7fca4e,d490dc13	2026-10-02T17:54:07		M191	d490dc13	SHIPPED-Ldemo	SHIPPED-Ldemo	8c5612555da9ead6	-	-	-	-	-	-	-	-	-	-	-	-	-	-	1200	-	-
M111	23	代数 400→1200 ‖ 159 枚 ‖ 09-27→10-02 ‖ 父 3d7fca4e,d490dc13	2026-10-02T17:54:51		M111	d490dc13	SHIPPED-Ldemo	SHIPPED-Ldemo	4d3222c3449e0916	-	-	-	-	-	-	-	-	-	-	-	-	-	-	1200	-	-
M31	23	代数 400→1200 ‖ 159 枚 ‖ 09-27→10-02 ‖ 父 3d7fca4e,d490dc13	2026-10-02T17:54:57		M31	d490dc13	SHIPPED-Ldemo	SHIPPED-Ldemo	5724843a1c1e1832	-	-	-	-	-	-	-	-	-	-	-	-	-	-	1200	-	-
M71	23	代数 400→1200 ‖ 159 枚 ‖ 09-27→10-02 ‖ 父 3d7fca4e,d490dc13	2026-10-02T17:55:39		M71	d490dc13	SHIPPED-Ldemo	SHIPPED-Ldemo	5727b5d25afffe2a	-	-	-	-	-	-	-	-	-	-	-	-	-	-	1200	-	-
seed80	24	零散实验（<6 枚的类合并） ‖ 47 枚 ‖ ined→ined ‖ 父 e379c62c,d13d3c85,d490dc13,-,3d7fca4e	2026-09-25T14:18:31	80	seed80	d490dc13	SHIPPED-Ldemo	SHIPPED-Ldemo	c99b5c2d3cea3722	-	-	-	-	-	-	-	-	-	-	-	-	-	-	120	-	-
e35prod814	24	零散实验（<6 枚的类合并） ‖ 47 枚 ‖ ined→ined ‖ 父 e379c62c,d13d3c85,d490dc13,-,3d7fca4e	2026-09-26T06:49:27		e35prod814	d490dc13	SHIPPED-Ldemo	SHIPPED-Ldemo	c8289566e7fee1b7	-	-	-	-	-	-	-	-	-	-	-	-	-	-	800	-	-
seq20	24	零散实验（<6 枚的类合并） ‖ 47 枚 ‖ ined→ined ‖ 父 e379c62c,d13d3c85,d490dc13,-,3d7fca4e	2026-09-27T06:20:49		seq20	3d7fca4e	E51-t8-713	E51-t8-713	76ffdf712ff394a8	-	-	-	-	-	-	-	-	-	-	-	-	-	-	20	-	-
E59-seq-902	22	珠价 divW 0.3→- · divK 6→- · 角色多样性权 0→- · 类别多样性权 0→- · 囤珠奖励 0.05→- · 囤珠惩罚 0.12→- · 输出权重 0.01→- · 先手权重 0→- · 吹哨惩罚 0→- · 风格权重 0→- · 对手池 22→- · 代数 250→400 · 桌形 multi→- ‖ 12 枚 ‖ 09-27→10-02 ‖ 父 3d7fca4e,d490dc13	2026-09-27T06:23:09		902	3d7fca4e	E51-t8-713	E51-t8-713	3530cd6543fe1e63	-	-	-	-	-	-	-	-	-	-	-	-	-	-	400	-	-
E59-seq-901	22	珠价 divW 0.3→- · divK 6→- · 角色多样性权 0→- · 类别多样性权 0→- · 囤珠奖励 0.05→- · 囤珠惩罚 0.12→- · 输出权重 0.01→- · 先手权重 0→- · 吹哨惩罚 0→- · 风格权重 0→- · 对手池 22→- · 代数 250→400 · 桌形 multi→- ‖ 12 枚 ‖ 09-27→10-02 ‖ 父 3d7fca4e,d490dc13	2026-09-27T06:23:14		901	3d7fca4e	E51-t8-713	E51-t8-713	f5665be87da55022	-	-	-	-	-	-	-	-	-	-	-	-	-	-	400	-	-
E59-ctl-903	22	珠价 divW 0.3→- · divK 6→- · 角色多样性权 0→- · 类别多样性权 0→- · 囤珠奖励 0.05→- · 囤珠惩罚 0.12→- · 输出权重 0.01→- · 先手权重 0→- · 吹哨惩罚 0→- · 风格权重 0→- · 对手池 22→- · 代数 250→400 · 桌形 multi→- ‖ 12 枚 ‖ 09-27→10-02 ‖ 父 3d7fca4e,d490dc13	2026-09-27T06:23:21		903	3d7fca4e	E51-t8-713	E51-t8-713	77f542bf149eda81	-	-	-	-	-	-	-	-	-	-	-	-	-	-	400	-	-
Lspend	23	代数 400→1200 ‖ 159 枚 ‖ 09-27→10-02 ‖ 父 3d7fca4e,d490dc13	2026-09-27T08:56:07	31	Lspend	3d7fca4e	E51-t8-713	E51-t8-713	78e57d8ba0438e5d	-	-	-	-	-	-	-	-	-	-	-	-	-	-	1200	-	-
L151	23	代数 400→1200 ‖ 159 枚 ‖ 09-27→10-02 ‖ 父 3d7fca4e,d490dc13	2026-09-27T09:07:10	151	L151	3d7fca4e	E51-t8-713	E51-t8-713	83e0e8eda550bded	-	-	-	-	-	-	-	-	-	-	-	-	-	-	1200	-	-
R351	23	代数 400→1200 ‖ 159 枚 ‖ 09-27→10-02 ‖ 父 3d7fca4e,d490dc13	2026-09-27T12:01:22	351	R351	3d7fca4e	E51-t8-713	E51-t8-713	df22f23903e14339	-	-	-	-	-	-	-	-	-	-	-	-	-	-	1200	-	-
R271	23	代数 400→1200 ‖ 159 枚 ‖ 09-27→10-02 ‖ 父 3d7fca4e,d490dc13	2026-09-27T12:01:35	271	R271	3d7fca4e	E51-t8-713	E51-t8-713	1a9212dd40284382	-	-	-	-	-	-	-	-	-	-	-	-	-	-	1200	-	-
C2s71	23	代数 400→1200 ‖ 159 枚 ‖ 09-27→10-02 ‖ 父 3d7fca4e,d490dc13	2026-09-27T15:00:45	71	C2s71	3d7fca4e	E51-t8-713	E51-t8-713	3290e99c09f2ac76	-	-	-	-	-	-	-	-	-	-	-	-	-	-	1200	-	-
C2s31	23	代数 400→1200 ‖ 159 枚 ‖ 09-27→10-02 ‖ 父 3d7fca4e,d490dc13	2026-09-27T15:00:57	31	C2s31	3d7fca4e	E51-t8-713	E51-t8-713	dfae5c38af537bb7	-	-	-	-	-	-	-	-	-	-	-	-	-	-	1200	-	-
EL0	23	代数 400→1200 ‖ 159 枚 ‖ 09-27→10-02 ‖ 父 3d7fca4e,d490dc13	2026-09-27T15:09:11		EL0	3d7fca4e	E51-t8-713	E51-t8-713	afd8f1dcf70edc36	-	-	-	-	-	-	-	-	-	-	-	-	-	-	1200	-	-
B0-31	23	代数 400→1200 ‖ 159 枚 ‖ 09-27→10-02 ‖ 父 3d7fca4e,d490dc13	2026-09-27T17:03:38		31	d490dc13	SHIPPED-Ldemo	SHIPPED-Ldemo	5724843a1c1e1832	-	-	-	-	-	-	-	-	-	-	-	-	-	-	1200	-	-
B0L-71	23	代数 400→1200 ‖ 159 枚 ‖ 09-27→10-02 ‖ 父 3d7fca4e,d490dc13	2026-09-27T17:06:52		71	d490dc13	SHIPPED-Ldemo	SHIPPED-Ldemo	5e7411aa8c77ff8e	-	-	-	-	-	-	-	-	-	-	-	-	-	-	1200	-	-
V2-71	23	代数 400→1200 ‖ 159 枚 ‖ 09-27→10-02 ‖ 父 3d7fca4e,d490dc13	2026-09-27T17:29:38		71	d490dc13	SHIPPED-Ldemo	SHIPPED-Ldemo	5727b5d25afffe2a	-	-	-	-	-	-	-	-	-	-	-	-	-	-	1200	-	-
V1-31	23	代数 400→1200 ‖ 159 枚 ‖ 09-27→10-02 ‖ 父 3d7fca4e,d490dc13	2026-09-27T17:34:59		31	d490dc13	SHIPPED-Ldemo	SHIPPED-Ldemo	6108503fb15cdbbd	-	-	-	-	-	-	-	-	-	-	-	-	-	-	1200	-	-
D02-71	23	代数 400→1200 ‖ 159 枚 ‖ 09-27→10-02 ‖ 父 3d7fca4e,d490dc13	2026-09-27T17:52:37		71	d490dc13	SHIPPED-Ldemo	SHIPPED-Ldemo	2f3e611ab93c1b81	-	-	-	-	-	-	-	-	-	-	-	-	-	-	1200	-	-
D02-31	23	代数 400→1200 ‖ 159 枚 ‖ 09-27→10-02 ‖ 父 3d7fca4e,d490dc13	2026-09-27T17:53:55		31	d490dc13	SHIPPED-Ldemo	SHIPPED-Ldemo	1d4b687da27187b7	-	-	-	-	-	-	-	-	-	-	-	-	-	-	1200	-	-
L05K-71	23	代数 400→1200 ‖ 159 枚 ‖ 09-27→10-02 ‖ 父 3d7fca4e,d490dc13	2026-09-27T18:05:52		71	d490dc13	SHIPPED-Ldemo	SHIPPED-Ldemo	e6081e595ce59963	-	-	-	-	-	-	-	-	-	-	-	-	-	-	1200	-	-
L05K-31	23	代数 400→1200 ‖ 159 枚 ‖ 09-27→10-02 ‖ 父 3d7fca4e,d490dc13	2026-09-27T18:06:48		31	d490dc13	SHIPPED-Ldemo	SHIPPED-Ldemo	f19bb211a8cb32cb	-	-	-	-	-	-	-	-	-	-	-	-	-	-	1200	-	-
M05-191	23	代数 400→1200 ‖ 159 枚 ‖ 09-27→10-02 ‖ 父 3d7fca4e,d490dc13	2026-09-27T18:20:21		191	d490dc13	SHIPPED-Ldemo	SHIPPED-Ldemo	a7bd104351490406	-	-	-	-	-	-	-	-	-	-	-	-	-	-	1200	-	-
M05C02-31	23	代数 400→1200 ‖ 159 枚 ‖ 09-27→10-02 ‖ 父 3d7fca4e,d490dc13	2026-09-27T18:20:42		31	d490dc13	SHIPPED-Ldemo	SHIPPED-Ldemo	6c1a6b23e88512dd	-	-	-	-	-	-	-	-	-	-	-	-	-	-	1200	-	-
M05-111	23	代数 400→1200 ‖ 159 枚 ‖ 09-27→10-02 ‖ 父 3d7fca4e,d490dc13	2026-09-27T18:21:43		111	d490dc13	SHIPPED-Ldemo	SHIPPED-Ldemo	e2b0b2d5bdb58c16	-	-	-	-	-	-	-	-	-	-	-	-	-	-	1200	-	-
NCV-31	23	代数 400→1200 ‖ 159 枚 ‖ 09-27→10-02 ‖ 父 3d7fca4e,d490dc13	2026-09-27T19:04:23		31	d490dc13	SHIPPED-Ldemo	SHIPPED-Ldemo	6c1a6b23e88512dd	-	-	-	-	-	-	-	-	-	-	-	-	-	-	1200	-	-
NCV-71	23	代数 400→1200 ‖ 159 枚 ‖ 09-27→10-02 ‖ 父 3d7fca4e,d490dc13	2026-09-27T19:04:44		71	d490dc13	SHIPPED-Ldemo	SHIPPED-Ldemo	392bc3dbd46f4605	-	-	-	-	-	-	-	-	-	-	-	-	-	-	1200	-	-
SM71	23	代数 400→1200 ‖ 159 枚 ‖ 09-27→10-02 ‖ 父 3d7fca4e,d490dc13	2026-09-27T19:24:55		SM71	d490dc13	SHIPPED-Ldemo	SHIPPED-Ldemo	392bc3dbd46f4605	-	-	-	-	-	-	-	-	-	-	-	-	-	-	1200	-	-
PL71	23	代数 400→1200 ‖ 159 枚 ‖ 09-27→10-02 ‖ 父 3d7fca4e,d490dc13	2026-09-27T19:49:20		PL71	d490dc13	SHIPPED-Ldemo	SHIPPED-Ldemo	f8bd1419522c6773	-	-	-	-	-	-	-	-	-	-	-	-	-	-	1200	-	-
G15-31	23	代数 400→1200 ‖ 159 枚 ‖ 09-27→10-02 ‖ 父 3d7fca4e,d490dc13	2026-09-27T20:13:58		31	d490dc13	SHIPPED-Ldemo	SHIPPED-Ldemo	f19bb211a8cb32cb	-	-	-	-	-	-	-	-	-	-	-	-	-	-	1200	-	-
G03-31	23	代数 400→1200 ‖ 159 枚 ‖ 09-27→10-02 ‖ 父 3d7fca4e,d490dc13	2026-09-27T20:14:58		31	d490dc13	SHIPPED-Ldemo	SHIPPED-Ldemo	b88b593b910ae4be	-	-	-	-	-	-	-	-	-	-	-	-	-	-	1200	-	-
NOL24-71	24	零散实验（<6 枚的类合并） ‖ 47 枚 ‖ ined→ined ‖ 父 e379c62c,d13d3c85,d490dc13,-,3d7fca4e	2026-09-27T20:19:04		71	d490dc13	SHIPPED-Ldemo	SHIPPED-Ldemo	5727b5d25afffe2a	-	-	-	-	-	-	-	-	-	-	-	-	-	-	2400	-	-
E00-71	23	代数 400→1200 ‖ 159 枚 ‖ 09-27→10-02 ‖ 父 3d7fca4e,d490dc13	2026-09-27T21:14:24		71	d490dc13	SHIPPED-Ldemo	SHIPPED-Ldemo	293a114058436bd0	-	-	-	-	-	-	-	-	-	-	-	-	-	-	1200	-	-
E10-71	23	代数 400→1200 ‖ 159 枚 ‖ 09-27→10-02 ‖ 父 3d7fca4e,d490dc13	2026-09-27T21:16:49		71	d490dc13	SHIPPED-Ldemo	SHIPPED-Ldemo	19fbdb8a6a12e5c0	-	-	-	-	-	-	-	-	-	-	-	-	-	-	1200	-	-
R00-71	23	代数 400→1200 ‖ 159 枚 ‖ 09-27→10-02 ‖ 父 3d7fca4e,d490dc13	2026-09-27T21:46:39		71	d490dc13	SHIPPED-Ldemo	SHIPPED-Ldemo	fbc3926b144ee593	-	-	-	-	-	-	-	-	-	-	-	-	-	-	1200	-	-
B5-05-31	23	代数 400→1200 ‖ 159 枚 ‖ 09-27→10-02 ‖ 父 3d7fca4e,d490dc13	2026-09-27T22:23:50		31	d490dc13	SHIPPED-Ldemo	SHIPPED-Ldemo	215aa0bee4b6898d	-	-	-	-	-	-	-	-	-	-	-	-	-	-	1200	-	-
B5-05-71	23	代数 400→1200 ‖ 159 枚 ‖ 09-27→10-02 ‖ 父 3d7fca4e,d490dc13	2026-09-27T22:26:17		71	d490dc13	SHIPPED-Ldemo	SHIPPED-Ldemo	27cdfccc9cdef574	-	-	-	-	-	-	-	-	-	-	-	-	-	-	1200	-	-
N5L-30	23	代数 400→1200 ‖ 159 枚 ‖ 09-27→10-02 ‖ 父 3d7fca4e,d490dc13	2026-09-27T22:42:39		30	d490dc13	SHIPPED-Ldemo	SHIPPED-Ldemo	2b5da24e1770b24a	-	-	-	-	-	-	-	-	-	-	-	-	-	-	1200	-	-
HF-191	23	代数 400→1200 ‖ 159 枚 ‖ 09-27→10-02 ‖ 父 3d7fca4e,d490dc13	2026-09-28T00:12:51		191	d490dc13	SHIPPED-Ldemo	SHIPPED-Ldemo	3df992a9e40c1533	-	-	-	-	-	-	-	-	-	-	-	-	-	-	1200	-	-
blk0t00-s31	23	代数 400→1200 ‖ 159 枚 ‖ 09-27→10-02 ‖ 父 3d7fca4e,d490dc13	2026-09-28T08:13:21		s31	d490dc13	SHIPPED-Ldemo	SHIPPED-Ldemo	f19bb211a8cb32cb	-	-	-	-	-	-	-	-	-	-	-	-	-	-	1200	-	-
blk1t40-s71	23	代数 400→1200 ‖ 159 枚 ‖ 09-27→10-02 ‖ 父 3d7fca4e,d490dc13	2026-09-28T08:13:55		s71	d490dc13	SHIPPED-Ldemo	SHIPPED-Ldemo	772194200f18d2c2	-	-	-	-	-	-	-	-	-	-	-	-	-	-	1200	-	-
blk1t00-s31	23	代数 400→1200 ‖ 159 枚 ‖ 09-27→10-02 ‖ 父 3d7fca4e,d490dc13	2026-09-28T08:14:36		s31	d490dc13	SHIPPED-Ldemo	SHIPPED-Ldemo	96871b153862ab15	-	-	-	-	-	-	-	-	-	-	-	-	-	-	1200	-	-
RG1-31	23	代数 400→1200 ‖ 159 枚 ‖ 09-27→10-02 ‖ 父 3d7fca4e,d490dc13	2026-09-28T15:44:35		31	d490dc13	SHIPPED-Ldemo	SHIPPED-Ldemo	f7302d3c1db7889e	-	-	-	-	-	-	-	-	-	-	-	-	-	-	1200	-	-
D3a	23	代数 400→1200 ‖ 159 枚 ‖ 09-27→10-02 ‖ 父 3d7fca4e,d490dc13	2026-10-02T15:37:21		D3a	d490dc13	SHIPPED-Ldemo	SHIPPED-Ldemo	59d6f6efd8296692	-	-	-	-	-	-	-	-	-	-	-	-	-	-	1200	-	-
D4a	23	代数 400→1200 ‖ 159 枚 ‖ 09-27→10-02 ‖ 父 3d7fca4e,d490dc13	2026-10-02T15:39:29		D4a	d490dc13	SHIPPED-Ldemo	SHIPPED-Ldemo	5a60c8489990e8b6	-	-	-	-	-	-	-	-	-	-	-	-	-	-	1200	-	-
D6a	23	代数 400→1200 ‖ 159 枚 ‖ 09-27→10-02 ‖ 父 3d7fca4e,d490dc13	2026-10-02T15:42:56		D6a	d490dc13	SHIPPED-Ldemo	SHIPPED-Ldemo	f9e9a5208b834332	-	-	-	-	-	-	-	-	-	-	-	-	-	-	1200	-	-
K6	23	代数 400→1200 ‖ 159 枚 ‖ 09-27→10-02 ‖ 父 3d7fca4e,d490dc13	2026-10-02T15:54:53		K6	d490dc13	SHIPPED-Ldemo	SHIPPED-Ldemo	4b10dc8dcbe6b07e	-	-	-	-	-	-	-	-	-	-	-	-	-	-	1200	-	-
B1	23	代数 400→1200 ‖ 159 枚 ‖ 09-27→10-02 ‖ 父 3d7fca4e,d490dc13	2026-10-02T15:55:57		B1	d490dc13	SHIPPED-Ldemo	SHIPPED-Ldemo	38af0d4bce6fa357	-	-	-	-	-	-	-	-	-	-	-	-	-	-	1200	-	-
C0b	23	代数 400→1200 ‖ 159 枚 ‖ 09-27→10-02 ‖ 父 3d7fca4e,d490dc13	2026-10-02T15:56:43		C0b	d490dc13	SHIPPED-Ldemo	SHIPPED-Ldemo	5727b5d25afffe2a	-	-	-	-	-	-	-	-	-	-	-	-	-	-	1200	-	-
E2	23	代数 400→1200 ‖ 159 枚 ‖ 09-27→10-02 ‖ 父 3d7fca4e,d490dc13	2026-10-02T15:57:17		E2	d490dc13	SHIPPED-Ldemo	SHIPPED-Ldemo	b3c6be11febc11f9	-	-	-	-	-	-	-	-	-	-	-	-	-	-	1200	-	-
K3	23	代数 400→1200 ‖ 159 枚 ‖ 09-27→10-02 ‖ 父 3d7fca4e,d490dc13	2026-10-02T16:01:35		K3	d490dc13	SHIPPED-Ldemo	SHIPPED-Ldemo	7da3de5f7d4e2d96	-	-	-	-	-	-	-	-	-	-	-	-	-	-	1200	-	-
Q151	23	代数 400→1200 ‖ 159 枚 ‖ 09-27→10-02 ‖ 父 3d7fca4e,d490dc13	2026-10-02T16:14:24		Q151	d490dc13	SHIPPED-Ldemo	SHIPPED-Ldemo	60ebf6632d3f43a8	-	-	-	-	-	-	-	-	-	-	-	-	-	-	1200	-	-
Q111	23	代数 400→1200 ‖ 159 枚 ‖ 09-27→10-02 ‖ 父 3d7fca4e,d490dc13	2026-10-02T16:15:05		Q111	d490dc13	SHIPPED-Ldemo	SHIPPED-Ldemo	4d3222c3449e0916	-	-	-	-	-	-	-	-	-	-	-	-	-	-	1200	-	-
T71	23	代数 400→1200 ‖ 159 枚 ‖ 09-27→10-02 ‖ 父 3d7fca4e,d490dc13	2026-10-02T16:21:21		T71	d490dc13	SHIPPED-Ldemo	SHIPPED-Ldemo	2f3e611ab93c1b81	-	-	-	-	-	-	-	-	-	-	-	-	-	-	1200	-	-
Q231	23	代数 400→1200 ‖ 159 枚 ‖ 09-27→10-02 ‖ 父 3d7fca4e,d490dc13	2026-10-02T16:22:39		Q231	d490dc13	SHIPPED-Ldemo	SHIPPED-Ldemo	66b52ef0d0cbf252	-	-	-	-	-	-	-	-	-	-	-	-	-	-	1200	-	-
V71	23	代数 400→1200 ‖ 159 枚 ‖ 09-27→10-02 ‖ 父 3d7fca4e,d490dc13	2026-10-02T16:32:56		V71	d490dc13	SHIPPED-Ldemo	SHIPPED-Ldemo	acf9a0177a4bc94c	-	-	-	-	-	-	-	-	-	-	-	-	-	-	1200	-	-
W71	23	代数 400→1200 ‖ 159 枚 ‖ 09-27→10-02 ‖ 父 3d7fca4e,d490dc13	2026-10-02T16:33:38		W71	d490dc13	SHIPPED-Ldemo	SHIPPED-Ldemo	da029c426248ce6d	-	-	-	-	-	-	-	-	-	-	-	-	-	-	1200	-	-
BIG1	22	珠价 divW 0.3→- · divK 6→- · 角色多样性权 0→- · 类别多样性权 0→- · 囤珠奖励 0.05→- · 囤珠惩罚 0.12→- · 输出权重 0.01→- · 先手权重 0→- · 吹哨惩罚 0→- · 风格权重 0→- · 对手池 22→- · 代数 250→400 · 桌形 multi→- ‖ 12 枚 ‖ 09-27→10-02 ‖ 父 3d7fca4e,d490dc13	2026-10-02T17:29:09		BIG1	d490dc13	SHIPPED-Ldemo	SHIPPED-Ldemo	b2263a30f5911655	-	-	-	-	-	-	-	-	-	-	-	-	-	-	400	-	-
S71	23	代数 400→1200 ‖ 159 枚 ‖ 09-27→10-02 ‖ 父 3d7fca4e,d490dc13	2026-10-02T17:54:08		S71	d490dc13	SHIPPED-Ldemo	SHIPPED-Ldemo	0d858d46c4227e1a	-	-	-	-	-	-	-	-	-	-	-	-	-	-	1200	-	-
S111	23	代数 400→1200 ‖ 159 枚 ‖ 09-27→10-02 ‖ 父 3d7fca4e,d490dc13	2026-10-02T17:54:54		S111	d490dc13	SHIPPED-Ldemo	SHIPPED-Ldemo	4bcca6ff7d235ebb	-	-	-	-	-	-	-	-	-	-	-	-	-	-	1200	-	-
S231	23	代数 400→1200 ‖ 159 枚 ‖ 09-27→10-02 ‖ 父 3d7fca4e,d490dc13	2026-10-02T17:55:23		S231	d490dc13	SHIPPED-Ldemo	SHIPPED-Ldemo	df878bc2ce8e2cf6	-	-	-	-	-	-	-	-	-	-	-	-	-	-	1200	-	-
M231	23	代数 400→1200 ‖ 159 枚 ‖ 09-27→10-02 ‖ 父 3d7fca4e,d490dc13	2026-10-02T17:55:59		M231	d490dc13	SHIPPED-Ldemo	SHIPPED-Ldemo	66b52ef0d0cbf252	-	-	-	-	-	-	-	-	-	-	-	-	-	-	1200	-	-
seed81	24	零散实验（<6 枚的类合并） ‖ 47 枚 ‖ ined→ined ‖ 父 e379c62c,d13d3c85,d490dc13,-,3d7fca4e	2026-09-25T14:18:59	81	seed81	d490dc13	SHIPPED-Ldemo	SHIPPED-Ldemo	25df919c7dc61ddf	-	-	-	-	-	-	-	-	-	-	-	-	-	-	120	-	-
e39ctl911	24	零散实验（<6 枚的类合并） ‖ 47 枚 ‖ ined→ined ‖ 父 e379c62c,d13d3c85,d490dc13,-,3d7fca4e	2026-09-26T08:08:20		e39ctl911	d490dc13	SHIPPED-Ldemo	SHIPPED-Ldemo	df1158023af3b4bf	-	-	-	-	-	-	-	-	-	-	-	-	-	-	800	-	-
land20	24	零散实验（<6 枚的类合并） ‖ 47 枚 ‖ ined→ined ‖ 父 e379c62c,d13d3c85,d490dc13,-,3d7fca4e	2026-09-27T06:20:49		land20	3d7fca4e	E51-t8-713	E51-t8-713	76ffdf712ff394a8	-	-	-	-	-	-	-	-	-	-	-	-	-	-	20	-	-
E59-ctl-902	22	珠价 divW 0.3→- · divK 6→- · 角色多样性权 0→- · 类别多样性权 0→- · 囤珠奖励 0.05→- · 囤珠惩罚 0.12→- · 输出权重 0.01→- · 先手权重 0→- · 吹哨惩罚 0→- · 风格权重 0→- · 对手池 22→- · 代数 250→400 · 桌形 multi→- ‖ 12 枚 ‖ 09-27→10-02 ‖ 父 3d7fca4e,d490dc13	2026-09-27T06:23:10		902	3d7fca4e	E51-t8-713	E51-t8-713	3530cd6543fe1e63	-	-	-	-	-	-	-	-	-	-	-	-	-	-	400	-	-
E59-land-901	22	珠价 divW 0.3→- · divK 6→- · 角色多样性权 0→- · 类别多样性权 0→- · 囤珠奖励 0.05→- · 囤珠惩罚 0.12→- · 输出权重 0.01→- · 先手权重 0→- · 吹哨惩罚 0→- · 风格权重 0→- · 对手池 22→- · 代数 250→400 · 桌形 multi→- ‖ 12 枚 ‖ 09-27→10-02 ‖ 父 3d7fca4e,d490dc13	2026-09-27T06:23:14		901	3d7fca4e	E51-t8-713	E51-t8-713	f5665be87da55022	-	-	-	-	-	-	-	-	-	-	-	-	-	-	400	-	-
E59-seq-903	22	珠价 divW 0.3→- · divK 6→- · 角色多样性权 0→- · 类别多样性权 0→- · 囤珠奖励 0.05→- · 囤珠惩罚 0.12→- · 输出权重 0.01→- · 先手权重 0→- · 吹哨惩罚 0→- · 风格权重 0→- · 对手池 22→- · 代数 250→400 · 桌形 multi→- ‖ 12 枚 ‖ 09-27→10-02 ‖ 父 3d7fca4e,d490dc13	2026-09-27T06:23:21		903	3d7fca4e	E51-t8-713	E51-t8-713	77f542bf149eda81	-	-	-	-	-	-	-	-	-	-	-	-	-	-	400	-	-
Lctl	23	代数 400→1200 ‖ 159 枚 ‖ 09-27→10-02 ‖ 父 3d7fca4e,d490dc13	2026-09-27T08:56:50	31	Lctl	3d7fca4e	E51-t8-713	E51-t8-713	dfae5c38af537bb7	-	-	-	-	-	-	-	-	-	-	-	-	-	-	1200	-	-
L111	23	代数 400→1200 ‖ 159 枚 ‖ 09-27→10-02 ‖ 父 3d7fca4e,d490dc13	2026-09-27T09:07:21	111	L111	3d7fca4e	E51-t8-713	E51-t8-713	bbe12fe3dfeaee00	-	-	-	-	-	-	-	-	-	-	-	-	-	-	1200	-	-
R431	23	代数 400→1200 ‖ 159 枚 ‖ 09-27→10-02 ‖ 父 3d7fca4e,d490dc13	2026-09-27T12:01:27	431	R431	3d7fca4e	E51-t8-713	E51-t8-713	8e3b1f1ab18ba7f7	-	-	-	-	-	-	-	-	-	-	-	-	-	-	1200	-	-
R231	23	代数 400→1200 ‖ 159 枚 ‖ 09-27→10-02 ‖ 父 3d7fca4e,d490dc13	2026-09-27T12:01:38	231	R231	3d7fca4e	E51-t8-713	E51-t8-713	3afd512a5c385dc6	-	-	-	-	-	-	-	-	-	-	-	-	-	-	1200	-	-
C0s71	23	代数 400→1200 ‖ 159 枚 ‖ 09-27→10-02 ‖ 父 3d7fca4e,d490dc13	2026-09-27T15:00:45	71	C0s71	3d7fca4e	E51-t8-713	E51-t8-713	3290e99c09f2ac76	-	-	-	-	-	-	-	-	-	-	-	-	-	-	1200	-	-
C0s31	23	代数 400→1200 ‖ 159 枚 ‖ 09-27→10-02 ‖ 父 3d7fca4e,d490dc13	2026-09-27T15:00:58	31	C0s31	3d7fca4e	E51-t8-713	E51-t8-713	dfae5c38af537bb7	-	-	-	-	-	-	-	-	-	-	-	-	-	-	1200	-	-
EL2	23	代数 400→1200 ‖ 159 枚 ‖ 09-27→10-02 ‖ 父 3d7fca4e,d490dc13	2026-09-27T15:09:11		EL2	3d7fca4e	E51-t8-713	E51-t8-713	afd8f1dcf70edc36	-	-	-	-	-	-	-	-	-	-	-	-	-	-	1200	-	-
B0-71	23	代数 400→1200 ‖ 159 枚 ‖ 09-27→10-02 ‖ 父 3d7fca4e,d490dc13	2026-09-27T17:04:19		71	d490dc13	SHIPPED-Ldemo	SHIPPED-Ldemo	5727b5d25afffe2a	-	-	-	-	-	-	-	-	-	-	-	-	-	-	1200	-	-
V0-31	23	代数 400→1200 ‖ 159 枚 ‖ 09-27→10-02 ‖ 父 3d7fca4e,d490dc13	2026-09-27T17:28:59		31	d490dc13	SHIPPED-Ldemo	SHIPPED-Ldemo	5724843a1c1e1832	-	-	-	-	-	-	-	-	-	-	-	-	-	-	1200	-	-
V1-71	23	代数 400→1200 ‖ 159 枚 ‖ 09-27→10-02 ‖ 父 3d7fca4e,d490dc13	2026-09-27T17:34:01		71	d490dc13	SHIPPED-Ldemo	SHIPPED-Ldemo	bb026cb9daa01c17	-	-	-	-	-	-	-	-	-	-	-	-	-	-	1200	-	-
V3-31	23	代数 400→1200 ‖ 159 枚 ‖ 09-27→10-02 ‖ 父 3d7fca4e,d490dc13	2026-09-27T17:35:08		31	d490dc13	SHIPPED-Ldemo	SHIPPED-Ldemo	6108503fb15cdbbd	-	-	-	-	-	-	-	-	-	-	-	-	-	-	1200	-	-
D005-31	23	代数 400→1200 ‖ 159 枚 ‖ 09-27→10-02 ‖ 父 3d7fca4e,d490dc13	2026-09-27T17:53:09		31	d490dc13	SHIPPED-Ldemo	SHIPPED-Ldemo	45cc969d1700f2fb	-	-	-	-	-	-	-	-	-	-	-	-	-	-	1200	-	-
D05-31	23	代数 400→1200 ‖ 159 枚 ‖ 09-27→10-02 ‖ 父 3d7fca4e,d490dc13	2026-09-27T17:58:42		31	d490dc13	SHIPPED-Ldemo	SHIPPED-Ldemo	7da3de5f7d4e2d96	-	-	-	-	-	-	-	-	-	-	-	-	-	-	1200	-	-
L02-71	23	代数 400→1200 ‖ 159 枚 ‖ 09-27→10-02 ‖ 父 3d7fca4e,d490dc13	2026-09-27T18:06:20		71	d490dc13	SHIPPED-Ldemo	SHIPPED-Ldemo	25de693cebbf6c3c	-	-	-	-	-	-	-	-	-	-	-	-	-	-	1200	-	-
L02-31	23	代数 400→1200 ‖ 159 枚 ‖ 09-27→10-02 ‖ 父 3d7fca4e,d490dc13	2026-09-27T18:08:27		31	d490dc13	SHIPPED-Ldemo	SHIPPED-Ldemo	2393db832be26434	-	-	-	-	-	-	-	-	-	-	-	-	-	-	1200	-	-
M05-151	23	代数 400→1200 ‖ 159 枚 ‖ 09-27→10-02 ‖ 父 3d7fca4e,d490dc13	2026-09-27T18:20:30		151	d490dc13	SHIPPED-Ldemo	SHIPPED-Ldemo	67037531f976b632	-	-	-	-	-	-	-	-	-	-	-	-	-	-	1200	-	-
M05-231	23	代数 400→1200 ‖ 159 枚 ‖ 09-27→10-02 ‖ 父 3d7fca4e,d490dc13	2026-09-27T18:20:53		231	d490dc13	SHIPPED-Ldemo	SHIPPED-Ldemo	35b8b9129b15f6e9	-	-	-	-	-	-	-	-	-	-	-	-	-	-	1200	-	-
NCV-111	23	代数 400→1200 ‖ 159 枚 ‖ 09-27→10-02 ‖ 父 3d7fca4e,d490dc13	2026-09-27T19:04:00		111	d490dc13	SHIPPED-Ldemo	SHIPPED-Ldemo	e80f1c495d345b95	-	-	-	-	-	-	-	-	-	-	-	-	-	-	1200	-	-
NCV-151	23	代数 400→1200 ‖ 159 枚 ‖ 09-27→10-02 ‖ 父 3d7fca4e,d490dc13	2026-09-27T19:04:25		151	d490dc13	SHIPPED-Ldemo	SHIPPED-Ldemo	f9993dbb46ffd6d7	-	-	-	-	-	-	-	-	-	-	-	-	-	-	1200	-	-
NC-191	23	代数 400→1200 ‖ 159 枚 ‖ 09-27→10-02 ‖ 父 3d7fca4e,d490dc13	2026-09-27T19:04:49		191	d490dc13	SHIPPED-Ldemo	SHIPPED-Ldemo	3d2fa5c3f7725711	-	-	-	-	-	-	-	-	-	-	-	-	-	-	1200	-	-
DM71	23	代数 400→1200 ‖ 159 枚 ‖ 09-27→10-02 ‖ 父 3d7fca4e,d490dc13	2026-09-27T19:24:57		DM71	d490dc13	SHIPPED-Ldemo	SHIPPED-Ldemo	392bc3dbd46f4605	-	-	-	-	-	-	-	-	-	-	-	-	-	-	1200	-	-
G08-31	23	代数 400→1200 ‖ 159 枚 ‖ 09-27→10-02 ‖ 父 3d7fca4e,d490dc13	2026-09-27T20:13:46		31	d490dc13	SHIPPED-Ldemo	SHIPPED-Ldemo	f19bb211a8cb32cb	-	-	-	-	-	-	-	-	-	-	-	-	-	-	1200	-	-
G08-71	23	代数 400→1200 ‖ 159 枚 ‖ 09-27→10-02 ‖ 父 3d7fca4e,d490dc13	2026-09-27T20:14:09		71	d490dc13	SHIPPED-Ldemo	SHIPPED-Ldemo	fbc3926b144ee593	-	-	-	-	-	-	-	-	-	-	-	-	-	-	1200	-	-
H24-71	24	零散实验（<6 枚的类合并） ‖ 47 枚 ‖ ined→ined ‖ 父 e379c62c,d13d3c85,d490dc13,-,3d7fca4e	2026-09-27T20:17:29		71	d490dc13	SHIPPED-Ldemo	SHIPPED-Ldemo	e6081e595ce59963	-	-	-	-	-	-	-	-	-	-	-	-	-	-	2400	-	-
H24-31	24	零散实验（<6 枚的类合并） ‖ 47 枚 ‖ ined→ined ‖ 父 e379c62c,d13d3c85,d490dc13,-,3d7fca4e	2026-09-27T20:19:05		31	d490dc13	SHIPPED-Ldemo	SHIPPED-Ldemo	f19bb211a8cb32cb	-	-	-	-	-	-	-	-	-	-	-	-	-	-	2400	-	-
E20-31	23	代数 400→1200 ‖ 159 枚 ‖ 09-27→10-02 ‖ 父 3d7fca4e,d490dc13	2026-09-27T21:16:27		31	d490dc13	SHIPPED-Ldemo	SHIPPED-Ldemo	7a867b44634295ec	-	-	-	-	-	-	-	-	-	-	-	-	-	-	1200	-	-
E20-71	23	代数 400→1200 ‖ 159 枚 ‖ 09-27→10-02 ‖ 父 3d7fca4e,d490dc13	2026-09-27T21:17:01		71	d490dc13	SHIPPED-Ldemo	SHIPPED-Ldemo	798d04cd40cb9d3c	-	-	-	-	-	-	-	-	-	-	-	-	-	-	1200	-	-
N5-0	23	代数 400→1200 ‖ 159 枚 ‖ 09-27→10-02 ‖ 父 3d7fca4e,d490dc13	2026-09-27T22:08:34		0	d490dc13	SHIPPED-Ldemo	SHIPPED-Ldemo	403144a22c14873a	-	-	-	-	-	-	-	-	-	-	-	-	-	-	1200	-	-
B5-10-71	23	代数 400→1200 ‖ 159 枚 ‖ 09-27→10-02 ‖ 父 3d7fca4e,d490dc13	2026-09-27T22:25:27		71	d490dc13	SHIPPED-Ldemo	SHIPPED-Ldemo	8473e6d53a92ad36	-	-	-	-	-	-	-	-	-	-	-	-	-	-	1200	-	-
N5L-05	23	代数 400→1200 ‖ 159 枚 ‖ 09-27→10-02 ‖ 父 3d7fca4e,d490dc13	2026-09-27T22:37:05		05	d490dc13	SHIPPED-Ldemo	SHIPPED-Ldemo	ee82e7694b6eb4be	-	-	-	-	-	-	-	-	-	-	-	-	-	-	1200	-	-
C5-02-71	23	代数 400→1200 ‖ 159 枚 ‖ 09-27→10-02 ‖ 父 3d7fca4e,d490dc13	2026-09-27T22:54:18		71	d490dc13	SHIPPED-Ldemo	SHIPPED-Ldemo	d490dc136293cfc4	-	-	-	-	-	-	-	-	-	-	-	-	-	-	1200	-	-
SQ2-15-71	23	代数 400→1200 ‖ 159 枚 ‖ 09-27→10-02 ‖ 父 3d7fca4e,d490dc13	2026-09-28T03:03:42		71	d490dc13	SHIPPED-Ldemo	SHIPPED-Ldemo	dc8abe9f8f5c3d76	-	-	-	-	-	-	-	-	-	-	-	-	-	-	1200	-	-
blk0t40-s71	23	代数 400→1200 ‖ 159 枚 ‖ 09-27→10-02 ‖ 父 3d7fca4e,d490dc13	2026-09-28T08:13:39		s71	d490dc13	SHIPPED-Ldemo	SHIPPED-Ldemo	5b2018e13c97dc85	-	-	-	-	-	-	-	-	-	-	-	-	-	-	1200	-	-
blk0t40-s31	23	代数 400→1200 ‖ 159 枚 ‖ 09-27→10-02 ‖ 父 3d7fca4e,d490dc13	2026-09-28T08:13:57		s31	d490dc13	SHIPPED-Ldemo	SHIPPED-Ldemo	f279ffdfc6cbf1ff	-	-	-	-	-	-	-	-	-	-	-	-	-	-	1200	-	-
blk1t40-s31	23	代数 400→1200 ‖ 159 枚 ‖ 09-27→10-02 ‖ 父 3d7fca4e,d490dc13	2026-09-28T08:15:56		s31	d490dc13	SHIPPED-Ldemo	SHIPPED-Ldemo	89825f22b4dd03e5	-	-	-	-	-	-	-	-	-	-	-	-	-	-	1200	-	-
RG1-71	23	代数 400→1200 ‖ 159 枚 ‖ 09-27→10-02 ‖ 父 3d7fca4e,d490dc13	2026-09-28T15:44:56		71	d490dc13	SHIPPED-Ldemo	SHIPPED-Ldemo	e4e121bd8cac395f	-	-	-	-	-	-	-	-	-	-	-	-	-	-	1200	-	-
D2a	23	代数 400→1200 ‖ 159 枚 ‖ 09-27→10-02 ‖ 父 3d7fca4e,d490dc13	2026-10-02T15:38:00		D2a	d490dc13	SHIPPED-Ldemo	SHIPPED-Ldemo	ffee118971691716	-	-	-	-	-	-	-	-	-	-	-	-	-	-	1200	-	-
D5a	23	代数 400→1200 ‖ 159 枚 ‖ 09-27→10-02 ‖ 父 3d7fca4e,d490dc13	2026-10-02T15:41:52		D5a	d490dc13	SHIPPED-Ldemo	SHIPPED-Ldemo	81e6fdfb65a48614	-	-	-	-	-	-	-	-	-	-	-	-	-	-	1200	-	-
D7a	23	代数 400→1200 ‖ 159 枚 ‖ 09-27→10-02 ‖ 父 3d7fca4e,d490dc13	2026-10-02T15:42:59		D7a	d490dc13	SHIPPED-Ldemo	SHIPPED-Ldemo	8f3ab886dd15a398	-	-	-	-	-	-	-	-	-	-	-	-	-	-	1200	-	-
E3	23	代数 400→1200 ‖ 159 枚 ‖ 09-27→10-02 ‖ 父 3d7fca4e,d490dc13	2026-10-02T15:55:27		E3	d490dc13	SHIPPED-Ldemo	SHIPPED-Ldemo	827c47f91419af05	-	-	-	-	-	-	-	-	-	-	-	-	-	-	1200	-	-
K4	23	代数 400→1200 ‖ 159 枚 ‖ 09-27→10-02 ‖ 父 3d7fca4e,d490dc13	2026-10-02T15:56:32		K4	d490dc13	SHIPPED-Ldemo	SHIPPED-Ldemo	982736367633babb	-	-	-	-	-	-	-	-	-	-	-	-	-	-	1200	-	-
K1	23	代数 400→1200 ‖ 159 枚 ‖ 09-27→10-02 ‖ 父 3d7fca4e,d490dc13	2026-10-02T15:56:57		K1	d490dc13	SHIPPED-Ldemo	SHIPPED-Ldemo	ced8c61b2047da58	-	-	-	-	-	-	-	-	-	-	-	-	-	-	1200	-	-
R1	23	代数 400→1200 ‖ 159 枚 ‖ 09-27→10-02 ‖ 父 3d7fca4e,d490dc13	2026-10-02T15:59:43		R1	d490dc13	SHIPPED-Ldemo	SHIPPED-Ldemo	9efeb11918173745	-	-	-	-	-	-	-	-	-	-	-	-	-	-	1200	-	-
X1	23	代数 400→1200 ‖ 159 枚 ‖ 09-27→10-02 ‖ 父 3d7fca4e,d490dc13	2026-10-02T16:04:33		X1	d490dc13	SHIPPED-Ldemo	SHIPPED-Ldemo	97e5a93f1704d2ad	-	-	-	-	-	-	-	-	-	-	-	-	-	-	1200	-	-
P191	23	代数 400→1200 ‖ 159 枚 ‖ 09-27→10-02 ‖ 父 3d7fca4e,d490dc13	2026-10-02T16:14:52		P191	d490dc13	SHIPPED-Ldemo	SHIPPED-Ldemo	5f4840f292bb4b68	-	-	-	-	-	-	-	-	-	-	-	-	-	-	1200	-	-
P151	23	代数 400→1200 ‖ 159 枚 ‖ 09-27→10-02 ‖ 父 3d7fca4e,d490dc13	2026-10-02T16:16:02		P151	d490dc13	SHIPPED-Ldemo	SHIPPED-Ldemo	6c57a4ec5bb836ef	-	-	-	-	-	-	-	-	-	-	-	-	-	-	1200	-	-
P231	23	代数 400→1200 ‖ 159 枚 ‖ 09-27→10-02 ‖ 父 3d7fca4e,d490dc13	2026-10-02T16:21:35		P231	d490dc13	SHIPPED-Ldemo	SHIPPED-Ldemo	df878bc2ce8e2cf6	-	-	-	-	-	-	-	-	-	-	-	-	-	-	1200	-	-
U1	23	代数 400→1200 ‖ 159 枚 ‖ 09-27→10-02 ‖ 父 3d7fca4e,d490dc13	2026-10-02T16:29:32		U1	d490dc13	SHIPPED-Ldemo	SHIPPED-Ldemo	2eeb989eaf102a32	-	-	-	-	-	-	-	-	-	-	-	-	-	-	1200	-	-
V151	23	代数 400→1200 ‖ 159 枚 ‖ 09-27→10-02 ‖ 父 3d7fca4e,d490dc13	2026-10-02T16:33:04		V151	d490dc13	SHIPPED-Ldemo	SHIPPED-Ldemo	9557410e780569cb	-	-	-	-	-	-	-	-	-	-	-	-	-	-	1200	-	-
V191	23	代数 400→1200 ‖ 159 枚 ‖ 09-27→10-02 ‖ 父 3d7fca4e,d490dc13	2026-10-02T16:34:18		V191	d490dc13	SHIPPED-Ldemo	SHIPPED-Ldemo	1e31ce63f5f78acc	-	-	-	-	-	-	-	-	-	-	-	-	-	-	1200	-	-
BIG1R	22	珠价 divW 0.3→- · divK 6→- · 角色多样性权 0→- · 类别多样性权 0→- · 囤珠奖励 0.05→- · 囤珠惩罚 0.12→- · 输出权重 0.01→- · 先手权重 0→- · 吹哨惩罚 0→- · 风格权重 0→- · 对手池 22→- · 代数 250→400 · 桌形 multi→- ‖ 12 枚 ‖ 09-27→10-02 ‖ 父 3d7fca4e,d490dc13	2026-10-02T17:36:39		BIG1R	d490dc13	SHIPPED-Ldemo	SHIPPED-Ldemo	b2263a30f5911655	-	-	-	-	-	-	-	-	-	-	-	-	-	-	400	-	-
M151	23	代数 400→1200 ‖ 159 枚 ‖ 09-27→10-02 ‖ 父 3d7fca4e,d490dc13	2026-10-02T17:54:25		M151	d490dc13	SHIPPED-Ldemo	SHIPPED-Ldemo	60ebf6632d3f43a8	-	-	-	-	-	-	-	-	-	-	-	-	-	-	1200	-	-
S191	23	代数 400→1200 ‖ 159 枚 ‖ 09-27→10-02 ‖ 父 3d7fca4e,d490dc13	2026-10-02T17:54:56		S191	d490dc13	SHIPPED-Ldemo	SHIPPED-Ldemo	5f4840f292bb4b68	-	-	-	-	-	-	-	-	-	-	-	-	-	-	1200	-	-
S151	23	代数 400→1200 ‖ 159 枚 ‖ 09-27→10-02 ‖ 父 3d7fca4e,d490dc13	2026-10-02T17:55:36		S151	d490dc13	SHIPPED-Ldemo	SHIPPED-Ldemo	6c57a4ec5bb836ef	-	-	-	-	-	-	-	-	-	-	-	-	-	-	1200	-	-
S31	23	代数 400→1200 ‖ 159 枚 ‖ 09-27→10-02 ‖ 父 3d7fca4e,d490dc13	2026-10-02T18:01:28		S31	d490dc13	SHIPPED-Ldemo	SHIPPED-Ldemo	7da3de5f7d4e2d96	-	-	-	-	-	-	-	-	-	-	-	-	-	-	1200	-	-
