id	path	H	Hstrict	Htie	cost3	S	Geff	dmg	heavy	holo	zeroRate	drawRate	rounds	distinctKeys	seatSpread	rwDmg	charges	waste	noThreatStance	fieldAAtk	fieldARounds	mode	n	pop	games	oppsN	seed	ts	lineage	examG
def-31	docs/artifacts/def-31.bak	30.6	29.4	1.3	0.9	1.8335839386469897	6.256268609653688	14.075	3.55	0	0	0	19.3	14	14.43298969072165	16.575	2.825	1	0	0.21787709497206703	18.6	multi	5	16	8	15	31	2026-09-13		120
def-32	docs/artifacts/def-32.bak	34.4	33.8	0.6	1.1	1.329452996551067	3.778975709360328	15.15	0.3	0	0	0	47	7	27.272727272727273	8.125	0.125	1	0	0.18789808917197454	18.5	multi	5	16	8	15	32	2026-09-13		120
def-33	docs/artifacts/def-33.bak	34	33	1	0.3	0.7619889294045281	2.1425333330916057	14.675	0	0	0	0	38.65	4	11.39240506329114	19.825	0.05	1	0	0.27722772277227725	32.1	multi	5	16	8	15	33	2026-09-13		120
def-34	docs/artifacts/def-34.bak	34.4	33.2	1.2	0.6	0.8210886522423206	2.2729729682171014	14.925	2.05	0	0	0	27.5	4	17.77777777777778	15.125	0	0	0	0.28413284132841327	19.7	multi	5	16	8	15	34	2026-09-13		120
def-35	docs/artifacts/def-35.bak	23.6	23.1	0.5	4.6	1.9428281413168131	6.978459157403247	15.125	7.425	0	0	0	31.6	17	3.2608695652173907	19.275	11.25	0.8110599078341014	0	0.04814814814814815	25.4	multi	5	16	8	15	35	2026-09-13		120
def-36	docs/artifacts/def-36.bak	34	32.3	1.7	0.1	0.32364778300378394	1.3821604009914803	14.175	0	0	0	0	29.575	7	5.68181818181818	18.3	1.375	0.8909090909090909	0	0.2826086956521739	18.8	multi	5	16	8	15	36	2026-09-13		120
eco-31	docs/artifacts/eco-31.bak	29.1	28.3	0.9	0	1.2756812082731097	3.581140081636438	14.725	0	4.775	0	0	41.675	7	11.267605633802818	20	0.05	1	0.019305019305019305	0.24398625429553264	33	multi	5	16	8	12	31	2026-09-13		120
eco-32	docs/artifacts/eco-32.bak	26.7	24.4	2.4	0	1.3996224174551732	4.05366908315708	14.275	0	1.3	0	0	36.5	6	7.446808510638299	0	0	0	0.3125	0.4405684754521964	29.8	multi	5	16	8	12	32	2026-09-13		120
eco-33	docs/artifacts/eco-33.bak	25.6	24.2	1.5	4.7	1.1516952805157967	3.1635514734456907	14.675	1.3	0	0	0	35.275	14	16.470588235294116	2.525	1.125	1	0.01509433962264151	0.20503597122302158	18.2	multi	5	16	8	12	33	2026-09-13		120
eco-34	docs/artifacts/eco-34.bak	40	38.9	1.2	0.1	1.4202990251935013	4.138357728472532	14.1	0	0	0	0	29.55	11	7.777777777777777	17.6	1.125	1	0.14027149321266968	0.21505376344086022	23.2	multi	5	16	8	12	34	2026-09-13	历代上槽	120
eco-34-v7	docs/artifacts/eco-34-v7.bak	50.5	49.3	1.3	0.2	1.2464028978654909	3.4778103913329597	13.55	0.05	0	0	0	20.725	11	10.416666666666668	7.825	0	0	0.1949685534591195	0.258160237388724	22.6	multi	5	16	8	12	34	2026-09-13		120
eco-34-v7c	docs/artifacts/eco-34-v7c.bak	40	38.9	1.2	0.1	1.4202990251935013	4.138357728472532	14.1	0	0	0	0	29.55	11	7.777777777777777	17.6	1.125	1	0.14027149321266968	0.21505376344086022	23.2	multi	5	16	8	12	34	2026-09-13		120
eco-35	docs/artifacts/eco-35.bak	28.9	27.3	1.6	0	0.6872484740757443	1.9882373134559062	14.1	0	0	0	0	25.55	2	13.095238095238095	1	0	0	0	0.3563218390804598	27	multi	5	16	8	12	35	2026-09-13		120
eco-36	docs/artifacts/eco-36.bak	31.1	29	2.2	0	1.3240090486723617	3.758459059021456	13.65	0	0.675	0	0	26.275	6	10.869565217391306	19.95	0	0	0.25	0.25	18.6	multi	5	16	8	12	36	2026-09-13		120
eco2-31	docs/artifacts/eco2-31.bak	19	17.6	1.5	0	0.07849015771834852	1.0816527091792736	14.575	0	0	0	0	38.825	5	4.49438202247191	0	0	0	0.010416666666666666	0.48115577889447236	39.5	multi	5	16	8	12	31	2026-09-13		120
eco2-32	docs/artifacts/eco2-32.bak	30.8	29.6	1.3	2	1.2828052486922168	3.6067433594328397	14.25	0.7	0.05	0	0	29.775	12	6.521739130434785	9.15	7.25	0.9826388888888888	0	0.28488372093023256	24.8	multi	5	16	8	12	32	2026-09-13		120
eco2-33	docs/artifacts/eco2-33.bak	29.7	28	1.7	0	0.6447411870483213	1.9054937989729634	14.925	0	0	0	0	42.85	3	7.246376811594203	16.175	0	0	0	0.28169014084507044	33	multi	5	16	8	12	33	2026-09-13		120
eco2-34	docs/artifacts/eco2-34.bak	30.3	29.5	0.7	0.3	1.6790819874502474	5.360632583615608	14.425	0.15	1.625	0	0	44.475	10	17.72151898734177	15.025	4.75	0.9251336898395722	0	0.33451957295373663	23.2	multi	5	16	8	12	34	2026-09-13		120
eco2-35	docs/artifacts/eco2-35.bak	29.5	27.6	2	0	1.5892482883555958	4.900064108290544	14.775	0	0	0	0	43.05	10	13.235294117647058	2.25	0	0	0.4290657439446367	0.3498233215547703	42.6	multi	5	16	8	12	35	2026-09-13		120
eco2-36	docs/artifacts/eco2-36.bak	31.3	29.8	1.6	4.2	1.6300215313481137	5.103984613023103	15.15	3.55	0.425	0	0	35.85	13	14.736842105263158	1	0.55	0.7368421052631579	0.5	0.06842105263157895	21.9	multi	5	16	8	12	36	2026-09-13		120
fgtA-31	docs/artifacts/fgtA-31.bak	31.1	30.2	1	0	0.40793915655573143	1.5037156671463445	14.15	0	0	0	0	30.925	3	4.597701149425287	0	0	0	0	0.2878228782287823	31.8	multi	5	16	8	12	31	2026-09-13		120
fgtA-32	docs/artifacts/fgtA-32.bak	32.7	31.4	1.3	2.9	1.4814498024022966	4.3993192031776625	16.575	10.85	0	0	0	15.175	10	8.08080808080808	14.975	0	0	0.2	0.12040133779264214	16.7	multi	5	16	8	12	32	2026-09-13		120
fgtA-33	docs/artifacts/fgtA-33.bak	30.6	30.1	0.5	0.3	1.4302342944517186	4.179678352660799	15	0	0	0	0	46.95	14	20.833333333333336	4	0.725	1	0.51875	0.17124735729386892	24.7	multi	5	16	8	12	33	2026-09-13		120
fgtA-34	docs/artifacts/fgtA-34.bak	37.3	36.2	1.1	0.2	1.2779052837151936	3.589113670992016	14.35	0	0	0	0	34.725	8	13.48314606741573	19.175	0.075	1	0	0.29936305732484075	28.8	multi	5	16	8	12	34	2026-09-13		120
fgtA-35	docs/artifacts/fgtA-35.bak	27.2	26	1.2	0.5	0.8867406310096355	2.4272055859584514	14.25	0	0	0	0	32.8	8	9.090909090909092	14.3	0.125	0.8	0.008733624454148471	0.34226190476190477	19.8	multi	5	16	8	12	35	2026-09-13		120
fgtA-36	docs/artifacts/fgtA-36.bak	23.8	22.5	1.3	18.1	1.4948470384756187	4.45865449809637	15	5.3	0	0	0	19.55	12	9.782608695652174	0	0.525	1	0	0.115625	19.4	multi	5	16	8	12	36	2026-09-13		120
fgtB-31	docs/artifacts/fgtB-31.bak	30.8	30	0.8	1.2	2.1040437805111463	8.199258968661097	14.45	3.625	0.05	0	0	29.9	18	9.195402298850574	5.85	1.95	0.6883116883116883	0	0.27169811320754716	22.7	multi	5	16	8	15	31	2026-09-13		120
fgtB-32	docs/artifacts/fgtB-32.bak	26.8	25.5	1.3	0.9	1.3383475054068066	3.812737768155814	15.875	13.925	0	0	0	20.175	8	12.121212121212121	16	0.05	1	0	0.3464788732394366	15	multi	5	16	8	15	32	2026-09-13		120
fgtB-33	docs/artifacts/fgtB-33.bak	27.4	26.7	0.7	1	0.6784193514850587	1.9707601898427798	14.1	0	0	0	0	44.45	2	5.2631578947368425	18.325	0	0	0	0.27956989247311825	18.2	multi	5	16	8	15	33	2026-09-13		120
fgtB-34	docs/artifacts/fgtB-34.bak	35.3	33.7	1.6	0.2	1.6709437328724754	5.31718343089242	14.725	2.95	0	0	0	30.1	12	15.463917525773196	18.25	2.525	0.46875	0.05394190871369295	0.24817518248175183	18.8	multi	5	16	8	15	34	2026-09-13		120
fgtB-35	docs/artifacts/fgtB-35.bak	36.7	36.5	0.3	9.8	1.0186518086702148	2.7694584860024203	16.625	14.925	0	0	0	18.025	11	7.291666666666668	9.425	0	0	0	0.11486486486486487	14.6	multi	5	16	8	15	35	2026-09-13		120
fgtB-36	docs/artifacts/fgtB-36.bak	30.5	29.6	1	0	0.47836642068691726	1.6134365716204013	14.2	0	0	0	0	29.05	4	15.116279069767444	18.775	0	0	0	0.30597014925373134	15.5	multi	5	16	8	15	36	2026-09-13		120
fstA-31	docs/artifacts/fstA-31.bak	24.4	23	1.4	0.5	1.4446845971025808	4.240514461329564	14.65	6.225	0	0	0	20.425	14	8.60215053763441	19.475	3.95	1	0	0.33653846153846156	31.9	multi	5	16	8	12	31	2026-09-13		120
fstA-32	docs/artifacts/fstA-32.bak	19.8	18.9	0.9	0.2	2.10514442365348	8.208288394993726	14.35	0.05	2.125	0	0	32.125	17	23.25581395348837	0	2.075	1	0	0.3355263157894737	20.6	multi	5	16	8	12	32	2026-09-13		120
fstA-33	docs/artifacts/fstA-33.bak	21.3	20.9	0.5	6.1	2.2930470541907177	9.905073040137516	14.625	2.475	0.4	0	0	41.7	21	6.666666666666666	0	1.425	1	0.25	0.07167235494880546	15	multi	5	16	8	12	33	2026-09-13		120
fstA-34	docs/artifacts/fstA-34.bak	29.2	27.9	1.3	0	0.8777949632239869	2.405589440718484	14.05	0	0	0	0	28.05	7	4.395604395604394	20	0	0	0.045112781954887216	0.27714285714285714	24.6	multi	5	16	8	12	34	2026-09-13		120
fstA-35	docs/artifacts/fstA-35.bak	28.5	27.2	1.3	0	1.166395501284957	3.2103998758037107	14.7	0	4.85	0	0	44.9	10	8.571428571428571	0	0	0	0.125	0.14410480349344978	41.2	multi	5	16	8	12	35	2026-09-13		120
fstA-36	docs/artifacts/fstA-36.bak	28.8	28.2	0.6	0	0.8617027233879506	2.3671879303504624	14.8	0	0	0	0	44.475	7	5.882352941176471	18.125	0	0	0	0.3665594855305466	23.2	multi	5	16	8	12	36	2026-09-13		120
incumbent-forpromote	docs/artifacts/incumbent-forpromote.bak	56	55.7	0.3	0.4	1.5616700251747502	4.766775236253443	16.05	2.75	0	0	0	21.9	10	10	20.675	4.65	0.3602150537634409	0	0.3464052287581699	18.1	multi	5	16	8	22	31	2026-09-21		120
long-33	docs/artifacts/long-33.bak	26.9	26	0.9	6.1	0.11251593411963919	1.119090088486072	15	0	0	0	0	47	2	100	0	0	0	0	0.04	21.9	long	5	16	8	12	33	2026-09-12	历代上槽	120
mix-31	docs/artifacts/mix-31.bak	30.2	29.4	0.9	0	1.14500240481275	3.1424489138312945	14.8	0	77.95	0	0	46.65	6	16.949152542372882	0	0	0	0.0364741641337386	0.26885245901639343	34.6	multi	5	16	8	16	31	2026-09-12		120
mix-32	docs/artifacts/mix-32.bak	28.9	27.5	1.4	0.1	1.7086632848952523	5.521575768697373	14.85	0	43.875	0	0	46.275	17	25.862068965517246	6	0.1	0.75	0.39375	0.09322033898305085	35.5	multi	5	16	8	16	32	2026-09-12		120
mix-33	docs/artifacts/mix-33.bak	31.4	28.6	2.9	0.1	0.08405238460572649	1.0876858703119379	14.55	0	0.525	0	0	37.45	3	8.860759493670887	13.175	0	0	0	0.2647058823529412	23.4	multi	5	16	8	16	33	2026-09-12		120
mix-34	docs/artifacts/mix-34.bak	10.3	10	0.3	0	1.2837677905601728	3.6102166722596096	15	0	76.525	0	0	47	6	14.285714285714286	0	0	0	0	0.1702127659574468	45.6	multi	5	16	8	16	34	2026-09-12		120
mix-35	docs/artifacts/mix-35.bak	28.4	27.4	1	0.1	1.2530746538035646	3.5010910686048824	15	0	0.175	0	0	46.95	11	17.85714285714286	0	0.125	1	1	0.24302134646962234	35.8	multi	5	16	8	16	35	2026-09-12		120
mix-36	docs/artifacts/mix-36.bak	29.6	28.2	1.5	0	0.8240501750685849	2.2797144070812827	14.4	0	0	0	0	32.95	4	9.30232558139535	15.525	0	0	0	0.3814713896457766	31.2	multi	5	16	8	16	36	2026-09-12		120
r61fix-31	docs/artifacts/r61fix-31.bak	56.4	55.7	0.7	0.6	1.080921802074407	2.9473952142438393	14.8	0	0	0	0	43.5	5	9.58904109589041	18.275	0.025	1	0	0.26334519572953735	17.4	multi	5	16	8	20	31	2026-09-19		120
r61fix-81	docs/artifacts/r61fix-81.bak	54.1	53.6	0.5	0.6	0.5260890878753317	1.6923009095157586	14.275	0	0	0	0	29.75	3	12.643678160919542	18.15	0	0	0	0.2809364548494983	20.1	multi	5	16	8	20	81	2026-09-19		120
r61fix-82	docs/artifacts/r61fix-82.bak	46	44.5	1.5	0.1	0.7626483163453103	2.143946557471282	14.675	0	0	0	0	46.6	6	6.25	14.2	0	0	0	0.24632352941176472	17.2	multi	5	16	8	20	82	2026-09-19		120
r61fix-91	docs/artifacts/r61fix-91.bak	53.2	52	1.3	0	1.1596062293789813	3.1886774213846163	14.425	0	0	0	0	36.225	7	5.68181818181818	4.45	0.05	1	0	0.2222222222222222	15.2	multi	5	16	8	20	91	2026-09-19		120
r61fix-92	docs/artifacts/r61fix-92.bak	46.5	46	0.6	0.2	1.6442478595243046	5.177114524813437	14.25	0	0	0	0	39.5	11	4.597701149425287	17.975	1.15	0.9130434782608695	0.08176100628930817	0.19865319865319866	17.5	multi	5	16	8	20	92	2026-09-19		120
r61fix-93	docs/artifacts/r61fix-93.bak	46	44.8	1.2	0.4	0.35334635821489196	1.4238242112517572	14.65	0	0	0	0	42.575	3	13.924050632911392	1.025	5.825	1	0	0.22807017543859648	14.6	multi	5	16	8	20	93	2026-09-19		120
rwd0-31	docs/artifacts/rwd0-31.bak	34.6	33.3	1.4	0	0.33921502386964	1.4038451729829458	14.6	0	0.025	0	0	40.45	10	13.333333333333334	0	0.55	1	0.003861003861003861	0.2920962199312715	35.7	multi	5	16	8	12	31	2026-09-13		120
rwd0-32	docs/artifacts/rwd0-32.bak	26.3	25.8	0.5	3	1.3061917479422513	3.6920865093791853	14.125	3.6	0	0	0	30.85	7	7.446808510638299	0	0.4	0.875	0.04375	0.037037037037037035	31.1	multi	5	16	8	12	32	2026-09-13		120
rwd0-33	docs/artifacts/rwd0-33.bak	37.2	36	1.3	1.8	0.2712673705590727	1.311625713607003	14.7	0.1	0	0	0	46.225	7	8.888888888888888	3.45	0.175	1	0	0.17028985507246377	24.3	multi	5	16	8	12	33	2026-09-13		120
rwd0-34	docs/artifacts/rwd0-34.bak	20.8	19.5	1.3	1.8	1.4347289600134074	4.19850689130569	14.775	0.575	0	0	0	38.425	10	13.580246913580249	8.7	12.95	1	0	0.16346153846153846	24.4	multi	5	16	8	12	34	2026-09-13		120
rwd0-35	docs/artifacts/rwd0-35.bak	31.6	29.7	1.9	4.2	1.0701009666259833	2.9156738708691377	15.35	6.125	0	0	0	18.9	10	10.752688172043012	15	0	0	0	0.16300940438871472	14.6	multi	5	16	8	12	35	2026-09-13		120
rwd0-36	docs/artifacts/rwd0-36.bak	20.9	20.1	0.7	2.2	1.4878548821723954	4.427587627722514	14.225	0.25	0	0	0	32.475	11	8.51063829787234	16.5	0.025	1	0	0.2689655172413793	18.2	multi	5	16	8	12	36	2026-09-13		120
seedtest2-31	docs/artifacts/seedtest2-31.bak	35.9	35.5	0.4	6.1	1.5685918628787565	4.7998845372203105	15.875	4.275	0	0	0	28.275	11	6.741573033707866	4.075	0.225	1	0	0.22491349480968859	30.4	multi	5	16	8	15	35	2026-09-14		120
seedtest2-41	docs/artifacts/seedtest2-41.bak	39.2	38.2	1	0.4	1.0824706148190562	2.9519637144776203	15.65	2.8	0.125	0	0	28.7	9	15.730337078651685	12.375	0.925	0.8709677419354839	0	0.27946127946127947	28.6	multi	5	16	8	15	41	2026-09-14		120
SHIPPED-Ldemo	js/bundled-champion-3p.js	51.3	50.8	0.5	1.7	1.918077198801349	6.8078557231949155	15.1	2.85	0	0	0	24.3	10	10.204081632653061	2	2.1	0.4024390243902439	0.00625	0.3310810810810811	16.1		3	8	8	0	31	2026-09-27	当前线上	120
sty-31	docs/artifacts/sty-31.bak	24.4	23.1	1.4	0.3	1.2606579210933317	3.527741699699429	14.375	1.95	0.1	0	0	25.425	14	10.869565217391305	15.5	0.95	0.65625	0	0.27728613569321536	21.9	multi	5	16	8	12	31	2026-09-12		120
sty-32	docs/artifacts/sty-32.bak	27	26.2	0.9	2.3	0.9747620620578101	2.650536472753278	14.65	0.1	0	0	0	37.8	4	3.658536585365855	2.9	0	0	0	0.16058394160583941	20.4	multi	5	16	8	12	32	2026-09-12		120
sty-33	docs/artifacts/sty-33.bak	26.8	25.6	1.3	0.2	1.4163871674216548	4.1222006842629755	14.025	0.05	0.5	0	0	26.575	14	8.536585365853659	19.75	1.45	0.9814814814814815	0	0.2737226277372263	19	multi	5	16	8	12	33	2026-09-12		120
sty-34	docs/artifacts/sty-34.bak	37.5	36.7	0.9	0.1	0.8900924414093119	2.4353547685116133	14.225	0	0.3	0	0	33.2	9	17.857142857142858	10.175	2.05	0.8536585365853658	0.02766798418972332	0.26545454545454544	37.3	multi	5	16	8	12	34	2026-09-12		120
sty-35	docs/artifacts/sty-35.bak	9.5	9.2	0.2	0	1.3883511352604778	4.008235563005605	15	0	46.575	0	0	47	5	0	0	0	0	0.05	0	36.5	multi	5	16	8	12	35	2026-09-12		120
sty-36	docs/artifacts/sty-36.bak	16	15.8	0.2	0	0.4326079609701968	1.541271863516535	15	0	110.85	0	0	47	6	33.33333333333333	0	0	0	0.2125	0	37.3	multi	5	16	8	12	36	2026-09-12		120
v11-31	docs/artifacts/v11-31.bak	43.1	42.6	0.5	0.1	0.8862143073962412	2.4259284264730794	14.775	0	0	0	0	34	5	6.666666666666668	17.625	0	0	0	0.2945205479452055	22.1	multi	5	16	8	15	31	2026-09-15		120
v11-61	docs/artifacts/v11-61.bak	49.6	48.4	1.2	6	0.9503507917116685	2.5866168639437443	14.225	0	0.025	0	0	29.35	9	14.444444444444445	12.075	0	0	0	0.2608695652173913	18.6	multi	5	16	8	15	61	2026-09-15		120
v11-62	docs/artifacts/v11-62.bak	53.6	52.3	1.3	0.8	0.8953957732314195	2.4483045711523594	14.25	0	0	0	0	22.525	6	6.741573033707867	14.65	0	0	0	0.2962962962962963	11.2	multi	5	16	8	15	62	2026-09-15		120
v11-63	docs/artifacts/v11-63.bak	41.7	39.3	2.5	12	0.6411682110275733	1.8986976637656567	14.95	0.15	0	0	0	44.85	5	14.285714285714286	0	0	0	0	0.12099644128113879	16.2	multi	5	16	8	15	63	2026-09-15		120
v11-64	docs/artifacts/v11-64.bak	50.1	49.1	1	3.9	1.6039314228365935	4.972543216635824	13.25	0	0.175	0	0	23.175	16	14.444444444444445	9.775	0.05	1	0.1	0.17434210526315788	15.6	multi	5	16	8	15	64	2026-09-15		120
v11-65	docs/artifacts/v11-65.bak	46	45.4	0.5	0.2	1.1320327094167981	3.101955470062545	15.175	0.55	0	0	0	23.2	6	12.121212121212121	17.975	13.1	0.28875968992248063	0	0.26199261992619927	19.4	multi	5	16	8	15	65	2026-09-15		120
v11-66	docs/artifacts/v11-66.bak	41.7	40.2	1.5	0.1	0.991895573030113	2.6963407419572487	14.1	0	0	0	0	24.975	4	5.68181818181818	19.45	0.075	1	0	0.35855263157894735	14.7	multi	5	16	8	15	66	2026-09-15		120
v11-71	docs/artifacts/v11-71.bak	45.3	43.4	2	0	0.03315839180969557	1.0337142581471523	14.775	0	0	0	0	30.825	2	9.58904109589041	20	0	0	0	0.296551724137931	23.4	multi	5	16	8	15	71	2026-09-15		120
v11-72	docs/artifacts/v11-72.bak	46.9	46.4	0.5	0.3	0.862776476857477	2.3697310717127857	14.55	0	0	0	0	45.825	3	7.407407407407408	1.075	0	0	0	0.3685897435897436	29.4	multi	5	16	8	15	72	2026-09-15		120
v11-73	docs/artifacts/v11-73.bak	57.6	56.4	1.2	1.3	0.614020480125771	1.847845711203917	15	0	0	0	0	45	5	6.25	16.05	0	0	0	0.286231884057971	14.2	multi	5	16	8	15	73	2026-09-15		120
v11-74	docs/artifacts/v11-74.bak	53.4	53.3	0.1	0	0.04073332267803357	1.0415743042593855	14.475	0	0.25	0	0	43.475	3	9.75609756097561	18.025	0	0	0	0.2805755395683453	14.8	multi	5	16	8	15	74	2026-09-15		120
v11-75	docs/artifacts/v11-75.bak	52	51.1	0.9	1.2	0.8491779890640553	2.3377244268629207	13.775	0.1	0	0	0	35.4	6	7.777777777777775	11.375	0	0	0.012578616352201259	0.19927536231884058	14.5	multi	5	16	8	15	75	2026-09-15		120
v11-76	docs/artifacts/v11-76.bak	55.6	54.1	1.5	0.5	0.40398822807128076	1.497786315020621	14.975	0.05	0.05	0	0	38.7	7	8.974358974358974	6.075	0.05	0.5	0	0.17857142857142858	15.4	multi	5	16	8	15	76	2026-09-15		120
v12-31	docs/artifacts/v12-31.bak	43.1	42.6	0.5	0.1	0.8862143073962412	2.4259284264730794	14.775	0	0	0	0	34	5	6.666666666666668	17.625	0	0	0	0.2945205479452055	22.1	multi	5	16	8	15	31	2026-09-15		120
v12-81	docs/artifacts/v12-81.bak	49	47.7	1.4	0	0.08496355927712128	1.088677393784337	14.875	0	0	0	0	33.075	2	10.294117647058824	18.075	0	0	0	0.2542372881355932	16.9	multi	5	16	8	15	81	2026-09-15		120
v12-82	docs/artifacts/v12-82.bak	55	53.6	1.4	0	0.3145876533350006	1.3696944055763682	14.1	0	0	0	0	24.075	2	7.692307692307693	4.525	0	0	0	0.28	17.8	multi	5	16	8	15	82	2026-09-15		120
v12-83	docs/artifacts/v12-83.bak	37.2	36.1	1.1	3.8	1.7381153613115665	5.68661610057462	14.625	7	0.025	0	0	28.75	19	22.105263157894733	19.175	0.35	1	0	0.26223776223776224	20	multi	5	16	8	15	83	2026-09-15		120
v12-84	docs/artifacts/v12-84.bak	54.4	53.6	0.7	0	0.4183827903003235	1.5195022138000813	14.3	0	0	0	0	23.35	3	15.053763440860216	17.475	0	0	0	0.2979452054794521	23	multi	5	16	8	15	84	2026-09-15		120
v12-85	docs/artifacts/v12-85.bak	42.1	41.7	0.4	0.3	0.958744245424544	2.608418881982846	14.1	0	0	0	0	21.725	3	9.677419354838708	18.5	0	0	0	0.3127147766323024	15.3	multi	5	16	8	15	85	2026-09-15		120
v12-86	docs/artifacts/v12-86.bak	48	47.6	0.4	0	0.7077860851024202	2.0294931561430145	15.025	1.4	0	0	0	25.6	5	16.666666666666668	18.025	0	0	0	0.27205882352941174	14.7	multi	5	16	8	15	86	2026-09-15		120
v12-91	docs/artifacts/v12-91.bak	57.1	56.7	0.5	0	1.613751087880058	5.021612452874757	13.7	0	0.025	0	0	34.775	8	13.953488372093025	18	0	0	0.06196581196581197	0.31438127090301005	17.7	multi	5	16	8	15	91	2026-09-15		120
v12-92	docs/artifacts/v12-92.bak	58.1	57.7	0.4	0.6	0.4865377039332245	1.6266744303362064	14.875	0	0	0	0	37.625	7	13.846153846153847	16.675	0	0	0	0.2910958904109589	12.8	multi	5	16	8	15	92	2026-09-15		120
v12-93	docs/artifacts/v12-93.bak	32.5	31.3	1.1	0	0.4717574683259597	1.6028086047287982	14.225	0	0.075	0	0	24.675	7	11.363636363636363	0	0	0	0.013140604467805518	0.47384155455904337	25.9	multi	5	16	8	15	93	2026-09-15		120
v12-94	docs/artifacts/v12-94.bak	50	48.1	1.9	0	0.5193173148361072	1.680879746250089	14.875	0	0	0	0	33.65	3	13.698630136986301	20	0	0	0	0.2872727272727273	13.4	multi	5	16	8	15	94	2026-09-15		120
v12-95	docs/artifacts/v12-95.bak	42.8	42.5	0.3	1.1	1.2870043038663033	3.6219201155161587	14.5	0.45	0.3	0	0	34.975	9	9.859154929577462	19.15	0	0	0	0.27208480565371024	27.2	multi	5	16	8	15	95	2026-09-15		120
v12-96	docs/artifacts/v12-96.bak	53.1	51.9	1.2	0.4	1.034003001470076	2.8123009774970518	14.55	3.65	0	0	0	27.3	7	5.2631578947368425	15.625	0.075	1	0	0.22302158273381295	15.8	multi	5	16	8	15	96	2026-09-15		120
v13-101	docs/artifacts/v13-101.bak	46.1	44.5	1.6	2	1.4063052774652152	4.080849907830685	14.025	0	0	0	0	30.65	8	12.244897959183675	7.65	0	0	0.031446540880503145	0.2831541218637993	15.4	multi	5	16	8	15	101	2026-09-15		120
v13-102	docs/artifacts/v13-102.bak	53.4	52.6	0.8	1.1	0.8176292014554665	2.26512331566564	14.625	0.8	0	0	0	26.175	7	12.903225806451612	5.125	0.6	1	0	0.18352059925093633	15	multi	5	16	8	15	102	2026-09-15		120
v13-103	docs/artifacts/v13-103.bak	48	46.1	1.9	1.9	0	1	13.95	0	0	0	0	43.125	1	5.376344086021508	20	0	0	0.006289308176100629	0.17375886524822695	18	multi	5	16	8	15	103	2026-09-15		120
v13-104	docs/artifacts/v13-104.bak	47.9	47.2	0.7	0	0.3211720467854109	1.3787427687507368	14.6	0	0	0	0	33.225	4	18.987341772151897	18.025	0	0	0	0.2826855123674912	16.1	multi	5	16	8	15	104	2026-09-15		120
v13-105	docs/artifacts/v13-105.bak	56	54.7	1.3	0.5	0.9935091405505638	2.7006949817877977	14.25	0	0	0	0	27.95	6	21.05263157894737	8.9	0	0	0	0.40040241448692154	18.6	multi	5	16	8	15	105	2026-09-15		120
v13-106	docs/artifacts/v13-106.bak	55.5	54.2	1.3	0.6	0.20484482587863276	1.2273345996177942	14.325	0	0	0	0	23.7	2	17.77777777777778	2.025	0	0	0	0.2912280701754386	13.4	multi	5	16	8	15	106	2026-09-15		120
v13-31	docs/artifacts/v13-31.bak	46.1	45.4	0.8	0.8	0.872915445463846	2.3938799159692197	14.175	0	0	0	0	34.725	6	12.903225806451614	14.125	0	0	0	0.27137546468401486	22.5	multi	5	16	8	15	31	2026-09-15		120
v14-111	docs/artifacts/v14-111.bak	50.8	48.8	2	0	1.532476569401183	4.629628231959521	13.875	0	0	0	0	28.2	8	15.625000000000002	19.9	0	0	0.050314465408805034	0.2262295081967213	14.2	multi	5	16	8	15	111	2026-09-15		120
v14-112	docs/artifacts/v14-112.bak	40.4	38	2.3	0	1.6041230862813414	4.973496362736597	13.675	0	0.175	0	0	32.175	10	9.999999999999998	0.1	0	0	0.08176100628930817	0.31894934333958724	27.5	multi	5	16	8	15	112	2026-09-15		120
v14-113	docs/artifacts/v14-113.bak	31	30.1	1	0	0.42770031072653786	1.5337263707441708	14.275	0	0	0	0	39.225	4	10.344827586206897	0	0	0	0.036968576709796676	0.47772657450076805	25.4	multi	5	16	8	15	113	2026-09-15		120
v14-114	docs/artifacts/v14-114.bak	51.9	50.9	1	2.4	1.1751368818866066	3.2385862172905764	13.95	0.3	0	0	0	21.95	6	10.588235294117649	0.8	0	0	0	0.32189973614775724	36.7	multi	5	16	8	15	114	2026-09-15		120
v14-115	docs/artifacts/v14-115.bak	47.4	46.8	0.6	0.5	0.8312642646146969	2.29621993555056	15.425	1.55	0	0	0	32.8	4	22.5	14.575	1.025	0.9512195121951219	0	0.2762237762237762	40.2	multi	5	16	8	15	115	2026-09-15		120
v14-116	docs/artifacts/v14-116.bak	56.9	55	1.8	0	0	1	14.8	0	0	0	0	33.075	1	8.333333333333332	18.025	0	0	0	0.27526132404181186	14.2	multi	5	16	8	15	116	2026-09-15		120
v14-31	docs/artifacts/v14-31.bak	56.1	55.7	0.4	0	0.9494092797238367	2.584182679245265	14.125	0	0	0	0	28.45	3	12.765957446808512	14.6	0	0	0	0.30405405405405406	21.1	multi	5	16	8	15	31	2026-09-15		120
v15-121	docs/artifacts/v15-121.bak	50.7	50.2	0.5	3.1	0.9023580718362154	2.465409875674861	14.9	0	0	0	0	41.8	5	7.142857142857142	0	0	0	0	0.08214285714285714	15	multi	5	16	8	15	121	2026-09-15		120
v15-122	docs/artifacts/v15-122.bak	60.7	60.4	0.3	2.1	0.0350642512221026	1.0356862507692257	14.85	0	0	0	0	34.2	2	10.294117647058824	3.775	0	0	0	0.16356877323420074	14	multi	5	16	8	15	122	2026-09-15		120
v15-123	docs/artifacts/v15-123.bak	52.1	51.4	0.8	0.4	1.175895463609868	3.241043881655999	14.675	0	0	0	0	36.65	4	18.29268292682927	15.925	0	0	0	0.3371104815864023	25.6	multi	5	16	8	15	123	2026-09-15		120
v15-124	docs/artifacts/v15-124.bak	51	50.8	0.3	0	0.12410854371305763	1.1321387508738519	14.5	0	0.025	0	0	32.625	5	14.814814814814815	18.025	0	0	0	0.29136690647482016	20.2	multi	5	16	8	15	124	2026-09-15		120
v15-125	docs/artifacts/v15-125.bak	58.9	57.8	1.1	0	0.556119371478879	1.7438919555571346	14.7	0	0	0	0	38.075	3	8.45070422535211	10.1	0	0	0	0.34146341463414637	13.6	multi	5	16	8	15	125	2026-09-15		120
v15-126	docs/artifacts/v15-126.bak	32.1	30.8	1.3	0	0.6698821658788372	1.9540070583653615	14.2	0	0	0	0	21.575	5	10.588235294117649	0	0	0	0.0375	0.42938931297709926	19.8	multi	5	16	8	15	126	2026-09-15		120
v15-31	docs/artifacts/v15-31.bak	56.1	55.7	0.4	0	0.9494092797238367	2.584182679245265	14.125	0	0	0	0	28.45	3	12.765957446808512	14.6	0	0	0	0.30405405405405406	21.1	multi	5	16	8	15	31	2026-09-15		120
v16-131	docs/artifacts/v16-131.bak	20.2	18.8	1.4	0	0.6071377884688517	1.8351712262640307	14.325	0	0	0	0	39.325	4	8.333333333333334	0	0	0	0.0875	0.4287548138639281	32.1	multi	5	16	8	15	131	2026-09-15		120
v16-132	docs/artifacts/v16-132.bak	51.7	51.3	0.5	2.7	0.9408769849787482	2.562227468311115	14.975	6.3	0	0	0	26.325	6	14.130434782608697	0.8	0.975	0.5263157894736842	0	0.24045801526717558	15.7	multi	5	16	8	15	132	2026-09-15		120
v16-133	docs/artifacts/v16-133.bak	25.9	25.2	0.7	0	0.42184436793848673	1.5247712029306735	14.8	0	0	0	0	34.825	4	18.055555555555557	0	0	0	0.1870967741935484	0.4608843537414966	27.3	multi	5	16	8	15	133	2026-09-15		120
v16-134	docs/artifacts/v16-134.bak	51.3	50.6	0.7	0.3	0.3424969439740977	1.4084600493652586	14.2	0	0	0	0	34.95	8	7.865168539325845	17.975	0	0	0	0.2517482517482518	13.6	multi	5	16	8	15	134	2026-09-15		120
v16-135	docs/artifacts/v16-135.bak	34.2	33.1	1.2	0	0.4929464507370245	1.6371328517842638	14.125	0	9.525	0	0	33.875	2	5.2631578947368425	0	0	0	0	0.4852752880921895	34.8	multi	5	16	8	15	135	2026-09-15		120
v16-136	docs/artifacts/v16-136.bak	57.5	57.2	0.3	0	0.6930941949217548	1.9998940315310474	14.225	0	0	0	0	30.875	3	10.97560975609756	18.15	0	0	0	0.3392857142857143	22.5	multi	5	16	8	15	136	2026-09-15		120
v16-31	docs/artifacts/v16-31.bak	56.1	55.7	0.4	0	0.9494092797238367	2.584182679245265	14.125	0	0	0	0	28.45	3	12.765957446808512	14.6	0	0	0	0.30405405405405406	21.1	multi	5	16	8	15	31	2026-09-15		120
v17-141	docs/artifacts/v17-141.bak	31.9	31.6	0.3	0	0.8967728769839032	2.451678463130977	14.325	0	0	0	0	33.525	3	14.285714285714286	17.025	0	0	0	0.40040650406504064	37.1	multi	5	16	8	15	141	2026-09-15		120
v17-142	docs/artifacts/v17-142.bak	42.7	41	1.7	0	0	1	14.85	0	0	0	0	31.65	1	12.857142857142856	20	0	0	0.006289308176100629	0.29411764705882354	19.8	multi	5	16	8	15	142	2026-09-15		120
v17-143	docs/artifacts/v17-143.bak	57.7	55.4	2.3	0.7	0.09888382869053737	1.1039380461809543	14.875	0	0	0	0	36.225	4	12.32876712328767	18	0	0	0	0.25752508361204013	17.5	multi	5	16	8	15	143	2026-09-15		120
v17-144	docs/artifacts/v17-144.bak	52.7	51.7	1	0	0.580546670015872	1.7870150713330988	14.975	0	0	0	0	45	2	9.375	18.25	0	0	0	0.29927007299270075	23.9	multi	5	16	8	15	144	2026-09-15		120
v17-145	docs/artifacts/v17-145.bak	55.4	54.4	1	3.1	0.7251822802820411	2.065107494037294	13.825	0	0	0	0	44.4	5	22.98850574712644	7.15	0	0	0	0.21691176470588236	13.8	multi	5	16	8	15	145	2026-09-15		120
v17-146	docs/artifacts/v17-146.bak	55.8	55.5	0.4	1.1	0.03994645773725754	1.0407550483203092	14.65	0	0	0	0	43.05	5	5.194805194805195	17.575	0	0	0	0.2826086956521739	16.8	multi	5	16	8	15	146	2026-09-15		120
v17-31	docs/artifacts/v17-31.bak	45.4	45	0.4	0.8	0.9509237763391969	2.58809938033308	14.425	0.425	1.225	0	0	34.35	12	12.820512820512821	17.15	0.175	1	0.018867924528301886	0.2518518518518518	18.2	multi	5	16	8	15	31	2026-09-15		120
v7a-31	docs/artifacts/v7a-31.bak	34.6	33.5	1.1	0	1.2655553485445161	3.54506093397039	14.825	0	17.025	0	0	43.125	8	10	0	0	0	0	0.3282275711159737	30.2	multi	5	16	8	12	31	2026-09-13		120
v7a-32	docs/artifacts/v7a-32.bak	32.2	31.7	0.5	0	0.6743731803184464	1.9628022672018237	14.65	0	0	0	0	32.075	3	3.5714285714285694	19.625	0	0	0	0.3181818181818182	26.1	multi	5	16	8	12	32	2026-09-13		120
v7a-33	docs/artifacts/v7a-33.bak	50.8	50.3	0.5	1.3	1.3719545490207719	3.9430500532536765	15.3	10.3	0	0	0	31.15	8	24.719101123595504	0	0.025	1	0	0.21830985915492956	19.1	multi	5	16	8	12	33	2026-09-13		120
v7a-34	docs/artifacts/v7a-34.bak	29.6	28.5	1.1	0	1.3821679815994694	3.983528489142557	14.35	0	0	0	0	25.4	4	13.953488372093021	0	0	0	0.3605015673981191	0.3392857142857143	18.1	multi	5	16	8	12	34	2026-09-13		120
v7a-35	docs/artifacts/v7a-35.bak	47	46.6	0.4	0.6	1.0867892972660844	2.9647398765917674	14.1	0.75	0	0	0	18.8	8	14	0	0	0	0.0125	0.38375350140056025	13.6	multi	5	16	8	12	35	2026-09-13		120
v7a-36	docs/artifacts/v7a-36.bak	51.9	50.4	1.5	0.1	0.5086041558170584	1.6629683294747972	14.75	0	0	0	0	33.95	6	14.285714285714286	19.5	0	0	0	0.2251655629139073	19.4	multi	5	16	8	12	36	2026-09-13		120
v7aim1-31	docs/artifacts/v7aim1-31.bak	51.1	50.5	0.6	0	0.7458782188142477	2.1082921640336245	13.575	0	0	0	0	27.6	3	13.829787234042554	4.975	0	0	0	0.2733812949640288	17.4	multi	5	16	8	22	31	2026-09-19		120
v7aim1-81	docs/artifacts/v7aim1-81.bak	48.2	47.6	0.6	5.5	1.8495820378254437	6.3571619140329965	16.6	13.05	0	0	0	26.975	10	10.526315789473683	9.25	4.775	0.5517241379310345	0	0.09701492537313433	6.6	multi	5	16	8	22	81	2026-09-19		120
v7aim1-82	docs/artifacts/v7aim1-82.bak	42	41.7	0.3	1.7	1.1819018398898193	3.260569390825566	16.25	14.675	0	0	0	20.25	9	24.48979591836735	18.375	0	0	0	0.2175141242937853	17	multi	5	16	8	22	82	2026-09-19		120
v7aim1-91	docs/artifacts/v7aim1-91.bak	37.9	37.2	0.8	0.3	1.6353054009907901	5.131024777817695	14.825	0	0.15	0	0	36.4	12	17.77777777777778	19.475	11.35	0.5814977973568282	0	0.3048327137546468	13.3	multi	5	16	8	22	91	2026-09-19		120
v7aim1-92	docs/artifacts/v7aim1-92.bak	56.7	56.4	0.3	0	0.8862117966498493	2.4259223355896817	14.8	0	0.025	0	0	43.5	12	9.459459459459458	7.6	0.45	1	0.022132796780684104	0.2791411042944785	13	multi	5	16	8	22	92	2026-09-19		120
v7aim1-93	docs/artifacts/v7aim1-93.bak	59.6	59.2	0.4	0	1.9905130140299552	7.3192876965943885	13.75	0	0	0	0	26	14	13.48314606741573	17.875	1.125	1	0.13836477987421383	0.2564102564102564	14.5	multi	5	16	8	22	93	2026-09-19		120
v7aim1f-31	docs/artifacts/v7aim1f-31.bak	41	40.9	0.2	0	0.7873307073187784	2.197522759057484	14.825	0	0	0	0	41.5	4	16.363636363636367	18.425	19.975	0.9699624530663329	0	0.28975265017667845	32.8	multi	5	16	8	22	31	2026-09-20		120
v7aim1f-82	docs/artifacts/v7aim1f-82.bak	39.8	38.8	1	1.3	1.821092240985418	6.178603289463284	15.925	1.1	0.1	0	0	40.6	12	14.634146341463413	0	18.45	0.8022284122562674	0	0.1103448275862069	16.2	multi	5	16	8	22	82	2026-09-20		120
v7aim1f-93	docs/artifacts/v7aim1f-93.bak	33.9	33.3	0.5	0.2	1.0903015479192417	2.9751710939615723	13.725	0.15	0.125	0	0	32.6	14	9	0.75	29.225	0.9399656946826758	0.0012755102040816326	0.37962962962962965	18.6	multi	5	16	8	22	93	2026-09-20		120
v7aim2-31	docs/artifacts/v7aim2-31.bak	43.1	42.2	0.9	1.4	1.1773120135734818	3.2456382355462905	16.875	14.875	0	0	0	22.15	9	17.346938775510203	17.95	0	0	0	0.22145328719723184	16	multi	5	16	8	22	31	2026-09-19		120
v7aim2-82	docs/artifacts/v7aim2-82.bak	37.2	36.7	0.5	2.1	1.2447844091601445	3.4721861471108544	16.35	14.85	0	0	0	16.25	8	32.323232323232325	19.475	0	0	0	0.27100271002710025	22.7	multi	5	16	8	22	82	2026-09-19		120
v7aim2-93	docs/artifacts/v7aim2-93.bak	39.8	39.5	0.3	3.1	0.61921879232558	1.8574764000845259	17	16	0	0	0	24.8	6	20.618556701030926	18.7	0.025	1	0	0.12903225806451613	22	multi	5	16	8	22	93	2026-09-19		120
v7aim3-31	docs/artifacts/v7aim3-31.bak	45	45	0	2	1.3657890665571324	3.9188140374362854	16.075	13.45	0	0	0	26.375	10	19.191919191919194	17.55	0	0	0	0.18021201413427562	23	multi	5	16	8	22	31	2026-09-19		120
v7aim3-82	docs/artifacts/v7aim3-82.bak	36.4	36.1	0.3	3.6	1.1998267465552126	3.319541750869279	15.425	11.375	0.05	0	0	28.275	14	15.15151515151515	10.95	0	0	0	0.23255813953488372	21.5	multi	5	16	8	22	82	2026-09-19		120
v7aim3-93	docs/artifacts/v7aim3-93.bak	34.6	34.1	0.5	1.2	1.3996661573906912	4.053846394259148	14.325	1.4	0	0	0	23.025	9	10.416666666666668	0.95	0	0	0	0.2876712328767123	23.9	multi	5	16	8	22	93	2026-09-19		120
v7anneal-34	docs/artifacts/v7anneal-34.bak	30.3	28.4	2	0	1.3052536839585407	3.6886247199438413	14.05	0	0	0	0	25.025	6	15.789473684210527	0	0	0	0.96875	0.2869198312236287	23.8	multi	5	16	8	13	34	2026-09-13		120
v7attr-31	docs/artifacts/v7attr-31.bak	53.4	52.3	1.1	0	1.1466888487044322	3.1477529488285625	14.175	0	5	0	0	31.475	4	6.97674418604651	18.375	0	0	0	0.26545454545454544	15	multi	5	16	8	18	31	2026-09-14		120
v7attr-33	docs/artifacts/v7attr-33.bak	49.3	49	0.3	4.5	0.8551499396851872	2.351726971342296	14.325	0.2	0	0	0	28.45	12	14.942528735632184	18.575	0	0	0	0.2518248175182482	19.4	multi	5	16	8	18	33	2026-09-14		120
v7b-31	docs/artifacts/v7b-31.bak	34.6	33.5	1.1	0	1.2655553485445161	3.54506093397039	14.825	0	17.025	0	0	43.125	8	10	0	0	0	0	0.3282275711159737	30.2	multi	5	16	8	12	31	2026-09-13		120
v7b-37	docs/artifacts/v7b-37.bak	36.5	35	1.6	0.2	1.3725648082735948	3.9454570704105634	13.825	0	0.025	0	0	33.075	9	14.772727272727273	0	0	0	0.3447204968944099	0.4263888888888889	33.1	multi	5	16	8	12	37	2026-09-13		120
v7b-38	docs/artifacts/v7b-38.bak	32	31	1	0	0.3056923247640678	1.3575645532907952	14.675	0	0	0	0	28.775	7	6.493506493506491	0	0	0	0.061855670103092786	0.4782016348773842	34.7	multi	5	16	8	12	38	2026-09-13		120
v7b-39	docs/artifacts/v7b-39.bak	44.1	42.7	1.4	0	0.5004096402465616	1.6493967916388048	14.975	0	0	0	0	46.975	3	19.71830985915493	18.1	0	0	0	0.3521594684385382	16.8	multi	5	16	8	12	39	2026-09-13		120
v7b-40	docs/artifacts/v7b-40.bak	31.5	31	0.5	0.2	1.053601781411088	2.867962310923855	14.1	0	0	0	0	22.1	6	14.285714285714286	0	0	0	0	0.4422535211267606	10.7	multi	5	16	8	12	40	2026-09-13		120
v7b-41	docs/artifacts/v7b-41.bak	52	51	1	0	0.0397180066627305	1.0405173138675805	14.9	0	0	0	0	38.625	2	14.473684210526317	18.25	0	0	0	0.2608695652173913	20.4	multi	5	16	8	12	41	2026-09-13		120
v7b-42	docs/artifacts/v7b-42.bak	48.8	46.8	2.1	0.2	0	1	14.9	0	0	0	0	34.275	1	13.513513513513514	19.85	0	0	0	0.2852233676975945	19.2	multi	5	16	8	12	42	2026-09-13		120
v7b-43	docs/artifacts/v7b-43.bak	37.9	35.7	2.3	0	1.238344180314861	3.4498963265447333	14.7	0	0	0	0	46.45	4	6.557377049180328	0	0	0	0.45625	0.40321057601510857	45.4	multi	5	16	8	12	43	2026-09-13		120
v7b-44	docs/artifacts/v7b-44.bak	36	34.2	1.8	0	0.4969690265848682	1.6437316059501978	14.2	0	0	0	0	40.825	4	6.593406593406595	0	0	0	0.0703125	0.479746835443038	38.3	multi	5	16	8	12	44	2026-09-13		120
v7b-45	docs/artifacts/v7b-45.bak	45.5	44	1.5	4.4	1.3195584447962427	3.7417688149474717	14.575	3.7	0	0	0	20.275	12	11.34020618556701	4.975	0.1	1	0	0.2247557003257329	15.4	multi	5	16	8	12	45	2026-09-13		120
v7b-46	docs/artifacts/v7b-46.bak	33.5	31.5	2	0	1.2429078693275923	3.46567656115867	14.65	0	0.025	0	0	42.875	5	18.867924528301888	0	0	0	0.475	0.391304347826087	37.6	multi	5	16	8	12	46	2026-09-13		120
v7b-47	docs/artifacts/v7b-47.bak	42.1	40.6	1.4	0	0.43884483916505695	1.5509146275091734	14.425	0	0	0	0	25.625	6	10.227272727272727	0.85	0	0	0.09326424870466321	0.4656188605108055	21.9	multi	5	16	8	12	47	2026-09-13		120
v7b-48	docs/artifacts/v7b-48.bak	40.2	38.2	2.1	0.2	1.3573320192805334	3.8858121876507368	13.05	0.05	2.7	0	0	22.25	10	3.061224489795915	0	0.025	1	0.03968253968253968	0.3735294117647059	20.5	multi	5	16	8	12	48	2026-09-13		120
v7bead1-31	docs/artifacts/v7bead1-31.bak	59.6	59.3	0.4	0	1.1467686279471778	3.1480040841927317	14.425	0.15	5	0	0	29.225	7	10.465116279069766	18.325	0	0	0	0.3152542372881356	19.2	multi	5	16	8	22	31	2026-09-21		120
v7bead1-82	docs/artifacts/v7bead1-82.bak	45.1	44.8	0.3	1.8	1.9362776616471347	6.932896294790084	14.55	0.9	0.2	0	0	28.725	9	6.382978723404257	15.15	0	0	0.04918032786885246	0.2456575682382134	27.5	multi	5	16	8	22	82	2026-09-21		120
v7bead1-93	docs/artifacts/v7bead1-93.bak	53.3	53	0.3	0.2	1.7770297557495534	5.912269428415958	14.1	0.25	0.275	0	0	23.175	9	9.183673469387754	6.875	0.05	1	0.018867924528301886	0.26666666666666666	19.2	multi	5	16	8	22	93	2026-09-21		120
v7bead100-31	docs/artifacts/v7bead100-31.bak	53.9	53.4	0.5	0.3	1.5974169481683411	4.940254994405402	15	2.1	0.25	0	0	23.15	9	18	1	0	0	0.02181818181818182	0.32507739938080493	18.4	multi	5	16	8	22	31	2026-09-21		120
v7bead100-82	docs/artifacts/v7bead100-82.bak	56.6	56.3	0.3	0.5	1.45286730274187	4.275355696306525	14.175	0	0.4	0	0	28.55	8	8.23529411764706	5.3	0	0	0.03879310344827586	0.33534743202416917	23.4	multi	5	16	8	22	82	2026-09-21		120
v7bead100-93	docs/artifacts/v7bead100-93.bak	46.5	46.4	0.1	0	1.5448913424808723	4.687462271328444	14.675	0.25	0.1	0	0	33.225	8	7.954545454545453	18.05	0	0	0.3125	0.2610062893081761	18.5	multi	5	16	8	22	93	2026-09-21		120
v7bead15-31	docs/artifacts/v7bead15-31.bak	51.3	51	0.3	2.1	1.8839513732698205	6.579451434664304	14.7	0.55	2.175	0	0	35.775	14	10.465116279069768	8.375	0.025	1	0.18867924528301888	0.22929936305732485	22.7	multi	5	16	8	22	31	2026-09-21		120
v7bead15-82	docs/artifacts/v7bead15-82.bak	45.7	45.4	0.3	2.2	1.71758314892071	5.571047787585756	14.85	1.8	0.1	0	0	27	9	22.448979591836736	17.55	0	0	0.025157232704402517	0.2727272727272727	41	multi	5	16	8	22	82	2026-09-21		120
v7bead15-93	docs/artifacts/v7bead15-93.bak	55.3	54.1	1.2	0	1.4681258705145313	4.341091744518971	14.55	0.2	16.075	0	0	34.025	10	18.072289156626507	0	0.025	1	0.023255813953488372	0.34328358208955223	23.2	multi	5	16	8	22	93	2026-09-21		120
v7bead2-31	docs/artifacts/v7bead2-31.bak	55	54	0.9	4.4	1.8158249029228815	6.146144059101172	14.4	0.75	0.625	0	0	28.025	14	7.291666666666668	1.9	0.075	0.6666666666666666	0.012578616352201259	0.27697841726618705	24.9	multi	5	16	8	22	31	2026-09-21		120
v7bead2-82	docs/artifacts/v7bead2-82.bak	57.7	57.5	0.3	0.6	1.7514768549040691	5.763107667962446	14.4	0.6	2.05	0	0	32.475	9	9.30232558139535	5.25	0	0	0.1344019728729963	0.2323943661971831	19.4	multi	5	16	8	22	82	2026-09-21		120
v7bead2-93	docs/artifacts/v7bead2-93.bak	53.9	53.6	0.3	1	1.6095720432061256	5.000670698839797	14.55	0.55	0.425	0	0	32.725	10	17.045454545454547	18.95	0	0	0.25	0.24285714285714285	23.5	multi	5	16	8	22	93	2026-09-21		120
v7bead25-31	docs/artifacts/v7bead25-31.bak	44.8	44.6	0.2	0.6	2.0656320094965044	7.890283055976748	14.9	0.75	2.75	0	0	37.05	15	6.25	18.25	0.3	0.5	0.2697841726618705	0.29430379746835444	32.7	multi	5	16	8	22	31	2026-09-21		120
v7bead25-82	docs/artifacts/v7bead25-82.bak	53.3	52.8	0.5	1	1.835193111486344	6.26634413163004	14.35	0.45	0.5	0	0	27.85	9	14.736842105263156	16.525	0.025	1	0.012578616352201259	0.28353658536585363	19.2	multi	5	16	8	22	82	2026-09-21		120
v7bead25-93	docs/artifacts/v7bead25-93.bak	64.9	64.4	0.5	0	1.0856638202249365	2.9614050069393247	14.925	0	0	0	0	43.775	5	13.235294117647058	17.925	0	0	0	0.33221476510067116	35.5	multi	5	16	8	22	93	2026-09-21		120
v7bead3-31	docs/artifacts/v7bead3-31.bak	50.4	50	0.5	0.7	2.094530783183118	8.121629270991443	15.475	2.8	1.575	0	0	32	16	8.79120879120879	1.85	0.4	1	0	0.28846153846153844	16.7	multi	5	16	8	22	31	2026-09-21		120
v7bead3-82	docs/artifacts/v7bead3-82.bak	43.1	43	0.2	1.3	1.9593622122112904	7.094800644647719	13.75	0.2	0.425	0	0	26.25	11	11.11111111111111	16.675	0.125	0.8	0.03773584905660377	0.21794871794871795	20.1	multi	5	16	8	22	82	2026-09-21		120
v7bead3-93	docs/artifacts/v7bead3-93.bak	42.8	42.3	0.5	1.2	1.8508240965866771	6.36506278834425	14.525	0.4	8	0	0	37.2	9	8.333333333333334	17.975	0	0	0.11949685534591195	0.16778523489932887	23.9	multi	5	16	8	22	93	2026-09-21		120
v7beadseed-31	docs/artifacts/v7beadseed-31.bak	48.1	47.8	0.4	0.2	1.6471293771579032	5.192053985430409	14.475	0.8	0	0	0	25.15	10	13.829787234042554	14.975	8.2	0.8810975609756098	0	0.2605633802816901	43.8	multi	5	16	8	22	31	2026-09-21		120
v7beadseed-82	docs/artifacts/v7beadseed-82.bak	62.1	61.6	0.5	1.2	1.9979070784032946	7.373607555775864	14.425	0	15.975	0	0	33.2	12	17.647058823529413	16	0.05	1	0.07167832167832168	0.22590361445783133	25.4	multi	5	16	8	22	82	2026-09-21		120
v7beadseed-93	docs/artifacts/v7beadseed-93.bak	57	56.6	0.4	0.2	1.699654334035685	5.472055561412941	14.475	0.9	0.65	0	0	23.075	9	6.060606060606059	18.825	0	0	0.006289308176100629	0.2997032640949555	17.6	multi	5	16	8	22	93	2026-09-21		120
v7big1-31	docs/artifacts/v7big1-31.bak	52.8	52.2	0.6	0	0.9688759121328727	2.6349808439873375	14.2	0	0	0	0	40.325	3	8.045977011494251	18.025	0	0	0	0.33620689655172414	14.4	multi	5	16	8	20	31	2026-09-19		120
v7big1-81	docs/artifacts/v7big1-81.bak	50.6	49.4	1.3	0.1	1.6582082438380459	5.249895879013703	14.35	0.7	0	0	0	34.225	14	2.173913043478258	6.025	23.075	0.764182424916574	0.028629856850715747	0.32450331125827814	16.6	multi	5	16	8	20	81	2026-09-19		120
v7big1-82	docs/artifacts/v7big1-82.bak	55.3	53.8	1.5	1.6	0.8107514162833548	2.249597736114258	14.675	0	0	0	0	46.475	4	14.457831325301205	3.125	0	0	0	0.1992619926199262	15.8	multi	5	16	8	20	82	2026-09-19		120
v7big1-91	docs/artifacts/v7big1-91.bak	47.9	47.2	0.7	3.9	1.7309820774791342	5.646196188628213	14.625	2.875	0.1	0	0	26.25	15	21.25	0.5	2.275	0.9213483146067416	0	0.2526690391459075	13.7	multi	5	16	8	20	91	2026-09-19		120
v7big1-92	docs/artifacts/v7big1-92.bak	35.5	33.5	2	9.6	1.9853328747639192	7.28147079995779	15.375	13.525	0.05	0	0	26.425	16	15.789473684210527	0	0	0	0	0.10357142857142858	9.8	multi	5	16	8	20	92	2026-09-19		120
v7big1-93	docs/artifacts/v7big1-93.bak	46.7	45.7	1	0.4	1.7875532665606437	5.974815786079628	14.725	1.2	1.725	0	0	27.65	13	17.17171717171717	15.1	1.075	1	0.027777777777777776	0.39429928741092635	21	multi	5	16	8	20	93	2026-09-19		120
v7blk1-31	docs/artifacts/v7blk1-31.bak	55.2	54.9	0.3	0	1.0220261981482115	2.778819502552775	14.1	0	0	0	0	21	8	5.208333333333332	19.875	0	0	0.006289308176100629	0.2743055555555556	12.4	multi	5	16	8	20	31	2026-09-19		120
v7blk1-81	docs/artifacts/v7blk1-81.bak	57.3	56.8	0.5	1	0.5433724477251292	1.7218037750220772	14.225	0	0	0	0	28.775	3	6.25	18.05	0.1	0.5	0	0.26421404682274247	13.9	multi	5	16	8	20	81	2026-09-19		120
v7blk1-82	docs/artifacts/v7blk1-82.bak	58.3	58	0.3	0.2	1.2218219970410609	3.393364805243798	14.875	0.1	0	0	0	40.925	8	8.108108108108107	17.925	13.975	0.9767441860465116	0	0.23529411764705882	15.2	multi	5	16	8	20	82	2026-09-19		120
v7blk1-91	docs/artifacts/v7blk1-91.bak	49	48.7	0.3	2.1	1.7812590278322327	5.937326974695495	15.675	6.9	0.05	0	0	27.15	11	8.247422680412372	13.1	7.475	0.4098939929328622	0	0.1807909604519774	15.1	multi	5	16	8	20	91	2026-09-19		120
v7blk1-92	docs/artifacts/v7blk1-92.bak	50.2	47.4	2.8	0	1.6370177365602714	5.1398183406692395	14.35	0	0.2	0	0	34.5	8	9.090909090909092	8.95	0.075	1	0.26582278481012656	0.22658610271903323	15.8	multi	5	16	8	20	92	2026-09-19		120
v7blk1-93	docs/artifacts/v7blk1-93.bak	56.9	55.9	1	0.1	0	1	15	0	0	0	0	47	1	0	16.175	115	0.4782608695652174	0	0.2737226277372263	15.6	multi	5	16	8	20	93	2026-09-19		120
v7c-31	docs/artifacts/v7c-31.bak	34.6	33.5	1.1	0	1.2655553485445161	3.54506093397039	14.825	0	17.025	0	0	43.125	8	10	0	0	0	0	0.3282275711159737	30.2	multi	5	16	8	12	31	2026-09-13		120
v7c-32	docs/artifacts/v7c-32.bak	32.2	31.7	0.5	0	0.6743731803184464	1.9628022672018237	14.65	0	0	0	0	32.075	3	3.5714285714285694	19.625	0	0	0	0.3181818181818182	26.1	multi	5	16	8	12	32	2026-09-13		120
v7c-33	docs/artifacts/v7c-33.bak	50.8	50.3	0.5	1.3	1.3719545490207719	3.9430500532536765	15.3	10.3	0	0	0	31.15	8	24.719101123595504	0	0.025	1	0	0.21830985915492956	19.1	multi	5	16	8	12	33	2026-09-13		120
v7c-34	docs/artifacts/v7c-34.bak	29.6	28.5	1.1	0	1.3821679815994694	3.983528489142557	14.35	0	0	0	0	25.4	4	13.953488372093021	0	0	0	0.3605015673981191	0.3392857142857143	18.1	multi	5	16	8	12	34	2026-09-13		120
v7c-35	docs/artifacts/v7c-35.bak	47	46.6	0.4	0.6	1.0867892972660844	2.9647398765917674	14.1	0.75	0	0	0	18.8	8	14	0	0	0	0.0125	0.38375350140056025	13.6	multi	5	16	8	12	35	2026-09-13		120
v7c-36	docs/artifacts/v7c-36.bak	51.9	50.4	1.5	0.1	0.5086041558170584	1.6629683294747972	14.75	0	0	0	0	33.95	6	14.285714285714286	19.5	0	0	0	0.2251655629139073	19.4	multi	5	16	8	12	36	2026-09-13		120
v7c-37	docs/artifacts/v7c-37.bak	36.5	35	1.6	0.2	1.3725648082735948	3.9454570704105634	13.825	0	0.025	0	0	33.075	9	14.772727272727273	0	0	0	0.3447204968944099	0.4263888888888889	33.1	multi	5	16	8	12	37	2026-09-13		120
v7c-38	docs/artifacts/v7c-38.bak	32	31	1	0	0.3056923247640678	1.3575645532907952	14.675	0	0	0	0	28.775	7	6.493506493506491	0	0	0	0.061855670103092786	0.4782016348773842	34.7	multi	5	16	8	12	38	2026-09-13		120
v7c-39	docs/artifacts/v7c-39.bak	44.1	42.7	1.4	0	0.5004096402465616	1.6493967916388048	14.975	0	0	0	0	46.975	3	19.71830985915493	18.1	0	0	0	0.3521594684385382	16.8	multi	5	16	8	12	39	2026-09-13		120
v7c-40	docs/artifacts/v7c-40.bak	31.5	31	0.5	0.2	1.053601781411088	2.867962310923855	14.1	0	0	0	0	22.1	6	14.285714285714286	0	0	0	0	0.4422535211267606	10.7	multi	5	16	8	12	40	2026-09-13		120
v7c-41	docs/artifacts/v7c-41.bak	52	51	1	0	0.0397180066627305	1.0405173138675805	14.9	0	0	0	0	38.625	2	14.473684210526317	18.25	0	0	0	0.2608695652173913	20.4	multi	5	16	8	12	41	2026-09-13		120
v7c-42	docs/artifacts/v7c-42.bak	48.8	46.8	2.1	0.2	0	1	14.9	0	0	0	0	34.275	1	13.513513513513514	19.85	0	0	0	0.2852233676975945	19.2	multi	5	16	8	12	42	2026-09-13		120
v7catE1-31	docs/artifacts/v7catE1-31.bak	39.9	39.4	0.6	0.1	0.7051126587338784	2.0240747017712386	14.325	0	0	0	0	33.425	4	8.602150537634408	17.8	0	0	0	0.2939068100358423	39.6	multi	5	16	8	16	31	2026-09-16		120
v7catE1-81	docs/artifacts/v7catE1-81.bak	55.4	54.2	1.1	0	0.38862125369614625	1.4749458152542096	14.825	0	0	0	0	39.225	2	9.999999999999998	19.475	0	0	0	0.2876712328767123	14.8	multi	5	16	8	16	81	2026-09-16		120
v7catE1-82	docs/artifacts/v7catE1-82.bak	51.5	50.4	1	0	0.5165301422942279	1.6762013671286529	14.45	0	0.075	0	0	32.675	6	6.097560975609758	18.875	0.075	0.6666666666666666	0.012578616352201259	0.3003412969283277	16.5	multi	5	16	8	16	82	2026-09-16		120
v7catE5-31	docs/artifacts/v7catE5-31.bak	45.7	44.2	1.5	0.9	1.3426299586066044	3.8291006508435843	14.525	3.025	0.025	0	0	30.4	17	22.22222222222222	0.825	4.725	0.9629629629629629	0.0125	0.1524822695035461	14.3	multi	5	16	8	16	31	2026-09-16		120
v7catE5-81	docs/artifacts/v7catE5-81.bak	47.8	47.5	0.4	0	0.9841437497324035	2.6755199886366583	14.725	0	0	0	0	35.125	4	6.944444444444443	18.025	0	0	0	0.35785953177257523	21.7	multi	5	16	8	16	81	2026-09-16		120
v7catE5-82	docs/artifacts/v7catE5-82.bak	43.8	42.6	1.2	0	0.6538941432654062	1.9230147622714646	14.775	0	0.15	0	0	34.15	9	10.44776119402985	4	3.05	0.7868852459016393	0	0.2422145328719723	25.6	multi	5	16	8	16	82	2026-09-16		120
v7clear2-31	docs/artifacts/v7clear2-31.bak	38.8	38.4	0.4	0.5	1.4803890202572099	4.394654958227649	14.9	7.65	0.025	0	0	19.9	11	27.083333333333332	15.775	13.425	0.8409090909090909	0	0.29292929292929293	31.9	multi	5	16	8	16	31	2026-09-18		120
v7clear2-81	docs/artifacts/v7clear2-81.bak	43.2	42.4	0.8	0.3	1.5140963296882515	4.545311807052469	15.225	2.35	1.2	0	0	25.575	9	15.463917525773196	18.025	1.2	0.8837209302325582	0	0.3081570996978852	15.5	multi	5	16	8	16	81	2026-09-18		120
v7clear2-82	docs/artifacts/v7clear2-82.bak	47.8	47.5	0.3	3.1	1.8928500745738195	6.638261285292558	15.6	7.2	6.7	0	0	36.625	20	11.34020618556701	16.6	1.85	0.958904109589041	0.25	0.25357142857142856	18.4	multi	5	16	8	16	82	2026-09-18		120
v7cmin3-31	docs/artifacts/v7cmin3-31.bak	46.5	46.3	0.2	1.2	1.6692779798483113	5.308333689300591	14.6	0.85	3.15	0	0	24.325	11	15.053763440860216	17.65	0	0	0.07051282051282051	0.2611683848797251	29.9	multi	5	16	8	22	31	2026-09-21		120
v7cmin3-82	docs/artifacts/v7cmin3-82.bak	56.1	55.9	0.3	2.7	1.2396717763201155	3.4544794367126235	14.95	1.25	0	0	0	26.55	8	16.842105263157894	0	0.325	0.07692307692307693	0.008130081300813009	0.37202380952380953	15.9	multi	5	16	8	22	82	2026-09-21		120
v7cmin3-93	docs/artifacts/v7cmin3-93.bak	46.5	46.3	0.2	2.1	1.6545876711544647	5.23092261716527	14.875	2	1.1	0	0	24	9	10.1010101010101	16.825	0	0	0.018867924528301886	0.25065963060686014	29.8	multi	5	16	8	22	93	2026-09-21		120
v7cmin4-31	docs/artifacts/v7cmin4-31.bak	56	55.7	0.3	0.4	1.5616700251747502	4.766775236253443	16.05	2.75	0	0	0	21.9	10	10	20.675	4.65	0.3602150537634409	0	0.3464052287581699	18.1	multi	5	16	8	22	31	2026-09-21	历代上槽	120
v7cmin4-82	docs/artifacts/v7cmin4-82.bak	47.9	47.3	0.6	0.2	1.5844609454061804	4.876661882865087	15.775	0.4	0	0	0	36.625	8	10.126582278481013	4.75	28.975	0.8705780845556514	0	0.2465277777777778	14.8	multi	5	16	8	22	82	2026-09-21		120
v7cmin4-93	docs/artifacts/v7cmin4-93.bak	38.9	38.7	0.2	1.6	1.7211903996241873	5.591180243213272	14.25	0.3	0.15	0	0	30.425	12	10.989010989010989	0	0	0	0.325	0.26218097447795824	31.2	multi	5	16	8	22	93	2026-09-21		120
v7ctrlE-31	docs/artifacts/v7ctrlE-31.bak	44	43.4	0.5	1	0	1	15	0	0	0	0	47	1	0	19.375	110	1	0	0.28187919463087246	17.4	multi	5	16	8	16	31	2026-09-16		120
v7ctrlE-81	docs/artifacts/v7ctrlE-81.bak	28.4	25.2	3.1	0	0.8893315974467344	2.4335025482539088	13.8	0	0	0	0	29.4	5	6.315789473684212	0	0	0	0.14983351831298558	0.36682242990654207	24.4	multi	5	16	8	16	81	2026-09-16		120
v7ctrlE-82	docs/artifacts/v7ctrlE-82.bak	56.1	55.3	0.8	0	0.9515818308514876	2.5898030513012698	15	0	0	0	0	37.65	3	13.114754098360656	18	0	0	0	0.34539473684210525	18.3	multi	5	16	8	16	82	2026-09-16		120
v7cur-31	docs/artifacts/v7cur-31.bak	38.9	38.4	0.5	0.1	1.4526038687664318	4.274229570695421	14.45	0	3.25	0	0	43.575	9	14.285714285714285	2	0.075	1	0.11481768813033359	0.17391304347826086	17.8	multi	5	16	8	22	31	2026-09-20		120
v7cur-82	docs/artifacts/v7cur-82.bak	24.8	23.9	1	0	1.9418593341121329	6.971701649783563	13.775	0	0.3	0	0	37.975	12	10.526315789473683	0	4.775	0.9790575916230366	0.31746031746031744	0.2727272727272727	33.4	multi	5	16	8	22	82	2026-09-20		120
v7cur-93	docs/artifacts/v7cur-93.bak	33.9	33.6	0.3	1.7	1.0241182280741408	2.7846389612292746	14.625	0.55	0	0	0	35.375	12	11.25	0	0.15	1	0	0.3474025974025974	32.7	multi	5	16	8	22	93	2026-09-20		120
v7cur2-31	docs/artifacts/v7cur2-31.bak	41.3	40.6	0.7	0	1.800623225633397	6.053418934902252	13.9	0	0.4	0	0	28.3	8	18.18181818181818	2.125	0.95	1	0.020100502512562814	0.2626865671641791	17.8	multi	5	16	8	22	31	2026-09-20		120
v7cur2-82	docs/artifacts/v7cur2-82.bak	43.8	43.6	0.2	0	1.413933850043237	4.112100012829459	14.65	0	0	0	0	36.525	7	6.521739130434785	18	11.375	0.9428571428571428	0.006289308176100629	0.2857142857142857	14.1	multi	5	16	8	22	82	2026-09-20		120
v7cur2-93	docs/artifacts/v7cur2-93.bak	57.8	57.2	0.5	0	1.052626422755088	2.865166382796817	14.6	0	0.075	0	0	38.825	4	7.792207792207792	18	0	0	0	0.3468208092485549	18.6	multi	5	16	8	22	93	2026-09-20		120
v7cur3-31	docs/artifacts/v7cur3-31.bak	53.6	53.1	0.5	1	1.4891552595880597	4.433348907786868	14.3	0.4	0.075	0	0	29.75	11	15.789473684210526	14.5	8.075	0.9938080495356038	0.05732484076433121	0.3074712643678161	19.3	multi	5	16	8	22	31	2026-09-20		120
v7cur3-82	docs/artifacts/v7cur3-82.bak	50.9	49	2	0.1	1.376706412857719	3.9618314782554447	14.7	0	0	0	0	43.475	8	13.095238095238093	1.075	0.1	1	0	0.3129496402877698	23.4	multi	5	16	8	22	82	2026-09-20		120
v7cur3-93	docs/artifacts/v7cur3-93.bak	53.2	52.3	1	0.2	1.4156551660252044	4.119184331727467	14.275	0.45	0	0	0	23.25	7	13.829787234042552	18.55	6.475	0.7713178294573644	0	0.2785714285714286	16	multi	5	16	8	22	93	2026-09-20		120
v7curri1-31	docs/artifacts/v7curri1-31.bak	49.2	47.8	1.3	0	0.9087538140615691	2.4812285338269664	14.625	0	0	0	0	33.875	6	10.97560975609756	0	1.2	0.9761904761904762	0	0.3106796116504854	20.8	multi	5	16	8	16	31	2026-09-17		120
v7curri1-81	docs/artifacts/v7curri1-81.bak	45.5	44.5	1	0	0.8016985109478095	2.2293242462180447	14.825	0	0	0	0	40.9	4	9.677419354838708	5.75	20.675	0.9854897218863361	0	0.31448763250883394	12.2	multi	5	16	8	16	81	2026-09-17		120
v7curri1-82	docs/artifacts/v7curri1-82.bak	59.3	58.5	0.8	0	0.7785632546896951	2.178340295911255	13.175	0	0	0	0	23.95	4	12.631578947368421	17.975	0.075	1	0	0.2835820895522388	15.9	multi	5	16	8	16	82	2026-09-17		120
v7curri1-91	docs/artifacts/v7curri1-91.bak	45	43.8	1.2	0	1.643957859022115	5.175613376678726	13.65	0	1.7	0	0	31.775	13	8.602150537634408	1.075	0.55	1	0.09198813056379822	0.29791271347248577	23.3	multi	5	16	8	16	91	2026-09-17		120
v7curri1-92	docs/artifacts/v7curri1-92.bak	56	55.4	0.6	0	0.21273907481925045	1.237061828547935	14.8	0	0	0	0	30.025	4	10.606060606060606	18.025	0.1	0.5	0	0.26804123711340205	19.4	multi	5	16	8	16	92	2026-09-17		120
v7curri1-93	docs/artifacts/v7curri1-93.bak	44	43.6	0.3	0	1.9762889337938163	7.215914498364246	14.075	0	0.325	0	0	28.825	13	11.34020618556701	14.65	0.875	1	0.18125	0.1422319474835886	18.8	multi	5	16	8	16	93	2026-09-17		120
v7curri2-31	docs/artifacts/v7curri2-31.bak	52	51	1	0.1	0.910779982047887	2.4862610162546606	13.325	0	0	0	0	22.05	5	8.333333333333332	0	0.025	1	0	0.3819241982507289	14.7	multi	5	16	8	16	31	2026-09-17		120
v7curri2-81	docs/artifacts/v7curri2-81.bak	51.1	50.7	0.5	0	0.5734619084578214	1.7743992385055012	14.5	0	0.175	0	0	31.825	4	9.876543209876544	18.05	0	0	0	0.35174418604651164	25.9	multi	5	16	8	16	81	2026-09-17		120
v7curri2-82	docs/artifacts/v7curri2-82.bak	51.9	51.4	0.5	0	1.3375371709980657	3.809649427014312	14.5	0	0	0	0	36.025	9	13.157894736842106	7.4	0	0	0.48125	0.23843416370106763	30.2	multi	5	16	8	16	82	2026-09-17		120
v7curri2-91	docs/artifacts/v7curri2-91.bak	55.5	54.7	0.8	0	1.0232800934398762	2.7823060366609536	14.9	0	0	0	0	39.025	5	6.493506493506494	17.975	0.325	1	0	0.3110367892976589	15.7	multi	5	16	8	16	91	2026-09-17		120
v7curri2-92	docs/artifacts/v7curri2-92.bak	62.4	61	1.4	0	0.7108415879661116	2.035703761723118	14.725	0	0	0	0	34.85	4	17.28395061728395	14.675	0.3	1	0	0.2771929824561403	16.7	multi	5	16	8	16	92	2026-09-17		120
v7curri2-93	docs/artifacts/v7curri2-93.bak	47.8	46.5	1.3	0.2	0.8545771842257839	2.3503803925474243	14.35	0	0.2	0	0	32.45	6	8.988764044943823	16.55	0.125	1	0	0.3003533568904594	19.9	multi	5	16	8	16	93	2026-09-17		120
v7d-31	docs/artifacts/v7d-31.bak	34.6	33.5	1.1	0	1.2655553485445161	3.54506093397039	14.825	0	17.025	0	0	43.125	8	10	0	0	0	0	0.3282275711159737	30.2	multi	5	16	8	12	31	2026-09-13		120
v7d-32	docs/artifacts/v7d-32.bak	32.2	31.7	0.5	0	0.6743731803184464	1.9628022672018237	14.65	0	0	0	0	32.075	3	3.5714285714285694	19.625	0	0	0	0.3181818181818182	26.1	multi	5	16	8	12	32	2026-09-13		120
v7d-33	docs/artifacts/v7d-33.bak	50.8	50.3	0.5	1.3	1.3719545490207719	3.9430500532536765	15.3	10.3	0	0	0	31.15	8	24.719101123595504	0	0.025	1	0	0.21830985915492956	19.1	multi	5	16	8	12	33	2026-09-13		120
v7d-34	docs/artifacts/v7d-34.bak	29.6	28.5	1.1	0	1.3821679815994694	3.983528489142557	14.35	0	0	0	0	25.4	4	13.953488372093021	0	0	0	0.3605015673981191	0.3392857142857143	18.1	multi	5	16	8	12	34	2026-09-13		120
v7d-35	docs/artifacts/v7d-35.bak	47	46.6	0.4	0.6	1.0867892972660844	2.9647398765917674	14.1	0.75	0	0	0	18.8	8	14	0	0	0	0.0125	0.38375350140056025	13.6	multi	5	16	8	12	35	2026-09-13		120
v7d-36	docs/artifacts/v7d-36.bak	51.9	50.4	1.5	0.1	0.5086041558170584	1.6629683294747972	14.75	0	0	0	0	33.95	6	14.285714285714286	19.5	0	0	0	0.2251655629139073	19.4	multi	5	16	8	12	36	2026-09-13		120
v7d-41	docs/artifacts/v7d-41.bak	52	51	1	0	0.0397180066627305	1.0405173138675805	14.9	0	0	0	0	38.625	2	14.473684210526317	18.25	0	0	0	0.2608695652173913	20.4	multi	5	16	8	12	41	2026-09-13		120
v7d-42	docs/artifacts/v7d-42.bak	48.8	46.8	2.1	0.2	0	1	14.9	0	0	0	0	34.275	1	13.513513513513514	19.85	0	0	0	0.2852233676975945	19.2	multi	5	16	8	12	42	2026-09-13		120
v7densE-31	docs/artifacts/v7densE-31.bak	49.7	48.7	1	0.3	0.7089253048776304	2.0318065123405162	14.625	0	0	0	0	32.575	6	8.823529411764707	2	0.175	0.2857142857142857	0	0.3706896551724138	16.4	multi	5	16	8	17	31	2026-09-16		120
v7densE-81	docs/artifacts/v7densE-81.bak	34.3	33.3	1	0	0	1	14.8	0	0	0	0	34.7	1	6.849315068493148	0	0	0	0	0.4923469387755102	41.3	multi	5	16	8	17	81	2026-09-16		120
v7densE-82	docs/artifacts/v7densE-82.bak	27.7	27.3	0.4	0	0.13824985549060131	1.14826241410425	14.5	0	0	0	0	45.525	3	8.13953488372093	0	0	0	0	0.2764505119453925	40.1	multi	5	16	8	17	82	2026-09-16		120
v7divK-31	docs/artifacts/v7divK-31.bak	52.1	51.8	0.2	3.1	1.0921478172691241	2.9806691350335983	14.075	0.05	0.025	0	0	16.025	7	9.183673469387754	18	0	0	0	0.3778501628664495	11.5	multi	5	16	8	16	31	2026-09-16		120
v7divK-81	docs/artifacts/v7divK-81.bak	52.2	51.7	0.5	0	1.203651146068725	3.3322613115641997	14.4	0	0	0	0	28.45	8	9.523809523809524	7.1	9.5	0.9868421052631579	0.012578616352201259	0.27816901408450706	26.2	multi	5	16	8	16	81	2026-09-16		120
v7divK-82	docs/artifacts/v7divK-82.bak	49.7	49.1	0.6	0	1.5522394253287037	4.722032991149185	14.05	0	0.05	0	0	21.625	11	10.989010989010987	0	0.35	0.8571428571428571	0	0.34627831715210355	20.6	multi	5	16	8	16	82	2026-09-16		120
v7divK2-81	docs/artifacts/v7divK2-81.bak	50.9	49.7	1.2	1.6	1.6296794441233957	5.102238903701283	15.05	0.05	0	0	0	37.175	10	13.432835820895523	9.525	8.35	0.8909090909090909	0	0.26013513513513514	26.8	multi	5	16	8	13	81	2026-09-16		120
v7divK2-82	docs/artifacts/v7divK2-82.bak	40.3	39.6	0.7	0.2	1.6332792672340581	5.120639160186898	14.2	0	0.35	0	0	35.55	12	12.222222222222223	0	1.9	1	0.042682926829268296	0.2783109404990403	32.2	multi	5	16	8	13	82	2026-09-16		120
v7divK2b-82	docs/artifacts/v7divK2b-82.bak	51.7	49.9	1.8	1.3	1.43606989966446	4.20414061206706	15.25	5.5	0	0	0	31.3	9	7.142857142857144	13.425	12.425	0.5357142857142857	0	0.2563176895306859	20.6	multi	5	16	8	16	82	2026-09-16		120
v7expo-32	docs/artifacts/v7expo-32.bak	50.2	49.8	0.4	0.2	0.7959565254992857	2.2165601794487224	14.125	0	0	0	0	26.175	5	14.772727272727273	16.2	0	0	0.025157232704402517	0.27017543859649124	18.2	multi	5	16	8	18	32	2026-09-14		120
v7expo-33	docs/artifacts/v7expo-33.bak	46.9	45.6	1.3	1.6	1.3588341779186217	3.8916536803203075	14.25	0.7	9.1	0	0	27.875	10	9.27835051546392	18.85	0	0	0	0.1649122807017544	14.5	multi	5	16	8	18	33	2026-09-14		120
v7expo-34	docs/artifacts/v7expo-34.bak	23.6	22.6	1	0	0	1	15	0	115	0	0	47	1	0	0	0	0	0	0.06493506493506493	35.9	multi	5	16	8	18	34	2026-09-14		120
v7f-35	docs/artifacts/v7f-35.bak	47	46.6	0.4	0.6	1.0867892972660844	2.9647398765917674	14.1	0.75	0	0	0	18.8	8	14	0	0	0	0.0125	0.38375350140056025	13.6	multi	5	16	8	12	35	2026-09-13		120
v7f2-31	docs/artifacts/v7f2-31.bak	53.2	52.8	0.4	0.2	1.7973581474107054	6.03368628042566	14.8	1.05	0.05	0	0	23.35	13	10.416666666666668	18.175	0	0	0.048582995951417005	0.3231292517006803	17.7	multi	5	16	8	16	31	2026-09-16		120
v7f2b-31	docs/artifacts/v7f2b-31.bak	57.5	57	0.6	0	1.5976721683241049	4.94151600796578	14.825	0.75	0	0	0	28.8	11	12.5	18	0.025	0	0.011135857461024499	0.3344594594594595	15.2	multi	5	16	8	16	31	2026-09-16		120
v7f2b-81	docs/artifacts/v7f2b-81.bak	45.5	45.1	0.4	0.2	0.8899667779342291	2.435048752596257	15.075	1.175	0	0	0	33.2	13	9.876543209876543	18.025	0.325	0.8333333333333334	0	0.2827586206896552	37.2	multi	5	16	8	16	81	2026-09-16		120
v7f2b-82	docs/artifacts/v7f2b-82.bak	51.5	51.1	0.4	0.1	1.041716742070237	2.834078221751641	14.225	0	0	0	0	20.975	5	12.222222222222221	17.025	0	0	0	0.2785714285714286	13.7	multi	5	16	8	16	82	2026-09-16		120
v7f2t-31	docs/artifacts/v7f2t-31.bak	47.7	47.3	0.4	0.1	1.6747092391876413	5.337243062312553	14.675	0.15	13.725	0	0	34.95	13	9.83606557377049	18.025	13.05	0.9516441005802708	0.05	0.28113879003558717	29.5	multi	5	16	8	16	31	2026-09-17		120
v7f2t-81	docs/artifacts/v7f2t-81.bak	47.7	45.9	1.8	0	0.5278170781664655	1.6952277170763281	14.6	0	0	0	0	29.75	3	14.285714285714285	16.975	0.275	1	0	0.31186440677966104	22	multi	5	16	8	16	81	2026-09-17		120
v7f2t-82	docs/artifacts/v7f2t-82.bak	52.8	51.8	1	0.4	1.4829684813946753	4.406005432665341	15.05	1.25	0	0	0	38.1	8	8.641975308641975	18.025	0	0	0.03125	0.24825174825174826	21.4	multi	5	16	8	16	82	2026-09-17		120
v7f2t-91	docs/artifacts/v7f2t-91.bak	46.2	45.7	0.5	0	2.041261093482988	7.700313893997635	14	0.15	0.175	0	0	26.275	14	3.092783505154639	6.325	0	0	0.16875	0.1070840197693575	19.7	multi	5	16	8	16	91	2026-09-17		120
v7f2t-92	docs/artifacts/v7f2t-92.bak	52.6	51.8	0.8	0.3	1.6178386698663494	5.0421807140678085	14.15	0	0	0	0	20.475	11	9.183673469387756	17.025	0.025	1	0.018867924528301886	0.2801418439716312	20.7	multi	5	16	8	16	92	2026-09-17		120
v7f2t-93	docs/artifacts/v7f2t-93.bak	48.1	46.9	1.2	2.9	0.8257936758612314	2.2836925579038625	14.125	0.15	0	0	0	29.15	8	6.666666666666664	17.9	0.025	1	0	0.27586206896551724	16.8	multi	5	16	8	16	93	2026-09-17		120
v7f3-91	docs/artifacts/v7f3-91.bak	54	53.6	0.4	0	0.7183316076049597	2.051008467601162	14.2	0	0	0	0	28.375	9	14.130434782608697	18.075	0	0	0	0.2857142857142857	15.8	multi	5	16	8	16	91	2026-09-16		120
v7f3-93	docs/artifacts/v7f3-93.bak	42.5	41.5	1.1	0	1.029213902244303	2.798864788364999	14.425	0	0.125	0	0	33.9	7	15.384615384615385	0	0	0	0.030837004405286344	0.29605263157894735	13.1	multi	5	16	8	16	93	2026-09-16		120
v7f3-94	docs/artifacts/v7f3-94.bak	31.6	31.1	0.5	0.4	1.4507597340986265	4.266354579270084	13.975	0	0	0	0	22.675	8	10.638297872340425	4.525	0	0	0	0.3	25.6	multi	5	16	8	16	94	2026-09-16		120
v7f35b-31	docs/artifacts/v7f35b-31.bak	55.1	54.1	1	0.4	1.0271520842804054	2.793099983696966	14.575	0	0	0	0	38.625	4	7.575757575757574	0.075	27.05	0.522181146025878	0	0.38968481375358166	17.5	multi	5	16	8	16	31	2026-09-17		120
v7f35b-94	docs/artifacts/v7f35b-94.bak	49.7	49.6	0.1	0.1	1.618976465338717	5.04792094944278	14.475	0	0	0	0	33.175	8	12.359550561797754	4.45	5.175	1	0	0.29473684210526313	20	multi	5	16	8	16	94	2026-09-17		120
v7f35b-95	docs/artifacts/v7f35b-95.bak	43.4	42.1	1.3	0	0.9570361243172983	2.603967189731126	14.325	0	0	0	0	30.675	7	7.608695652173914	16.975	5.6	0.9642857142857143	0	0.2852112676056338	23.4	multi	5	16	8	16	95	2026-09-17		120
v7f35b-96	docs/artifacts/v7f35b-96.bak	49.7	48.8	0.9	0.6	1.652110800088161	5.217982328613495	14.25	0.2	0.025	0	0	27.575	14	8.602150537634408	0	0	0	0.19961612284069097	0.2772585669781931	27.4	multi	5	16	8	16	96	2026-09-17		120
v7f35b-97	docs/artifacts/v7f35b-97.bak	56.2	55.4	0.8	0.7	1.314012273625868	3.721073766807788	13.6	0	0.475	0	0	28.725	10	21.59090909090909	1.175	0.225	0.4444444444444444	0.006289308176100629	0.25886524822695034	15.6	multi	5	16	8	16	97	2026-09-17		120
v7f35b-98	docs/artifacts/v7f35b-98.bak	59.7	58.5	1.2	0.9	0.7788620692588032	2.1789913129899983	14.15	0	0	0	0	17.775	4	5.494505494505493	19.05	0.025	1	0	0.3457142857142857	13.2	multi	5	16	8	16	98	2026-09-17		120
v7f35b-99	docs/artifacts/v7f35b-99.bak	45.2	43.6	1.6	0.3	1.440544309596857	4.222993807587589	14.525	0.05	0.55	0	0	34.275	14	16.666666666666664	18.1	0.675	1	0.06289308176100629	0.3213213213213213	20.2	multi	5	16	8	16	99	2026-09-17		120
v7f35t-31	docs/artifacts/v7f35t-31.bak	55.1	54.1	1	0.4	1.0271520842804054	2.793099983696966	14.575	0	0	0	0	38.625	4	7.575757575757574	0.075	27.05	0.522181146025878	0	0.38968481375358166	17.5	multi	5	16	8	16	31	2026-09-17		120
v7f35t-81	docs/artifacts/v7f35t-81.bak	48.3	46.9	1.5	0.1	0.9646971672022682	2.6239929050295885	14.6	0.075	0	0	0	34.325	9	17.5	20	16.075	0.9751166407465007	0	0.288135593220339	13.6	multi	5	16	8	16	81	2026-09-17		120
v7f35t-82	docs/artifacts/v7f35t-82.bak	62.5	62	0.5	0	0.9660919121379024	2.6276552592763354	14.8	0	0	0	0	42.3	7	13.23529411764706	18.825	0.475	1	0.006289308176100629	0.27335640138408307	26.7	multi	5	16	8	16	82	2026-09-17		120
v7f35t-91	docs/artifacts/v7f35t-91.bak	52.6	51.5	1	0	0.4105046283497955	1.5075783599728758	14.775	0	0	0	0	32.075	5	12.5	14.55	0.125	1	0	0.26804123711340205	12.7	multi	5	16	8	16	91	2026-09-17		120
v7f35t-92	docs/artifacts/v7f35t-92.bak	51.9	50.8	1.1	0	0.8357178202604283	2.3064690844455704	14.575	0	0	0	0	33.925	6	10.810810810810812	19.125	0	0	0	0.2961672473867596	15.1	multi	5	16	8	16	92	2026-09-17		120
v7f35t-93	docs/artifacts/v7f35t-93.bak	57.5	56	1.5	0.1	0.7519646015897011	2.1211631663369643	15.2	0.85	0	0	0	34.05	9	22.22222222222222	17.925	0.05	0.5	0.015714285714285715	0.3501683501683502	14.2	multi	5	16	8	16	93	2026-09-17		120
v7f5b-31	docs/artifacts/v7f5b-31.bak	45.2	44.8	0.5	2.7	1.9592581000056752	7.094062027754389	14.65	1.975	0	0	0	27.925	16	8.536585365853659	7.8	1.025	0.8157894736842105	0.5	0.20761245674740483	39.8	multi	5	16	8	16	31	2026-09-17		120
v7f5b-94	docs/artifacts/v7f5b-94.bak	57.5	57.1	0.4	0	0.6356963576358324	1.8883366413638323	14.85	0	0	0	0	34.8	2	10.666666666666666	18.025	0	0	0	0.2887323943661972	13.8	multi	5	16	8	16	94	2026-09-17		120
v7f5b-95	docs/artifacts/v7f5b-95.bak	47	46.4	0.5	0.4	1.19182344458384	3.2930804858209757	14.4	0	0	0	0	28.225	8	2.2222222222222214	18	0.2	1	0	0.3551912568306011	19	multi	5	16	8	16	95	2026-09-17		120
v7f5b-96	docs/artifacts/v7f5b-96.bak	51	50.3	0.7	0.2	1.3855712151224107	3.997108461638285	14.425	0.25	0	0	0	26.025	8	15.555555555555555	16.675	1.325	0.9423076923076923	0	0.3111888111888112	22.6	multi	5	16	8	16	96	2026-09-17		120
v7f5b-97	docs/artifacts/v7f5b-97.bak	34.8	33.7	1	0	0.4595056446032414	1.5832910830029914	14.425	0	0	0	0	25.55	2	10.126582278481013	20	0	0	0	0.33695652173913043	16.6	multi	5	16	8	16	97	2026-09-17		120
v7f5b-98	docs/artifacts/v7f5b-98.bak	54	53.5	0.5	0.6	1.2873828431873728	3.623291414226521	14.775	0.75	0	0	0	35.625	5	11.363636363636363	18.075	0	0	0	0.27972027972027974	13.9	multi	5	16	8	16	98	2026-09-17		120
v7f5b-99	docs/artifacts/v7f5b-99.bak	48.3	47.4	1	0	0.056718295105941556	1.0583576238748613	14.8	0	0	0	0	29.625	2	14.925373134328357	18.925	0	0	0	0.2935153583617747	39.3	multi	5	16	8	16	99	2026-09-17		120
v7f5div3-31	docs/artifacts/v7f5div3-31.bak	41.3	40.8	0.5	0	1.8297167082626113	6.2321209000667395	14.375	0	11.375	0	0	31.325	8	11.904761904761903	18.1	0	0	0.23125	0.22695035460992907	19.2	multi	5	16	8	16	31	2026-09-18		120
v7f5div3-81	docs/artifacts/v7f5div3-81.bak	46.4	44.4	1.9	0	1.2988346525937404	3.6650231528131663	14.625	0	0	0	0	32.575	9	13.580246913580247	19.5	0	0	0	0.26644736842105265	23.9	multi	5	16	8	16	81	2026-09-18		120
v7f5div3-82	docs/artifacts/v7f5div3-82.bak	50.8	49.9	0.9	0.1	1.1821002873712343	3.2612165068162997	14.275	0	0	0	0	30.275	9	4.597701149425287	7.9	0.2	1	0.012578616352201259	0.1972318339100346	15.4	multi	5	16	8	16	82	2026-09-18		120
v7f5div3-91	docs/artifacts/v7f5div3-91.bak	53	52.7	0.2	0.5	1.739871429052861	5.696610956919878	14.4	0.9	0	0	0	28.4	10	7.368421052631579	19.975	0	0	0.4875	0.22727272727272727	18.9	multi	5	16	8	16	91	2026-09-18		120
v7f5div3-92	docs/artifacts/v7f5div3-92.bak	43.3	42.1	1.2	0	0.9529278878094924	2.5932914209637583	14.625	0	0.225	0	0	38.075	8	26.470588235294116	17.925	0.05	0.5	0	0.294478527607362	21.5	multi	5	16	8	16	92	2026-09-18		120
v7f5div3-93	docs/artifacts/v7f5div3-93.bak	56.4	56	0.4	0.1	1.4506428978518666	4.265856143531943	15.25	3.8	0.85	0	0	18.475	9	12.121212121212121	17.975	0	0	0	0.24175824175824176	13	multi	5	16	8	16	93	2026-09-18		120
v7f5t-31	docs/artifacts/v7f5t-31.bak	45.2	44.8	0.5	2.7	1.9592581000056752	7.094062027754389	14.65	1.975	0	0	0	27.925	16	8.536585365853659	7.8	1.025	0.8157894736842105	0.5	0.20761245674740483	39.8	multi	5	16	8	16	31	2026-09-17		120
v7f5t-81	docs/artifacts/v7f5t-81.bak	51.2	50.9	0.3	0.2	0.9073066332337497	2.4776403444690347	15.025	0.95	0	0	0	37.2	6	13.924050632911392	18.025	0.6	1	0	0.13074204946996468	13.2	multi	5	16	8	16	81	2026-09-17		120
v7f5t-82	docs/artifacts/v7f5t-82.bak	53	52.6	0.3	0.3	0.8564885105972004	2.3548770324788872	14.55	0	0	0	0	34.15	6	2.777777777777775	17.875	0	0	0	0.288135593220339	16.4	multi	5	16	8	16	82	2026-09-17		120
v7f5t-91	docs/artifacts/v7f5t-91.bak	52.3	51.9	0.4	0.1	0.9504672174723122	2.5869180303110446	14.525	0	0	0	0	28.7	8	25.30120481927711	18.05	0.2	0.875	0.011627906976744186	0.2703583061889251	27.9	multi	5	16	8	16	91	2026-09-17		120
v7f5t-92	docs/artifacts/v7f5t-92.bak	60.9	59.7	1.1	0	0.6665701550855678	1.947546071233592	14.25	0	0	0	0	18.475	3	8.60215053763441	0	0	0	0	0.42437923250564336	25.2	multi	5	16	8	16	92	2026-09-17		120
v7f5t-93	docs/artifacts/v7f5t-93.bak	49.1	48.6	0.5	0.9	1.266367352520358	3.5479407065785478	14.4	0	0.175	0	0	32.225	10	13.75	0	0.65	0.92	0.16720257234726688	0.17857142857142858	15.3	multi	5	16	8	16	93	2026-09-17		120
v7f80-35	docs/artifacts/v7f80-35.bak	41.9	39	3	2.1	1.4143887856274322	4.113971179048841	14.475	0.05	0	0	0	38.35	9	11.235955056179778	18	0	0	0.07889546351084813	0.27702702702702703	14.4	multi	5	16	8	18	35	2026-09-14		120
v7fix-31	docs/artifacts/v7fix-31.bak	39.2	38.2	1	0.4	1.0824706148190562	2.9519637144776203	15.65	2.8	0.125	0	0	28.7	9	15.730337078651685	12.375	0.925	0.8709677419354839	0	0.27946127946127947	28.6	multi	5	16	8	15	41	2026-09-14		120
v7fix-32	docs/artifacts/v7fix-32.bak	39.2	38.2	1	0.4	1.0824706148190562	2.9519637144776203	15.65	2.8	0.125	0	0	28.7	9	15.730337078651685	12.375	0.925	0.8709677419354839	0	0.27946127946127947	28.6	multi	5	16	8	15	41	2026-09-14		120
v7fix1-31	docs/artifacts/v7fix1-31.bak	56.6	56.1	0.5	0	1.2637613939901324	3.5387069568395013	14.325	0	1.7	0	0	28.425	6	17.24137931034483	0.625	1.05	0.9523809523809523	0	0.2797427652733119	17.3	multi	5	16	8	17	31	2026-09-19		120
v7fix1-81	docs/artifacts/v7fix1-81.bak	57.2	55.9	1.3	1.8	1.63061170449872	5.106997736747721	15.25	5.25	2.05	0	0	29.625	12	17.391304347826086	7.675	17.775	0.7712121212121212	0	0.08148148148148149	16.8	multi	5	16	8	17	81	2026-09-19		120
v7fix1-82	docs/artifacts/v7fix1-82.bak	42.8	42.1	0.7	0.1	1.3106904622197528	3.708733568778747	15.7	0	0	0	0	29.7	6	13.580246913580249	19.8	2.375	0.4787234042553192	0	0.2613240418118467	14.7	multi	5	16	8	17	82	2026-09-19		120
v7fix1-91	docs/artifacts/v7fix1-91.bak	37.5	37.3	0.3	2.1	1.039364014644055	2.827418245817495	14.575	0	0	0	0	40.6	7	7.142857142857142	10.775	47.4	0.9899630216587427	0	0.26490066225165565	14.7	multi	5	16	8	17	91	2026-09-19		120
v7fix1-92	docs/artifacts/v7fix1-92.bak	35.6	35.2	0.4	1.4	1.4055628549345291	4.077821317300797	14.925	0.2	0	0	0	46.8	11	22.72727272727273	0	26.125	0.9770114942528736	0.48125	0.034055727554179564	41	multi	5	16	8	17	92	2026-09-19		120
v7fix1-93	docs/artifacts/v7fix1-93.bak	41.5	39.4	2.1	16.5	0.7517665133869121	2.1207430305508677	18.275	18.2	0	0	0	11.825	3	17.241379310344826	0	0	0	0	0.0975609756097561	6	multi	5	16	8	17	93	2026-09-19		120
v7force-32	docs/artifacts/v7force-32.bak	29.6	28	1.5	0	1.5018862375738342	4.490150578355195	14.275	0	0.05	0	0	31.85	7	9.782608695652174	0	0	0	0.27586206896551724	0.32142857142857145	31	multi	5	16	8	18	32	2026-09-14		120
v7force-34	docs/artifacts/v7force-34.bak	48.2	47.8	0.5	2.8	1.495909939522671	4.463396126125131	14.8	1.15	0	0	0	25.825	9	8.695652173913043	11.875	0.625	1	0	0.25666666666666665	17.9	multi	5	16	8	18	34	2026-09-14		120
v7force2-35	docs/artifacts/v7force2-35.bak	44.6	42.6	1.9	2.1	1.3468819812787447	3.845416737227006	14.825	4.65	0	0	0	25.125	9	7.216494845360826	17.925	0.825	1	0	0.2807017543859649	16.4	multi	5	16	8	18	35	2026-09-14		120
v7g-35	docs/artifacts/v7g-35.bak	34.8	33	1.7	0	1.480853328556109	4.3966959067735605	12.85	0	0.4	0	0	23.95	7	10.416666666666666	0	0	0	0.43125	0.30236220472440944	23.5	multi	5	16	8	12	35	2026-09-13		120
v7gf1-31	docs/artifacts/v7gf1-31.bak	40.9	39.9	1	2.2	1.0923258434455323	2.981199819399299	16.8	16	0	0	0	13.45	4	11.25	4.225	0	0	0	0.26855123674911663	9.8	multi	5	16	8	22	31	2026-09-19		120
v7gf1-81	docs/artifacts/v7gf1-81.bak	47.1	46	1.1	0.1	0.9859080716817219	2.6802446339505797	13.95	0.05	0.05	0	0	18.05	7	11.224489795918368	18.7	0.025	0	0	0.37777777777777777	12.3	multi	5	16	8	22	81	2026-09-19		120
v7gf1-82	docs/artifacts/v7gf1-82.bak	42	41.3	0.8	0.1	1.6634486036369378	5.277479433076878	14.15	0	0	0	0	33.8	7	14.285714285714285	2.45	2.725	0.9174311926605505	0.1509433962264151	0.3289902280130293	21.5	multi	5	16	8	22	82	2026-09-19		120
v7gf1-91	docs/artifacts/v7gf1-91.bak	44.8	43.3	1.6	0	2.0344713164221297	7.648207574684176	14.275	0	0.125	0	0	34.9	15	13.48314606741573	2.9	0	0	0.24632352941176472	0.22507122507122507	16.8	multi	5	16	8	22	91	2026-09-19		120
v7gf1-92	docs/artifacts/v7gf1-92.bak	42.3	41.9	0.5	0	1.6839041852245706	5.386545041414323	13.65	0	0.525	0	0	33.45	11	16.483516483516485	2.575	40.4	0.9832920792079208	0.25	0.2037037037037037	16	multi	5	16	8	22	92	2026-09-19		120
v7gf1-93	docs/artifacts/v7gf1-93.bak	47.9	46.6	1.3	0	1.343944928952042	3.8341391166396726	14.825	0	0	0	0	43.375	7	7.3529411764705905	9.45	0.05	1	0	0.27697841726618705	27.9	multi	5	16	8	22	93	2026-09-19		120
v7iso1-31	docs/artifacts/v7iso1-31.bak	42.8	42.1	0.7	0	0.819435012243847	2.269217395240063	14.5	0	0	0	0	28.225	3	10.256410256410255	19.35	0	0	0	0.3217993079584775	25.6	multi	5	16	8	16	31	2026-09-17		120
v7iso1-81	docs/artifacts/v7iso1-81.bak	45.6	45.2	0.4	3.2	1.2761817621616394	3.5829330839393707	14.9	0	0	0	0	40.15	4	11.76470588235294	14.575	0	0	0	0.2697841726618705	26.1	multi	5	16	8	16	81	2026-09-17		120
v7iso1-82	docs/artifacts/v7iso1-82.bak	60.1	59.3	0.8	0.1	0.12792658264392842	1.136469563043564	14.8	0	0	0	0	34.425	6	12.345679012345679	17.5	0	0	0	0.2773972602739726	13.4	multi	5	16	8	16	82	2026-09-17		120
v7iso1-91	docs/artifacts/v7iso1-91.bak	44.8	44.3	0.5	0	0.2654282667993334	1.3039893115403185	14.525	0	0	0	0	40.775	5	4.8192771084337345	15.4	4.65	0.978494623655914	0	0.299625468164794	17.9	multi	5	16	8	16	91	2026-09-17		120
v7iso1-92	docs/artifacts/v7iso1-92.bak	47	46.3	0.6	0	1.774846363911811	5.89937470983771	14.15	0	0.275	0	0	29.575	14	9.375	20	12.125	0.9833333333333333	0.02127659574468085	0.22666666666666666	18.4	multi	5	16	8	16	92	2026-09-17		120
v7iso1-93	docs/artifacts/v7iso1-93.bak	45.5	44.7	0.8	0.5	0.9877300082085939	2.6851323207256237	14.225	0.025	0	0	0	34.875	11	18.29268292682927	8.775	3.225	0.9689922480620154	0	0.07168458781362007	17.2	multi	5	16	8	16	93	2026-09-17		120
v7l2a-81	docs/artifacts/v7l2a-81.bak	56	55.7	0.3	0.4	1.7636299734135956	5.833574728382617	14.75	0	0	0	0	22.95	10	9.30232558139535	1.95	0.975	0.2702702702702703	0.175	0.2801418439716312	12	multi	5	16	8	17	81	2026-09-18		120
v7l2c-101	docs/artifacts/v7l2c-101.bak	46.5	46.1	0.5	0	1.1089217615512013	3.031088395783305	14.35	0.1	0.15	0	0	24.675	10	5.617977528089888	17.825	3.475	0.9712230215827338	0	0.2903225806451613	15.5	multi	5	16	8	17	101	2026-09-18		120
v7l2c-102	docs/artifacts/v7l2c-102.bak	47.9	47	0.9	0.9	0.8459331372277485	2.330151151187334	14.375	0.2	0	0	0	33.25	8	9.638554216867469	8.275	2.35	0.9893617021276596	0.006289308176100629	0.1948529411764706	14.3	multi	5	16	8	17	102	2026-09-18		120
v7l2c-103	docs/artifacts/v7l2c-103.bak	48.8	47.5	1.3	0.3	1.6278973997020092	5.093154584061006	14.65	0	0	0	0	27.9	10	13.157894736842104	15.275	4.15	0.5542168674698795	0	0.2589928057553957	16	multi	5	16	8	17	103	2026-09-18		120
v7l2c-111	docs/artifacts/v7l2c-111.bak	43.5	41.9	1.7	0	1.4554702987673154	4.2864989267918805	13.575	0	0.05	0	0	27.25	11	15.662650602409638	0	0.75	0.6333333333333333	0.012578616352201259	0.29347826086956524	14.6	multi	5	16	8	17	111	2026-09-18		120
v7l2c-114	docs/artifacts/v7l2c-114.bak	54	52.9	1.1	0	1.1514802427683146	3.162871263600815	14.2	0	0	0	0	22.8	4	9.375	18	0	0	0	0.34098360655737703	18	multi	5	16	8	17	114	2026-09-18		120
v7l2c-124	docs/artifacts/v7l2c-124.bak	44.4	43.2	1.1	0	0.8552144693146749	2.3518787323089003	14.575	0	0	0	0	33.7	4	9.876543209876543	16.1	0.125	0.8	0	0.267515923566879	16	multi	5	16	8	17	124	2026-09-18		120
v7l2c-141	docs/artifacts/v7l2c-141.bak	50.1	48.7	1.5	0.7	0.0675245407708589	1.0698565143793157	14.775	0	0	0	0	36.85	3	15.789473684210524	20	0	0	0	0.27184466019417475	22.7	multi	5	16	8	17	141	2026-09-18		120
v7l2c-142	docs/artifacts/v7l2c-142.bak	43.2	42.8	0.5	2.9	0.8947359832228612	2.4466897370426923	14.5	0.2	0	0	0	35.825	6	13.333333333333334	16.75	0.025	0	0	0.27526132404181186	24.6	multi	5	16	8	17	142	2026-09-18		120
v7l2c-143	docs/artifacts/v7l2c-143.bak	57	56	1	0.1	1.483770004812548	4.409538364873705	13.975	0	0.025	0	0	24.35	9	10.989010989010987	16.925	0.375	1	0.023255813953488372	0.2923076923076923	16.6	multi	5	16	8	17	143	2026-09-18		120
v7l2c-144	docs/artifacts/v7l2c-144.bak	51.9	51.8	0.1	0	1.0629775599819427	2.8949781398130026	14.6	0	0	0	0	37.3	4	8.333333333333332	18.05	18.675	0.8835341365461847	0	0.2852112676056338	19.4	multi	5	16	8	17	144	2026-09-18		120
v7l2c-145	docs/artifacts/v7l2c-145.bak	56.4	56.1	0.2	0	0.4821429355459357	1.6195412587726277	14.9	0	0	0	0	45.15	2	16.923076923076923	18.025	0	0	0	0.28776978417266186	16.9	multi	5	16	8	17	145	2026-09-18		120
v7l2c-146	docs/artifacts/v7l2c-146.bak	36.2	34.2	2	0	0.6712465009939467	1.9566747982420436	14.425	0	0	0	0	43.175	3	7.3170731707317085	0	0	0	0	0.33093525179856115	14.8	multi	5	16	8	17	146	2026-09-18		120
v7l2c-147	docs/artifacts/v7l2c-147.bak	49.7	49	0.7	0	0.6280187845319073	1.8738943107216062	14.875	0	0	0	0	43.675	4	4.615384615384617	18.025	0	0	0	0.29537366548042704	17.5	multi	5	16	8	17	147	2026-09-18		120
v7l2c-148	docs/artifacts/v7l2c-148.bak	57.8	56.9	0.9	0	1.0888344840318678	2.970809528021079	14.475	0	0	0	0	27.325	3	5	18	0	0	0	0.3504531722054381	18.2	multi	5	16	8	17	148	2026-09-18		120
v7l2c-149	docs/artifacts/v7l2c-149.bak	51	50.9	0.2	0.4	0.7472116356011765	2.1111052713023164	14.575	0.3	0	0	0	31.15	10	11.363636363636365	15.625	0.4	0.8666666666666667	0	0.3003533568904594	17.4	multi	5	16	8	17	149	2026-09-18		120
v7l2c-150	docs/artifacts/v7l2c-150.bak	40.2	38.6	1.6	0	1.089545116188437	2.97292143110698	14.075	0	0	0	0	29.475	4	7.5	16	0	0	0	0.30063291139240506	27	multi	5	16	8	17	150	2026-09-18		120
v7l2c-151	docs/artifacts/v7l2c-151.bak	49	48.4	0.6	0	1.196319324527222	3.307919111674961	14.725	0	0.075	0	0	38.575	10	7.8125	15.575	1.35	0.9814814814814815	0.05093833780160858	0.2608695652173913	19.4	multi	5	16	8	17	151	2026-09-18		120
v7l2c-152	docs/artifacts/v7l2c-152.bak	45.7	44.9	0.9	0	0.8322249824696497	2.2984270150621318	14.35	0	0	0	0	28.175	3	10.588235294117649	0	0	0	0	0.41853932584269665	21.1	multi	5	16	8	17	152	2026-09-18		120
v7l2c-31	docs/artifacts/v7l2c-31.bak	51.5	49.9	1.6	0	0.3623574482245911	1.436712400484267	14.875	0	0.175	0	0	36.1	4	9.859154929577466	16	0.375	1	0	0.26245847176079734	19.5	multi	5	16	8	17	31	2026-09-18		120
v7l2c-82	docs/artifacts/v7l2c-82.bak	55.4	54.8	0.6	0.2	1.3794195673650953	3.972595134316326	15.05	1.95	0	0	0	23.2	7	16.16161616161616	18.175	3.575	0.8467153284671532	0	0.3047619047619048	13.2	multi	5	16	8	17	82	2026-09-18		120
v7l2c-91	docs/artifacts/v7l2c-91.bak	50.4	49.7	0.7	0	1.4259990394402662	4.1620137823560635	14.475	0	0.05	0	0	42.425	11	20.253164556962027	1.975	0.125	1	0.08171206225680934	0.22259136212624583	16.2	multi	5	16	8	17	91	2026-09-18		120
v7l2c-93	docs/artifacts/v7l2c-93.bak	58.7	58.4	0.3	0	1.427423335330871	4.167945945057551	14.6	0	0	0	0	32.15	8	15.116279069767442	1	0.125	1	0.0010416666666666667	0.3470790378006873	12.1	multi	5	16	8	17	93	2026-09-18		120
v7l2f-101	docs/artifacts/v7l2f-101.bak	30.1	29.4	0.8	0	1.2656681230285316	3.545460748932061	14.075	0	0	0	0	18.775	4	5.319148936170212	0	0	0	0.3407821229050279	0.4351851851851852	13.9	multi	5	16	8	17	101	2026-09-18		120
v7l2f-102	docs/artifacts/v7l2f-102.bak	59.7	56.9	2.8	0	1.0033519359433476	2.727408622693506	14.25	0	0	0	0	33.7	9	10.752688172043008	18.175	0	0	0	0.28169014084507044	16	multi	5	16	8	17	102	2026-09-18		120
v7l2f-106	docs/artifacts/v7l2f-106.bak	40.5	38.9	1.7	0	1.383106435318965	3.9872686009563396	14.4	0	0	0	0	35.05	9	7.692307692307692	18.35	0.05	1	0.22012578616352202	0.4081967213114754	32.9	multi	5	16	8	17	106	2026-09-18		120
v7l2f-141	docs/artifacts/v7l2f-141.bak	48	46.7	1.3	0	2.0051036872542136	7.426863927964033	14.2	0	0.15	0	0	27.15	12	8.421052631578949	17.55	0.025	1	0.3125	0.2727272727272727	15.7	multi	5	16	8	17	141	2026-09-18		120
v7l2f-142	docs/artifacts/v7l2f-142.bak	35.3	32.4	3	0	1.1253120404323629	3.0811781510901115	14.85	0	0	0	0	43.075	4	16.883116883116884	0	0	0	0.29239130434782606	0.4380165289256198	37.4	multi	5	16	8	17	142	2026-09-18		120
v7l2f-143	docs/artifacts/v7l2f-143.bak	43.1	42.4	0.8	0.3	0.8671681466382835	2.380161033760289	13.75	0	0.025	0	0	22.225	11	6.666666666666664	0	1.675	0.7014925373134329	0	0.4223744292237443	15.7	multi	5	16	8	17	143	2026-09-18		120
v7l2f-144	docs/artifacts/v7l2f-144.bak	32.9	31.5	1.4	0	1.402487185268544	4.0652985537856505	14.5	0	0	0	0	38.2	7	11.53846153846154	0	0	0	0.12253521126760564	0.30177514792899407	34.5	multi	5	16	8	17	144	2026-09-18		120
v7l2f-145	docs/artifacts/v7l2f-145.bak	52.3	52	0.3	0	1.4735079325954452	4.364518756052107	14.125	0	1.175	0	0	28.975	11	21.27659574468085	18.1	1.05	0.6666666666666666	0.1957547169811321	0.2210144927536232	16.8	multi	5	16	8	17	145	2026-09-18		120
v7l2f-146	docs/artifacts/v7l2f-146.bak	55.2	54.5	0.7	0	0.5222922834170753	1.685887756326294	14.625	0	0	0	0	39.8	3	8.536585365853659	18.025	0	0	0	0.2996389891696751	15.5	multi	5	16	8	17	146	2026-09-18		120
v7l2f-147	docs/artifacts/v7l2f-147.bak	31	30.4	0.5	0	0.6821135474514407	1.9780540283261887	14.425	0	0	0	0	24.85	7	7.692307692307692	0	0	0	0.061872909698996656	0.4538606403013183	28.2	multi	5	16	8	17	147	2026-09-18		120
v7l2f-148	docs/artifacts/v7l2f-148.bak	31.5	30.4	1.1	0.2	0.1627433057484006	1.1767345899115993	13.925	0	0.025	0	0	40.675	8	5.434782608695652	0	0	0	0.03529411764705882	0.4837310195227766	38.9	multi	5	16	8	17	148	2026-09-18		120
v7l2f-149	docs/artifacts/v7l2f-149.bak	51.3	49.9	1.5	0	0.920680969954413	2.5109997232349963	14.875	0	0	0	0	39.9	7	12.857142857142856	0	0.05	0.5	0.016059957173447537	0.3754152823920266	23.3	multi	5	16	8	17	149	2026-09-18		120
v7l2f-150	docs/artifacts/v7l2f-150.bak	43.1	42.7	0.4	0	1.1378637579196156	3.1200959605021383	14.375	0	2.8	0	0	42.375	13	9.638554216867469	10.9	53.2	0.9859022556390977	0	0.2147887323943662	20.3	multi	5	16	8	17	150	2026-09-18		120
v7l2f-151	docs/artifacts/v7l2f-151.bak	28	25.9	2.1	0	1.489517272632206	4.434954128458619	13.425	0	1.525	0	0	32.3	7	4.347826086956523	0	0	0	0.12743362831858407	0.3767123287671233	27.8	multi	5	16	8	17	151	2026-09-18		120
v7l2f-152	docs/artifacts/v7l2f-152.bak	51.4	50.7	0.7	0	0.7610168313961536	2.1404515926974095	14.9	0	0	0	0	39.6	3	12.5	18.425	0	0	0	0.28719723183391005	14.8	multi	5	16	8	17	152	2026-09-18		120
v7l2f-31	docs/artifacts/v7l2f-31.bak	31.6	29.4	2.1	0	0.47466574592818567	1.6074768020110541	14.775	0	0	0	0	30.975	6	8.695652173913043	0	0	0	0.04270109235352532	0.36666666666666664	18.9	multi	5	16	8	17	31	2026-09-18		120
v7l2f-81	docs/artifacts/v7l2f-81.bak	35.5	33.9	1.5	0	1.3791934477564274	3.9716969542110525	13.825	0	0.25	0	0	28.525	6	4.49438202247191	0	0	0	0.43568464730290457	0.36674816625916873	21.5	multi	5	16	8	17	81	2026-09-18		120
v7l2f-82	docs/artifacts/v7l2f-82.bak	49.6	49.3	0.4	0	1.089396202211025	2.9724787545133244	14.625	0	0	0	0	33.475	5	7.2289156626506	10.375	0.05	1	0	0.2642857142857143	22.9	multi	5	16	8	17	82	2026-09-18		120
v7l2h-106	docs/artifacts/v7l2h-106.bak	45.1	44.8	0.4	2.9	1.6182831639442732	5.044422431713233	14.675	1.7	2.75	0	0	27.5	10	7.954545454545453	17.025	0.725	0.96	0	0.2705479452054795	17.5	multi	5	16	8	17	106	2026-09-18		120
v7l2h-81	docs/artifacts/v7l2h-81.bak	51.7	50.7	1	0	1.388028211022402	4.006941415557429	14.775	0	0.025	0	0	37.575	9	10.769230769230768	0	0	0	0.05625	0.28169014084507044	24.9	multi	5	16	8	17	81	2026-09-18		120
v7l2h-91	docs/artifacts/v7l2h-91.bak	50.4	49.7	0.7	0	1.4259990394402662	4.1620137823560635	14.475	0	0.05	0	0	42.425	11	20.253164556962027	1.975	0.125	1	0.08171206225680934	0.22259136212624583	16.2	multi	5	16	8	17	91	2026-09-18		120
v7l2h-93	docs/artifacts/v7l2h-93.bak	48.9	48.8	0.1	0.1	1.5129003280847608	4.539878856399333	14.775	0.2	0.975	0	0	40.375	16	12.34567901234568	1.9	43.65	0.9851088201603666	0.51875	0.22691292875989447	23.5	multi	5	16	8	17	93	2026-09-18		120
v7l2o-91	docs/artifacts/v7l2o-91.bak	51.1	50.5	0.6	0	1.27525269956105	3.579605860649356	14	0	0.225	0	0	21.8	9	13	18.075	0	0	0.06382978723404255	0.3449367088607595	18.7	multi	5	16	8	17	91	2026-09-18		120
v7l2o-92	docs/artifacts/v7l2o-92.bak	47	46.7	0.3	0	1.8138712056854773	6.134148076506899	13.525	0.05	0.225	0	0	30.675	13	12.631578947368421	15.825	0	0	0.59375	0.22508038585209003	19.8	multi	5	16	8	17	92	2026-09-18		120
v7l2o-93	docs/artifacts/v7l2o-93.bak	45	44.2	0.9	0	1.534297939634026	4.638068182814751	14.175	0	0	0	0	34.9	11	14.444444444444445	6.5	0	0	0.20260021668472372	0.255663430420712	19.4	multi	5	16	8	17	93	2026-09-18		120
v7l2s-111	docs/artifacts/v7l2s-111.bak	45.3	42.9	2.5	0.2	1.3032075837180106	3.6810851400156785	14.175	0	2.25	0	0	29.375	10	12.903225806451612	0	0	0	0.048458149779735685	0.32011331444759206	20.1	multi	5	16	8	17	111	2026-09-18		120
v7l2s-115	docs/artifacts/v7l2s-115.bak	42.3	41.8	0.5	0.5	0.1788449127168475	1.1958352709427176	15	0	0	0	0	47	2	23.076923076923077	12.4	110	1	0.08125	0.2158273381294964	18.1	multi	5	16	8	17	115	2026-09-18		120
v7l2s-82	docs/artifacts/v7l2s-82.bak	54.4	53.2	1.2	0.1	0.9749979477745712	2.651161770195423	14.625	0	0	0	0	31.75	10	8.21917808219178	1	0.275	0.7272727272727273	0.00725689404934688	0.33554817275747506	18.5	multi	5	16	8	17	82	2026-09-18		120
v7l2s-91	docs/artifacts/v7l2s-91.bak	53.9	53.2	0.7	0	1.6850385100808591	5.392658600069566	13.8	0	0	0	0	28.85	7	14.893617021276597	18.3	0	0	0.15723270440251572	0.2808219178082192	17.1	multi	5	16	8	17	91	2026-09-18		120
v7l2s-93	docs/artifacts/v7l2s-93.bak	50.3	49.3	1	0.3	1.2743515037310456	3.576381387933593	14.225	0.1	0.125	0	0	25.8	10	10.227272727272727	18.175	0.05	1	0.0880503144654088	0.254416961130742	24.1	multi	5	16	8	17	93	2026-09-18		120
v7l7-31	docs/artifacts/v7l7-31.bak	35.9	35.5	0.4	6.1	1.5685918628787565	4.7998845372203105	15.875	4.275	0	0	0	28.275	11	6.741573033707866	4.075	0.225	1	0	0.22491349480968859	30.4	multi	5	16	8	15	35	2026-09-14		120
v7l7-32	docs/artifacts/v7l7-32.bak	35.9	35.5	0.4	6.1	1.5685918628787565	4.7998845372203105	15.875	4.275	0	0	0	28.275	11	6.741573033707866	4.075	0.225	1	0	0.22491349480968859	30.4	multi	5	16	8	15	35	2026-09-14		120
v7l7-33	docs/artifacts/v7l7-33.bak	35.9	35.5	0.4	6.1	1.5685918628787565	4.7998845372203105	15.875	4.275	0	0	0	28.275	11	6.741573033707866	4.075	0.225	1	0	0.22491349480968859	30.4	multi	5	16	8	15	35	2026-09-14		120
v7l7-34	docs/artifacts/v7l7-34.bak	35.9	35.5	0.4	6.1	1.5685918628787565	4.7998845372203105	15.875	4.275	0	0	0	28.275	11	6.741573033707866	4.075	0.225	1	0	0.22491349480968859	30.4	multi	5	16	8	15	35	2026-09-14		120
v7l7-35	docs/artifacts/v7l7-35.bak	35.9	35.5	0.4	6.1	1.5685918628787565	4.7998845372203105	15.875	4.275	0	0	0	28.275	11	6.741573033707866	4.075	0.225	1	0	0.22491349480968859	30.4	multi	5	16	8	15	35	2026-09-14		120
v7l7-36	docs/artifacts/v7l7-36.bak	35.9	35.5	0.4	6.1	1.5685918628787565	4.7998845372203105	15.875	4.275	0	0	0	28.275	11	6.741573033707866	4.075	0.225	1	0	0.22491349480968859	30.4	multi	5	16	8	15	35	2026-09-14		120
v7l7-41	docs/artifacts/v7l7-41.bak	35.9	35.5	0.4	6.1	1.5685918628787565	4.7998845372203105	15.875	4.275	0	0	0	28.275	11	6.741573033707866	4.075	0.225	1	0	0.22491349480968859	30.4	multi	5	16	8	15	35	2026-09-14		120
v7l7-42	docs/artifacts/v7l7-42.bak	35.9	35.5	0.4	6.1	1.5685918628787565	4.7998845372203105	15.875	4.275	0	0	0	28.275	11	6.741573033707866	4.075	0.225	1	0	0.22491349480968859	30.4	multi	5	16	8	15	35	2026-09-14		120
v7l7-43	docs/artifacts/v7l7-43.bak	35.9	35.5	0.4	6.1	1.5685918628787565	4.7998845372203105	15.875	4.275	0	0	0	28.275	11	6.741573033707866	4.075	0.225	1	0	0.22491349480968859	30.4	multi	5	16	8	15	35	2026-09-14		120
v7l7-44	docs/artifacts/v7l7-44.bak	35.9	35.5	0.4	6.1	1.5685918628787565	4.7998845372203105	15.875	4.275	0	0	0	28.275	11	6.741573033707866	4.075	0.225	1	0	0.22491349480968859	30.4	multi	5	16	8	15	35	2026-09-14		120
v7l7-45	docs/artifacts/v7l7-45.bak	35.9	35.5	0.4	6.1	1.5685918628787565	4.7998845372203105	15.875	4.275	0	0	0	28.275	11	6.741573033707866	4.075	0.225	1	0	0.22491349480968859	30.4	multi	5	16	8	15	35	2026-09-14		120
v7l7-46	docs/artifacts/v7l7-46.bak	35.9	35.5	0.4	6.1	1.5685918628787565	4.7998845372203105	15.875	4.275	0	0	0	28.275	11	6.741573033707866	4.075	0.225	1	0	0.22491349480968859	30.4	multi	5	16	8	15	35	2026-09-14		120
v7m_noBead-31	docs/artifacts/v7m_noBead-31.bak	43.7	42.6	1	2	0.9732881439906209	2.6466326768027626	14.3	0	0	0	0	29.05	4	4.705882352941174	10.05	0	0	0	0.27697841726618705	18.4	multi	5	16	8	15	31	2026-09-14		120
v7m_noBead-32	docs/artifacts/v7m_noBead-32.bak	26	23.3	2.7	0	1.3322694260818175	3.7896339301627378	13.475	0	0	0	0	28.825	6	20.833333333333336	0	0	0	0.3333333333333333	0.2980132450331126	27.9	multi	5	16	8	15	32	2026-09-14		120
v7m2_noBead-31	docs/artifacts/v7m2_noBead-31.bak	43.7	42.6	1	2	0.9732881439906209	2.6466326768027626	14.3	0	0	0	0	29.05	4	4.705882352941174	10.05	0	0	0	0.27697841726618705	18.4	multi	5	16	8	15	31	2026-09-14		120
v7m2_noBead-32	docs/artifacts/v7m2_noBead-32.bak	26	23.3	2.7	0	1.3322694260818175	3.7896339301627378	13.475	0	0	0	0	28.825	6	20.833333333333336	0	0	0	0.3333333333333333	0.2980132450331126	27.9	multi	5	16	8	15	32	2026-09-14		120
v7m2_noBead-33	docs/artifacts/v7m2_noBead-33.bak	26	23.3	2.7	0	1.3322694260818175	3.7896339301627378	13.475	0	0	0	0	28.825	6	20.833333333333336	0	0	0	0.3333333333333333	0.2980132450331126	27.9	multi	5	16	8	15	32	2026-09-14		120
v7m2_noBead-34	docs/artifacts/v7m2_noBead-34.bak	26	23.3	2.7	0	1.3322694260818175	3.7896339301627378	13.475	0	0	0	0	28.825	6	20.833333333333336	0	0	0	0.3333333333333333	0.2980132450331126	27.9	multi	5	16	8	15	32	2026-09-14		120
v7m2_noBead-35	docs/artifacts/v7m2_noBead-35.bak	26	23.3	2.7	0	1.3322694260818175	3.7896339301627378	13.475	0	0	0	0	28.825	6	20.833333333333336	0	0	0	0.3333333333333333	0.2980132450331126	27.9	multi	5	16	8	15	32	2026-09-14		120
v7m2_noBead-36	docs/artifacts/v7m2_noBead-36.bak	26	23.3	2.7	0	1.3322694260818175	3.7896339301627378	13.475	0	0	0	0	28.825	6	20.833333333333336	0	0	0	0.3333333333333333	0.2980132450331126	27.9	multi	5	16	8	15	32	2026-09-14		120
v7m2_noEffects-31	docs/artifacts/v7m2_noEffects-31.bak	41.1	40.3	0.9	1.4	1.5594569503522264	4.756237670505004	16.7	4.75	0.025	0	0	18.025	8	5.376344086021504	1	0	0	0	0.3233333333333333	18.2	multi	5	16	8	15	36	2026-09-14		120
v7m2_noEffects-32	docs/artifacts/v7m2_noEffects-32.bak	41.1	40.3	0.9	1.4	1.5594569503522264	4.756237670505004	16.7	4.75	0.025	0	0	18.025	8	5.376344086021504	1	0	0	0	0.3233333333333333	18.2	multi	5	16	8	15	36	2026-09-14		120
v7m2_noEffects-33	docs/artifacts/v7m2_noEffects-33.bak	39.7	39	0.6	0	1.1747090378139227	3.2372009037438594	14.225	0.05	7.4	0	0	18.15	5	10.638297872340425	1	0	0	0	0.3157894736842105	16.3	multi	5	16	8	15	33	2026-09-14		120
v7m2_noEffects-34	docs/artifacts/v7m2_noEffects-34.bak	39.7	39	0.6	0	1.1747090378139227	3.2372009037438594	14.225	0.05	7.4	0	0	18.15	5	10.638297872340425	1	0	0	0	0.3157894736842105	16.3	multi	5	16	8	15	33	2026-09-14		120
v7m2_noEffects-35	docs/artifacts/v7m2_noEffects-35.bak	39.7	39	0.6	0	1.1747090378139227	3.2372009037438594	14.225	0.05	7.4	0	0	18.15	5	10.638297872340425	1	0	0	0	0.3157894736842105	16.3	multi	5	16	8	15	33	2026-09-14		120
v7m2_noEffects-36	docs/artifacts/v7m2_noEffects-36.bak	39.7	39	0.6	0	1.1747090378139227	3.2372009037438594	14.225	0.05	7.4	0	0	18.15	5	10.638297872340425	1	0	0	0	0.3157894736842105	16.3	multi	5	16	8	15	33	2026-09-14		120
v7m2_noTarget-31	docs/artifacts/v7m2_noTarget-31.bak	26	23.3	2.7	0	1.3322694260818175	3.7896339301627378	13.475	0	0	0	0	28.825	6	20.833333333333336	0	0	0	0.3333333333333333	0.2980132450331126	27.9	multi	5	16	8	15	32	2026-09-14		120
v7m2_noTarget-32	docs/artifacts/v7m2_noTarget-32.bak	26	23.3	2.7	0	1.3322694260818175	3.7896339301627378	13.475	0	0	0	0	28.825	6	20.833333333333336	0	0	0	0.3333333333333333	0.2980132450331126	27.9	multi	5	16	8	15	32	2026-09-14		120
v7m2_noTarget-33	docs/artifacts/v7m2_noTarget-33.bak	26	23.3	2.7	0	1.3322694260818175	3.7896339301627378	13.475	0	0	0	0	28.825	6	20.833333333333336	0	0	0	0.3333333333333333	0.2980132450331126	27.9	multi	5	16	8	15	32	2026-09-14		120
v7m2_noTarget-34	docs/artifacts/v7m2_noTarget-34.bak	26	23.3	2.7	0	1.3322694260818175	3.7896339301627378	13.475	0	0	0	0	28.825	6	20.833333333333336	0	0	0	0.3333333333333333	0.2980132450331126	27.9	multi	5	16	8	15	32	2026-09-14		120
v7m2_noTarget-35	docs/artifacts/v7m2_noTarget-35.bak	43.2	42.5	0.8	3.1	1.858926023509005	6.416841532477308	14.3	0.05	0	0	0	33.2	17	11.363636363636363	1.45	1.2	0.9583333333333334	0.00625	0.3288590604026846	31	multi	5	16	8	15	35	2026-09-14		120
v7m2_noTarget-36	docs/artifacts/v7m2_noTarget-36.bak	41.1	40.3	0.9	1.4	1.5594569503522264	4.756237670505004	16.7	4.75	0.025	0	0	18.025	8	5.376344086021504	1	0	0	0	0.3233333333333333	18.2	multi	5	16	8	15	36	2026-09-14		120
v7n1-31	docs/artifacts/v7n1-31.bak	56.2	55.9	0.3	0.1	1.4201803856978918	4.137866784922198	14.65	0	0	0	0	36.275	8	22.5	18.125	0.125	1	0.03710575139146568	0.2535211267605634	19.9	multi	5	16	8	22	31	2026-09-20		120
v7n1-82	docs/artifacts/v7n1-82.bak	52.9	51.6	1.3	0.7	1.2409265387297421	3.458816708208195	14.85	0.1	0.025	0	0	40.7	10	21.794871794871792	14.85	0.05	1	0	0.26501766784452296	20.3	multi	5	16	8	22	82	2026-09-20		120
v7n1-93	docs/artifacts/v7n1-93.bak	44	43.9	0.1	1.3	1.5720685939794892	4.81660148840377	14.45	0.95	0.875	0	0	27.35	9	16.326530612244902	18	0	0	0.02145922746781116	0.2647058823529412	19.2	multi	5	16	8	22	93	2026-09-20	历代上槽	120
v7new1-31	docs/artifacts/v7new1-31.bak	55.3	54.5	0.8	1	1.4167550697421323	4.1237175304687	14.675	0.1	0	0	0	34.95	6	7.5	12.425	10.475	0.9559902200488998	0	0.2624113475177305	13.6	multi	5	16	8	16	31	2026-09-18		120
v7new1-81	docs/artifacts/v7new1-81.bak	56.9	56.6	0.3	0.5	0.8543287155886884	2.349796469280945	14.9	0.15	0	0	0	40.35	6	10.000000000000002	17.175	0.1	0.6666666666666666	0	0.2647058823529412	16.4	multi	5	16	8	16	81	2026-09-18		120
v7new1-82	docs/artifacts/v7new1-82.bak	54.8	53	1.8	0.8	0.7268331692658764	2.068519572956436	14.575	0.05	0	0	0	31.65	8	11.39240506329114	18.025	0.375	0	0	0.28040540540540543	29.1	multi	5	16	8	16	82	2026-09-18		120
v7new1-91	docs/artifacts/v7new1-91.bak	52.9	51.7	1.1	0	0.8414453430453945	2.3197173423120763	14.775	0	0	0	0	35.15	4	3.9473684210526336	18.65	0	0	0	0.28975265017667845	14.3	multi	5	16	8	16	91	2026-09-18		120
v7new1-92	docs/artifacts/v7new1-92.bak	59.4	59	0.4	0	1.0401626338691545	2.829677178279387	15	0	0	0	0	39	3	11.76470588235294	0	0	0	0	0.3875	21.6	multi	5	16	8	16	92	2026-09-18		120
v7new1-93	docs/artifacts/v7new1-93.bak	45.5	45	0.6	3.6	0.86152861533979	2.366775819757206	14.275	0	0	0	0	39.825	6	17.441860465116278	17.075	0.05	1	0	0.26022304832713755	17.2	multi	5	16	8	16	93	2026-09-18		120
v7new2-31	docs/artifacts/v7new2-31.bak	37.4	36.3	1.1	0	1.1976656490172823	3.312375643481949	14.6	0	0.025	0	0	30.725	7	10.843373493975902	20	0	0	0.012779552715654952	0.3268608414239482	14.9	multi	5	16	8	17	31	2026-09-18		120
v7new2-81	docs/artifacts/v7new2-81.bak	51.3	50.6	0.7	1.3	1.0432771627684052	2.838504028231071	14.625	0	0	0	0	39.125	8	8.219178082191778	0	0	0	0	0.2597864768683274	17.4	multi	5	16	8	17	81	2026-09-18		120
v7new2-82	docs/artifacts/v7new2-82.bak	41.6	41.1	0.6	0.3	0.8725808630451389	2.3930790998138143	14.4	0.95	0	0	0	31.625	7	8.139534883720929	1.9	0	0	0	0.2841726618705036	23.3	multi	5	16	8	17	82	2026-09-18		120
v7new2-91	docs/artifacts/v7new2-91.bak	46.2	45.2	1.1	0	1.081612156930476	2.9494306653536864	14.375	0	0.35	0	0	33.25	11	14.634146341463415	16.95	0.1	1	0	0.30666666666666664	22.1	multi	5	16	8	17	91	2026-09-18		120
v7new2-92	docs/artifacts/v7new2-92.bak	44.5	41.4	3.1	0	0.8206397348579106	2.271952820135611	14.175	0	0	0	0	18.55	8	6.666666666666664	1.125	0	0	0	0.26666666666666666	15.1	multi	5	16	8	17	92	2026-09-18		120
v7new2-93	docs/artifacts/v7new2-93.bak	50.3	49.3	1	0	1.8935106693817287	6.642647934970646	13.625	0	4.275	0	0	22.775	8	9.09090909090909	7.95	0	0	0.15693430656934307	0.32908163265306123	16.6	multi	5	16	8	17	93	2026-09-18		120
v7new3-31	docs/artifacts/v7new3-31.bak	47.9	47.3	0.5	0	1.3853818700242537	3.9963517003910494	14.1	0	0	0	0	22.55	9	23.80952380952381	0	3.175	0.4094488188976378	0.0036101083032490976	0.3205574912891986	12.4	multi	5	16	8	17	31	2026-09-18		120
v7new3-81	docs/artifacts/v7new3-81.bak	51.3	50.6	0.7	1.3	1.0432771627684052	2.838504028231071	14.625	0	0	0	0	39.125	8	8.219178082191778	0	0	0	0	0.2597864768683274	17.4	multi	5	16	8	17	81	2026-09-18		120
v7new3-82	docs/artifacts/v7new3-82.bak	41.6	41.1	0.6	0.3	0.8725808630451389	2.3930790998138143	14.4	0.95	0	0	0	31.625	7	8.139534883720929	1.9	0	0	0	0.2841726618705036	23.3	multi	5	16	8	17	82	2026-09-18		120
v7new3-91	docs/artifacts/v7new3-91.bak	46.2	45.2	1.1	0	1.081612156930476	2.9494306653536864	14.375	0	0.35	0	0	33.25	11	14.634146341463415	16.95	0.1	1	0	0.30666666666666664	22.1	multi	5	16	8	17	91	2026-09-18		120
v7new3-92	docs/artifacts/v7new3-92.bak	44.5	41.4	3.1	0	0.8206397348579106	2.271952820135611	14.175	0	0	0	0	18.55	8	6.666666666666664	1.125	0	0	0	0.26666666666666666	15.1	multi	5	16	8	17	92	2026-09-18		120
v7new3-93	docs/artifacts/v7new3-93.bak	50.3	49.3	1	0	1.8935106693817287	6.642647934970646	13.625	0	4.275	0	0	22.775	8	9.09090909090909	7.95	0	0	0.15693430656934307	0.32908163265306123	16.6	multi	5	16	8	17	93	2026-09-18		120
v7new4-31	docs/artifacts/v7new4-31.bak	47.5	46.5	1	0.2	1.0627485337320777	2.8943151897455817	14.2	0.2	0	0	0	23	11	5.494505494505493	18.775	0.125	0.75	0	0.3287671232876712	16.5	multi	5	16	8	17	31	2026-09-18		120
v7new4-81	docs/artifacts/v7new4-81.bak	60.8	60.1	0.8	0	0.49149117186888536	1.6347520996900027	15	0	0	0	0	45	3	10.97560975609756	16.05	0.25	1	0	0.266025641025641	26.8	multi	5	16	8	17	81	2026-09-18		120
v7new4-82	docs/artifacts/v7new4-82.bak	53.5	53.2	0.3	0.5	0.5467620088976509	1.727649836438812	14.95	0	0	0	0	44.25	2	5.555555555555554	1	0	0	0	0.28214285714285714	13.7	multi	5	16	8	17	82	2026-09-18		120
v7new4-91	docs/artifacts/v7new4-91.bak	47.4	47.1	0.3	7.1	2.3183546864150077	10.158945896414659	14.475	6.35	0.075	0	0	24.5	21	16.842105263157897	13.1	2.4	0.9375	0	0.17857142857142858	26	multi	5	16	8	17	91	2026-09-18		120
v7new4-92	docs/artifacts/v7new4-92.bak	46.9	44.6	2.3	0.1	0.05320715314662538	1.054648096163867	14.575	0	0	0	0	37.625	2	13.75	20	0	0	0	0.27335640138408307	18.4	multi	5	16	8	17	92	2026-09-18		120
v7new4-93	docs/artifacts/v7new4-93.bak	47.5	46.9	0.7	0.2	0.08769870376281866	1.0916591596760317	14.9	0.15	0	0	0	36.225	7	12.67605633802817	17.65	1.075	0.9534883720930233	0	0.26595744680851063	29	multi	5	16	8	17	93	2026-09-18		120
v7new5_005-31	docs/artifacts/v7new5_005-31.bak	45.6	45.3	0.3	0	1.9474170936154112	7.010556564001307	14.775	0	2.725	0	0	40.85	11	5.970149253731346	0.3	0	0	0.06875	0.1686746987951807	31.6	multi	5	16	8	17	31	2026-09-18	历代上槽	120
v7new5_005-81	docs/artifacts/v7new5_005-81.bak	48.4	48	0.4	0	1.190417431010735	3.2884536234384663	14.125	0	0	0	0	18.45	4	8.602150537634408	18	9.575	0.9477806788511749	0	0.4297994269340974	13.7	multi	5	16	8	17	81	2026-09-18		120
v7new5_005-82	docs/artifacts/v7new5_005-82.bak	50.2	48.2	2	0	0.8331803231830274	2.300623845159881	14.675	0	0.15	0	0	41.8	5	19.277108433734938	18.1	0	0	0	0.2692307692307692	15.8	multi	5	16	8	17	82	2026-09-18		120
v7new5_005-91	docs/artifacts/v7new5_005-91.bak	47.8	47.2	0.7	3.4	1.1803732396768445	3.25558909117364	14.825	0.1	0.1	0	0	40.775	14	2.7027027027027017	14.525	2.475	0.7391304347826086	0	0.237012987012987	23.3	multi	5	16	8	17	91	2026-09-18		120
v7new5_005-92	docs/artifacts/v7new5_005-92.bak	46.7	46.5	0.2	4.9	1.4989591470730312	4.47702671798391	15.8	11.95	0	0	0	18.875	14	25.252525252525256	0.9	0.025	0	0	0.13432835820895522	15.7	multi	5	16	8	17	92	2026-09-18		120
v7new5_005-93	docs/artifacts/v7new5_005-93.bak	56.7	56.1	0.6	0.1	0.9089296888814751	2.48166495782537	15.45	1.4	0	0	0	39.425	7	7.594936708860761	0	0.05	1	0	0.26277372262773724	32.5	multi	5	16	8	17	93	2026-09-18		120
v7new5_01-31	docs/artifacts/v7new5_01-31.bak	51.2	50.4	0.8	0	0.6448140355632096	1.9056326164226087	14.675	0	0.2	0	0	41.975	5	8.536585365853659	18.025	0	0	0	0.3178082191780822	29.9	multi	5	16	8	17	31	2026-09-18		120
v7new5_01-81	docs/artifacts/v7new5_01-81.bak	53	51.7	1.3	4.7	1.2731239941011179	3.571994038647257	14.875	0.1	0	0	0	39.375	11	14.1025641025641	4.55	0	0	0	0.26666666666666666	22.6	multi	5	16	8	17	81	2026-09-18		120
v7new5_01-82	docs/artifacts/v7new5_01-82.bak	38.3	37.1	1.3	0	0.5979205768516387	1.8183337810701772	14.625	0	0.125	0	0	38.3	4	10.169491525423728	0	2.775	1	0	0.30625	20.6	multi	5	16	8	17	82	2026-09-18		120
v7new5_01-91	docs/artifacts/v7new5_01-91.bak	38.2	37.9	0.3	0	1.0228058988588713	2.780986994981596	14.25	0	0.025	0	0	38.125	13	16.949152542372882	1	67.4	0.9992581602373887	0.13986013986013987	0.2074074074074074	17	multi	5	16	8	17	91	2026-09-18		120
v7new5_01-92	docs/artifacts/v7new5_01-92.bak	53.7	53.3	0.4	0	1.3550214109986731	3.8768439628454976	13.825	0	0	0	0	32.275	7	14.285714285714285	18.025	0	0	0.14119749776586238	0.24242424242424243	15.8	multi	5	16	8	17	92	2026-09-18		120
v7new5_01-93	docs/artifacts/v7new5_01-93.bak	47	45.5	1.5	0	1.4248521829025587	4.157243285700257	14.475	0	0	0	0	31.375	6	10.227272727272727	18.825	0	0	0.006289308176100629	0.22884012539184953	18.6	multi	5	16	8	17	93	2026-09-18		120
v7new6-31	docs/artifacts/v7new6-31.bak	45.6	45.3	0.3	0	1.9474170936154112	7.010556564001307	14.775	0	2.725	0	0	40.85	11	5.970149253731346	0.3	0	0	0.06875	0.1686746987951807	31.6	multi	5	16	8	17	31	2026-09-18		120
v7new6-94	docs/artifacts/v7new6-94.bak	50.1	49.6	0.5	0.1	1.6649530887472799	5.285425298023056	16.075	11.15	0	0	0	23.7	9	11.34020618556701	18.075	0.6	0.8095238095238095	0	0.29850746268656714	20.7	multi	5	16	8	17	94	2026-09-18	历代上槽	120
v7new6-95	docs/artifacts/v7new6-95.bak	49.1	48	1.1	0	0.759252869505079	2.1366792457744648	14.8	0	0.475	0	0	36.025	5	13.432835820895521	18.025	0	0	0	0.2867132867132867	17.6	multi	5	16	8	17	95	2026-09-18		120
v7new6-96	docs/artifacts/v7new6-96.bak	47.8	47.2	0.7	7.4	1.6841303293463172	5.387763314659437	16.025	9.95	0.075	0	0	17.575	13	9.183673469387756	0.8	3.65	0.6527777777777778	0	0.15953307392996108	13	multi	5	16	8	17	96	2026-09-18	历代上槽	120
v7new6-97	docs/artifacts/v7new6-97.bak	48.3	47.7	0.7	0	1.0349945882900886	2.8150910011269694	14.775	0	0	0	0	36.55	3	12.5	1	0	0	0	0.3473684210526316	18.6	multi	5	16	8	17	97	2026-09-18		120
v7new6-98	docs/artifacts/v7new6-98.bak	50.5	50.2	0.3	3.5	1.2138550743419225	3.3664375363123122	17.2	15.35	0.075	0	0	15.575	7	12.500000000000002	14.725	0.2	1	0	0.20072992700729927	15.7	multi	5	16	8	17	98	2026-09-18		120
v7new6-99	docs/artifacts/v7new6-99.bak	60.5	59.8	0.7	0.1	0.021906245315443124	1.0221479488194758	14.875	0	0	0	0	38.925	2	10.256410256410255	17.95	0	0	0	0.29537366548042704	26.1	multi	5	16	8	17	99	2026-09-18		120
v7noteach1-31	docs/artifacts/v7noteach1-31.bak	54.6	53.2	1.5	0.2	0.798476626248727	2.2221531789191595	14.65	0	0	0	0	33.475	8	17.741935483870968	3.025	11.2	0.9553571428571429	0	0.2673992673992674	17	multi	5	16	8	17	31	2026-09-19		120
v7noteach1-81	docs/artifacts/v7noteach1-81.bak	56	55.4	0.6	0	1.3469692321092035	3.845752267668231	14.225	0	0.675	0	0	22.925	9	16.091954022988503	0	2.5	1	0.006472491909385114	0.39644970414201186	11.3	multi	5	16	8	17	81	2026-09-19		120
v7noteach1-82	docs/artifacts/v7noteach1-82.bak	40.6	40.1	0.5	0.3	1.176694322526064	3.2436340529115952	13.75	1.1	0	0	0	30.925	13	5.208333333333332	17.525	0.9	0.8529411764705882	0.018867924528301886	0.275	16.7	multi	5	16	8	17	82	2026-09-19		120
v7noteach1-91	docs/artifacts/v7noteach1-91.bak	52.2	52.1	0.1	0.1	0.7153537261172483	2.044909892378216	14.9	0	0	0	0	37.7	3	8.450704225352116	17.975	0	0	0	0.28771929824561404	19.9	multi	5	16	8	17	91	2026-09-19		120
v7noteach1-92	docs/artifacts/v7noteach1-92.bak	36.4	36	0.4	0	1.4960633607120841	4.464080958200156	14.125	0	0	0	0	23.85	5	15.053763440860216	18.025	7.125	0.6210526315789474	0	0.2888086642599278	25	multi	5	16	8	17	92	2026-09-19		120
v7noteach1-93	docs/artifacts/v7noteach1-93.bak	43.3	42.1	1.2	7.6	0.9449061488088373	2.572571928318481	17.45	16.6	0	0	0	22.5	3	13.253012048192769	0	0	0	0	0.19858156028368795	10.9	multi	5	16	8	17	93	2026-09-19		120
v7phase-31	docs/artifacts/v7phase-31.bak	61.2	60.8	0.4	0	1.0315159019820315	2.8053151959435283	14.225	0	0	0	0	21.8	4	15.789473684210527	0	0.025	1	0	0.36363636363636365	18	multi	5	16	8	15	32	2026-09-14		120
v7phase-32	docs/artifacts/v7phase-32.bak	61.2	60.8	0.4	0	1.0315159019820315	2.8053151959435283	14.225	0	0	0	0	21.8	4	15.789473684210527	0	0.025	1	0	0.36363636363636365	18	multi	5	16	8	15	32	2026-09-14		120
v7phase-33	docs/artifacts/v7phase-33.bak	61.2	60.8	0.4	0	1.0315159019820315	2.8053151959435283	14.225	0	0	0	0	21.8	4	15.789473684210527	0	0.025	1	0	0.36363636363636365	18	multi	5	16	8	15	32	2026-09-14		120
v7phase-34	docs/artifacts/v7phase-34.bak	61.2	60.8	0.4	0	1.0315159019820315	2.8053151959435283	14.225	0	0	0	0	21.8	4	15.789473684210527	0	0.025	1	0	0.36363636363636365	18	multi	5	16	8	15	32	2026-09-14		120
v7phase-35	docs/artifacts/v7phase-35.bak	35.9	35.5	0.4	6.1	1.5685918628787565	4.7998845372203105	15.875	4.275	0	0	0	28.275	11	6.741573033707866	4.075	0.225	1	0	0.22491349480968859	30.4	multi	5	16	8	15	35	2026-09-14		120
v7phase-36	docs/artifacts/v7phase-36.bak	35.9	35.5	0.4	6.1	1.5685918628787565	4.7998845372203105	15.875	4.275	0	0	0	28.275	11	6.741573033707866	4.075	0.225	1	0	0.22491349480968859	30.4	multi	5	16	8	15	35	2026-09-14		120
v7press-36	docs/artifacts/v7press-36.bak	40.2	37.8	2.3	0.8	1.7587385574445435	5.805109961062122	14.3	0	0	0	0	33.2	13	15.294117647058822	0	0	0	0.4875	0.38461538461538464	28.7	multi	5	16	8	13	36	2026-09-13	历代上槽	120
v7press1-31	docs/artifacts/v7press1-31.bak	49.8	49.4	0.4	0	0.5529147218269733	1.738312337943738	14.35	0	0	0	0	27.5	4	10.869565217391305	18.125	0	0	0	0.30313588850174217	23.8	multi	5	16	8	20	31	2026-09-19		120
v7press1-81	docs/artifacts/v7press1-81.bak	46.3	46	0.4	2.4	1.6963113889663268	5.453793322093242	14.725	3.075	0	0	0	24.625	14	8.421052631578949	18.1	0.2	1	0	0.24749163879598662	14.6	multi	5	16	8	20	81	2026-09-19		120
v7press1-82	docs/artifacts/v7press1-82.bak	42.9	42.2	0.7	0.2	2.252652471538401	9.512935191139615	13.95	0.275	0	0	0	26.25	15	16	18.375	0.225	1	0.25	0.2463768115942029	33.1	multi	5	16	8	20	82	2026-09-19		120
v7press1-91	docs/artifacts/v7press1-91.bak	50.6	49.2	1.4	0	0.6653267791255381	1.9451260440811384	14.9	0	0	0	0	39.075	2	13.513513513513512	14.025	0	0	0	0.24210526315789474	15.3	multi	5	16	8	20	91	2026-09-19		120
v7press1-92	docs/artifacts/v7press1-92.bak	47.3	46.4	0.9	0.6	1.0060524101135426	2.7347838730852105	14.35	0	0	0	0	45.875	9	6.896551724137929	0	0	0	0	0.259927797833935	14.6	multi	5	16	8	20	92	2026-09-19		120
v7press1-93	docs/artifacts/v7press1-93.bak	49.7	49.2	0.5	0	0.6670154041677453	1.9484134074102963	14.4	0	0.15	0	0	36.025	6	12.359550561797752	18.075	0	0	0	0.2730496453900709	14.8	multi	5	16	8	20	93	2026-09-19		120
v7press2-31	docs/artifacts/v7press2-31.bak	42.4	41	1.4	4.3	1.5205476368926611	4.574729800085012	13.825	0.2	1.9	0	0	45.05	15	5.319148936170212	4.925	1.3	1	0.0880503144654088	0.16044776119402984	17.8	multi	5	16	8	20	31	2026-09-19		120
v7press2-81	docs/artifacts/v7press2-81.bak	51.3	50.8	0.6	0.4	1.3533749796993904	3.870466257270361	14.475	0.35	0	0	0	40.35	9	10.843373493975903	16.325	3.15	0.9180327868852459	0	0.17708333333333334	13.9	multi	5	16	8	20	81	2026-09-19		120
v7press2-82	docs/artifacts/v7press2-82.bak	53.2	51.7	1.6	0	1.309001896181616	3.7024764115283526	14.75	0	0.25	0	0	34.8	7	19.696969696969695	17.925	0	0	0	0.27898550724637683	17.4	multi	5	16	8	20	82	2026-09-19		120
v7press2-91	docs/artifacts/v7press2-91.bak	49.8	48.6	1.2	0	0.5556218042419319	1.7430244678898918	14.925	0	0	0	0	46	2	13.333333333333334	1	0	0	0	0.2862190812720848	15.4	multi	5	16	8	20	91	2026-09-19		120
v7press2-92	docs/artifacts/v7press2-92.bak	55.1	54	1.1	0	1.119799970623195	3.0642412037277236	14.2	0	0	0	0	36.425	5	16.27906976744186	18.025	31.75	0.9952569169960475	0	0.2762237762237762	15.1	multi	5	16	8	20	92	2026-09-19		120
v7press2-93	docs/artifacts/v7press2-93.bak	40	39.2	0.8	1.5	0.9287550825674789	2.5313558861607586	14.325	0.05	0	0	0	44.05	7	8.13953488372093	19.6	0.4	1	0	0.24727272727272728	13.9	multi	5	16	8	20	93	2026-09-19		120
v7press3-31	docs/artifacts/v7press3-31.bak	53.6	51.3	2.3	0	1.788148434325366	5.978372862259194	14.95	0	15.375	0	0	40.775	9	14.492753623188406	0	0	0	0.41875	0.36476426799007444	29.9	multi	5	16	8	20	31	2026-09-19		120
v7press3-81	docs/artifacts/v7press3-81.bak	57.4	56.9	0.5	0	1.1819279870333104	3.260654646515882	14.475	0	1.675	0	0	44.4	9	11.39240506329114	19.175	0	0	0.03027027027027027	0.3100558659217877	21.6	multi	5	16	8	20	81	2026-09-19		120
v7press3-82	docs/artifacts/v7press3-82.bak	62.5	62.1	0.4	0	1.272558965095053	3.5699763284919936	13.925	0	0.05	0	0	29.425	9	6.593406593406595	0	0	0	0.022929936305732482	0.31629392971246006	19.2	multi	5	16	8	20	82	2026-09-19		120
v7press3-91	docs/artifacts/v7press3-91.bak	56.1	55.7	0.4	1.3	2.0238273091887673	7.567231716259517	13.575	0	0.25	0	0	30.725	15	11.34020618556701	18.025	0.125	1	0.0875	0.29285714285714287	21.7	multi	5	16	8	20	91	2026-09-19	历代上槽	120
v7press3-92	docs/artifacts/v7press3-92.bak	53.5	53.2	0.3	0	0.7471267539827087	2.110926084875057	14.725	0	0	0	0	39.275	9	11.594202898550726	5.85	20.375	0.9779141104294479	0	0.24822695035460993	14.1	multi	5	16	8	20	92	2026-09-19		120
v7press3-93	docs/artifacts/v7press3-93.bak	44.5	43.9	0.6	0.2	1.100728501025324	3.006355359344837	14.1	0	0	0	0	33.075	12	11.49425287356322	2.65	34.975	0.9256080114449213	0	0.3526448362720403	26	multi	5	16	8	20	93	2026-09-19		120
v7protoE-31	docs/artifacts/v7protoE-31.bak	56.3	54.2	2.1	0	0.05188106301402046	1.053250464627681	14.825	0	0	0	0	36.675	3	16.666666666666664	19.875	0	0	0	0.2951388888888889	22.8	multi	5	16	8	18	31	2026-09-16		120
v7protoE-81	docs/artifacts/v7protoE-81.bak	50.6	49.4	1.2	0	1.1722531755895347	3.2292605385439375	14.2	0	0	0	0	22.025	7	10.000000000000002	0	0.2	1	0.09612141652613827	0.4222222222222222	23.6	multi	5	16	8	18	81	2026-09-16		120
v7protoE-82	docs/artifacts/v7protoE-82.bak	48.7	47.5	1.2	0	1.2628495204940737	3.535481574549049	14.5	0	0	0	0	30.725	6	15.853658536585368	2.725	9.225	0.9836512261580381	0	0.3049645390070922	20.8	multi	5	16	8	18	82	2026-09-16		120
v7r2-35	docs/artifacts/v7r2-35.bak	44.6	42.6	1.9	2.1	1.3468819812787447	3.845416737227006	14.825	4.65	0	0	0	25.125	9	7.216494845360826	17.925	0.825	1	0	0.2807017543859649	16.4	multi	5	16	8	18	35	2026-09-14	历代上槽	120
v7r3-45	docs/artifacts/v7r3-45.bak	60	59.3	0.7	0.4	1.615305701270934	5.029425190157285	13.875	0	0	0	0	27.15	12	21.73913043478261	8.75	0	0	0.1761006289308176	0.19939577039274925	20.1	multi	5	16	8	18	45	2026-09-14		120
v7r3-46	docs/artifacts/v7r3-46.bak	43	42.6	0.4	1.8	1.7001197785175128	5.474603092299361	14.775	4.4	0.475	0	0	21.775	11	5.319148936170215	11.875	0	0	0.25	0.24381625441696114	18	multi	5	16	8	18	46	2026-09-14		120
v7r3-52	docs/artifacts/v7r3-52.bak	55.4	54.6	0.8	0	0.9330717061359848	2.5423064142894947	14.875	0	0	0	0	41.3	7	9.859154929577466	18.025	0	0	0	0.3054662379421222	25.4	multi	5	16	8	18	52	2026-09-14		120
v7rand-32	docs/artifacts/v7rand-32.bak	50.7	50.4	0.3	4.6	1.5668863247304716	4.791705128164535	14.6	5.1	1.6	0	0	21.775	15	13.043478260869565	18.25	0	0	0.0375	0.2881944444444444	17.5	multi	5	16	8	15	32	2026-09-14		120
v7rand-33	docs/artifacts/v7rand-33.bak	47.7	46.7	1	0.3	1.1485664644425366	3.1536687713877276	14.85	4	0.15	0	0	28.35	10	8.888888888888888	16.55	6.525	0.9458333333333333	0	0.27986348122866894	27.1	multi	5	16	8	15	33	2026-09-14		120
v7rand-34	docs/artifacts/v7rand-34.bak	47.7	46.7	1	0.3	1.1485664644425366	3.1536687713877276	14.85	4	0.15	0	0	28.35	10	8.888888888888888	16.55	6.525	0.9458333333333333	0	0.27986348122866894	27.1	multi	5	16	8	15	33	2026-09-14		120
v7rand-35	docs/artifacts/v7rand-35.bak	47.7	46.7	1	0.3	1.1485664644425366	3.1536687713877276	14.85	4	0.15	0	0	28.35	10	8.888888888888888	16.55	6.525	0.9458333333333333	0	0.27986348122866894	27.1	multi	5	16	8	15	33	2026-09-14		120
v7rand-36	docs/artifacts/v7rand-36.bak	47.7	46.7	1	0.3	1.1485664644425366	3.1536687713877276	14.85	4	0.15	0	0	28.35	10	8.888888888888888	16.55	6.525	0.9458333333333333	0	0.27986348122866894	27.1	multi	5	16	8	15	33	2026-09-14		120
v7rb1-31	docs/artifacts/v7rb1-31.bak	48.9	47.8	1.1	1	0.4313704236425831	1.5393656617946037	14.675	0	0	0	0	42.975	3	6.578947368421053	3.825	0	0	0	0.27598566308243727	13	multi	5	16	8	22	31	2026-09-19		120
v7rb1-82	docs/artifacts/v7rb1-82.bak	49.9	49.1	0.8	0.9	0.7905100699955371	2.2045205993403503	14.675	0.05	0	0	0	35.525	9	9.09090909090909	17.325	5.725	0.9111111111111111	0	0.14705882352941177	16.8	multi	5	16	8	22	82	2026-09-19		120
v7rb1-92	docs/artifacts/v7rb1-92.bak	42.5	42.1	0.4	0.7	1.730426332267647	5.6430592138933475	14.325	4.05	0.175	0	0	33.4	11	20	0	0.025	0	0.2375	0.20072992700729927	22.8	multi	5	16	8	22	92	2026-09-19		120
v7rb2-31	docs/artifacts/v7rb2-31.bak	48.3	48.1	0.2	1.8	1.2513766416505887	3.4951512178182975	14.525	0.05	0	0	0	34.275	8	10.000000000000002	9.95	35.375	0.9915194346289753	0	0.2198581560283688	13.5	multi	5	16	8	22	31	2026-09-19		120
v7rb2-82	docs/artifacts/v7rb2-82.bak	50	49.4	0.7	3.4	1.0358563265666387	2.817517918328151	15.175	8.25	0.175	0	0	23.55	8	11.224489795918368	7.975	0.65	0.9583333333333334	0	0.25660377358490566	13.5	multi	5	16	8	22	82	2026-09-19		120
v7rb2-92	docs/artifacts/v7rb2-92.bak	48.8	47.9	0.9	0.1	1.948629605762931	7.019062104489556	14.275	0	0.275	0	0	29.1	15	11.627906976744187	12	0.1	1	0.6125	0.19777777777777777	20.1	multi	5	16	8	22	92	2026-09-19		120
v7ring-34	docs/artifacts/v7ring-34.bak	32.8	31.7	1.1	0	1.1054753941838837	3.0206601317847555	14.275	0	0	0	0	22.5	6	13.684210526315791	0	0	0	0.20082815734989648	0.40096618357487923	17	multi	5	16	8	13	34	2026-09-13		120
v7ringA1-31	docs/artifacts/v7ringA1-31.bak	56.3	55.8	0.5	0	0.5080025283682198	1.6619681429812287	14.825	0	0	0	0	40.7	4	16.901408450704224	18.05	0.225	1	0	0.2862190812720848	17.5	multi	5	16	8	17	31	2026-09-18		120
v7ringA1-81	docs/artifacts/v7ringA1-81.bak	45.1	44.6	0.4	0	0.8178848793695898	2.2657025317134414	14.225	0	0	0	0	32.675	6	19.791666666666664	18.875	0	0	0	0.291970802919708	21.6	multi	5	16	8	17	81	2026-09-18		120
v7ringA1-82	docs/artifacts/v7ringA1-82.bak	42.2	42	0.1	0	0.4431404985657804	1.5575911582930062	14.225	3.1	0.05	0	0	33.95	10	27.835051546391753	18.075	0.15	0.8333333333333334	0.0440251572327044	0.2819548872180451	14.9	multi	5	16	8	17	82	2026-09-18		120
v7ringA1-91	docs/artifacts/v7ringA1-91.bak	51.5	50.9	0.7	0	0.7495236926776592	2.115991914105728	14.225	0	0	0	0	20.375	3	16.129032258064516	16	0	0	0	0.3848684210526316	18.1	multi	5	16	8	17	91	2026-09-18		120
v7ringA1-92	docs/artifacts/v7ringA1-92.bak	42.1	41.8	0.4	0	0.6876583664963004	1.9890524439074428	14.725	0	0	0	0	37.475	6	16.25	18.025	0	0	0.018867924528301886	0.259927797833935	22.4	multi	5	16	8	17	92	2026-09-18		120
v7ringA1-93	docs/artifacts/v7ringA1-93.bak	34.6	34.2	0.5	0	0.18363408226608727	1.2015760646528002	14.725	0	0	0	0	40.525	3	14.492753623188404	17.975	0	0	0	0.2892857142857143	35.5	multi	5	16	8	17	93	2026-09-18		120
v7ringB1-31	docs/artifacts/v7ringB1-31.bak	48.2	47.3	0.9	0	0.4030152085112518	1.4963296484368285	14.5	0	0	0	0	29.525	4	14.117647058823529	19.625	0	0	0	0.3486005089058524	16.6	multi	5	16	8	16	31	2026-09-18		120
v7ringB1-81	docs/artifacts/v7ringB1-81.bak	44.4	44.2	0.2	0	1.3983048376834508	4.048331567845126	15	0.65	1.425	0	0	31.975	10	9.195402298850574	18.875	24.225	0.7258566978193146	0	0.2857142857142857	37.4	multi	5	16	8	16	81	2026-09-18		120
v7ringB1-82	docs/artifacts/v7ringB1-82.bak	48.5	47.5	1	0.1	1.2611927622015948	3.529628985633823	14.55	0	0.775	0	0	41.975	12	11.11111111111111	18.5	5.025	0.9651741293532339	0.0027002700270027003	0.2805755395683453	14.2	multi	5	16	8	16	82	2026-09-18		120
v7ringB1-91	docs/artifacts/v7ringB1-91.bak	58.3	56	2.2	0	0.7220675055178227	2.0586851565891373	14.6	0	0	0	0	33.1	3	13.953488372093025	17.425	0	0	0	0.3353115727002967	17.1	multi	5	16	8	16	91	2026-09-18		120
v7ringB1-92	docs/artifacts/v7ringB1-92.bak	43	42.8	0.3	0	0.08278365151123886	1.0863067622968503	14.775	0	0	0	0	45.05	3	12.359550561797752	7.525	0	0	0	0.2867383512544803	30	multi	5	16	8	16	92	2026-09-18		120
v7ringB1-93	docs/artifacts/v7ringB1-93.bak	45.3	44.9	0.4	1	1.5542095208542739	4.73134501699499	13.775	0.45	0	0	0	21.45	11	9.09090909090909	18.05	2.075	0.8433734939759037	0	0.3576158940397351	14.6	multi	5	16	8	16	93	2026-09-18		120
v7ringT-31	docs/artifacts/v7ringT-31.bak	44	43.4	0.5	1	0	1	15	0	0	0	0	47	1	0	19.375	110	1	0	0.28187919463087246	17.4	multi	5	16	8	16	31	2026-09-17		120
v7ringT-81	docs/artifacts/v7ringT-81.bak	28.4	25.2	3.1	0	0.8893315974467344	2.4335025482539088	13.8	0	0	0	0	29.4	5	6.315789473684212	0	0	0	0.14983351831298558	0.36682242990654207	24.4	multi	5	16	8	16	81	2026-09-17		120
v7ringT-82	docs/artifacts/v7ringT-82.bak	56.1	55.3	0.8	0	0.9515818308514876	2.5898030513012698	15	0	0	0	0	37.65	3	13.114754098360656	18	0	0	0	0.34539473684210525	18.3	multi	5	16	8	16	82	2026-09-17		120
v7ringT-91	docs/artifacts/v7ringT-91.bak	42.7	41.2	1.5	0	0.6192317051638749	1.8575003855317767	14.675	0	0	0	0	33.2	3	10.714285714285715	0	0	0	0	0.40691489361702127	25.4	multi	5	16	8	16	91	2026-09-17		120
v7ringT-92	docs/artifacts/v7ringT-92.bak	62.3	61.2	1.1	0	0.22427095110774856	1.251410044434475	14.775	0	0	0	0	37.575	2	13.846153846153845	18	0	0	0	0.28776978417266186	14.3	multi	5	16	8	16	92	2026-09-17		120
v7ringT-93	docs/artifacts/v7ringT-93.bak	55.3	54.5	0.8	1	0.7942600067810638	2.2128029316360123	14.3	0	0	0	0	23.3	4	9.782608695652176	5.075	0	0	0	0.4326923076923077	16.6	multi	5	16	8	16	93	2026-09-17		120
v7ringT2-31	docs/artifacts/v7ringT2-31.bak	44	43.4	0.5	1	0	1	15	0	0	0	0	47	1	0	19.375	110	1	0	0.28187919463087246	17.4	multi	5	16	8	16	31	2026-09-17		120
v7ringT2-81	docs/artifacts/v7ringT2-81.bak	28.4	25.2	3.1	0	0.8893315974467344	2.4335025482539088	13.8	0	0	0	0	29.4	5	6.315789473684212	0	0	0	0.14983351831298558	0.36682242990654207	24.4	multi	5	16	8	16	81	2026-09-17		120
v7ringT2-82	docs/artifacts/v7ringT2-82.bak	56.1	55.3	0.8	0	0.9515818308514876	2.5898030513012698	15	0	0	0	0	37.65	3	13.114754098360656	18	0	0	0	0.34539473684210525	18.3	multi	5	16	8	16	82	2026-09-17		120
v7ringT2-91	docs/artifacts/v7ringT2-91.bak	42.7	41.2	1.5	0	0.6192317051638749	1.8575003855317767	14.675	0	0	0	0	33.2	3	10.714285714285715	0	0	0	0	0.40691489361702127	25.4	multi	5	16	8	16	91	2026-09-17		120
v7ringT2-92	docs/artifacts/v7ringT2-92.bak	62.3	61.2	1.1	0	0.22427095110774856	1.251410044434475	14.775	0	0	0	0	37.575	2	13.846153846153845	18	0	0	0	0.28776978417266186	14.3	multi	5	16	8	16	92	2026-09-17		120
v7ringT2-93	docs/artifacts/v7ringT2-93.bak	55.3	54.5	0.8	1	0.7942600067810638	2.2128029316360123	14.3	0	0	0	0	23.3	4	9.782608695652176	5.075	0	0	0	0.4326923076923077	16.6	multi	5	16	8	16	93	2026-09-17		120
v7ringT3-31	docs/artifacts/v7ringT3-31.bak	56.1	55.5	0.6	0.3	1.500153892284104	4.482378820778017	14.8	0.9	0	0	0	41.65	8	17.28395061728395	12.225	4.4	0.9943181818181818	0	0.11510791366906475	17.1	multi	5	16	8	16	31	2026-09-17		120
v7ringT3-81	docs/artifacts/v7ringT3-81.bak	49.7	48.7	1	0	0.9919089543333002	2.696376822751616	14.275	0	0	0	0	26.175	3	11.494252873563218	16.225	0	0	0	0.3970149253731343	16.1	multi	5	16	8	16	81	2026-09-17		120
v7ringT3-82	docs/artifacts/v7ringT3-82.bak	52.5	51.5	1	0	0.5338194188463679	1.7054336504671421	14.8	0	0	0	0	32.875	8	15.789473684210526	18.15	0	0	0.0125	0.2842465753424658	23.4	multi	5	16	8	16	82	2026-09-17		120
v7ringT3-91	docs/artifacts/v7ringT3-91.bak	49.9	49	0.9	0.1	0.11108651970009993	1.1174915877090315	14.375	0	0	0	0	30.525	3	12.987012987012987	16.2	0	0	0	0.3237410071942446	16.9	multi	5	16	8	16	91	2026-09-17		120
v7ringT3-92	docs/artifacts/v7ringT3-92.bak	53.1	52	1	0	0.020506022600055292	1.0207177155992524	14.825	0	0	0	0	30.975	2	12.5	18.15	0	0	0	0.29285714285714287	16.8	multi	5	16	8	16	92	2026-09-17		120
v7ringT3-93	docs/artifacts/v7ringT3-93.bak	50	49.4	0.6	0	0.8805737217238917	2.4122832888105923	14.825	0	0	0	0	38.65	4	13.333333333333334	15.05	45.825	0.9814511729405346	0	0.40166204986149584	18.1	multi	5	16	8	16	93	2026-09-17		120
v7role1-31	docs/artifacts/v7role1-31.bak	50.4	50	0.4	0.1	0.8215324226430866	2.2739818701859957	14.5	0	0	0	0	27.275	6	12.345679012345679	19.6	0	0	0.002145922746781116	0.39215686274509803	15.5	multi	5	16	8	16	31	2026-09-16		120
v7role1-81	docs/artifacts/v7role1-81.bak	53.9	53.3	0.6	0.8	1.6304545743441778	5.106195336446392	14.275	0.1	0	0	0	27.975	14	8.235294117647062	15.675	3.65	0.7899159663865546	0	0.33557046979865773	19.4	multi	5	16	8	16	81	2026-09-16		120
v7role1-82	docs/artifacts/v7role1-82.bak	60.5	60.2	0.3	0	0.5311485396861818	1.7008847207959443	14.8	0	0	0	0	38.875	2	20.51282051282051	0	0	0	0	0.35986159169550175	23.1	multi	5	16	8	16	82	2026-09-16		120
v7role1-91	docs/artifacts/v7role1-91.bak	45.4	44.8	0.6	0	1.3708935327060563	3.9388686314880617	14.25	0	0	0	0	23.825	7	15.384615384615383	15.625	5.4	0.9814814814814815	0	0.3079584775086505	26.4	multi	5	16	8	16	91	2026-09-16		120
v7role1-92	docs/artifacts/v7role1-92.bak	52.7	52.4	0.4	0	0.5583291464799199	1.7477498253472856	14.825	0	0	0	0	43.9	3	10.843373493975902	18.425	0	0	0	0.27636363636363637	16.2	multi	5	16	8	16	92	2026-09-16		120
v7role1-93	docs/artifacts/v7role1-93.bak	42	41.3	0.7	0	0.2077084126567508	1.2308542157075273	14.75	0	0	0	0	35.225	6	8.75	19.85	0	0	0	0.2881944444444444	27.6	multi	5	16	8	16	93	2026-09-16		120
v7role12-31	docs/artifacts/v7role12-31.bak	50.4	50	0.4	0.1	0.8215324226430866	2.2739818701859957	14.5	0	0	0	0	27.275	6	12.345679012345679	19.6	0	0	0.002145922746781116	0.39215686274509803	15.5	multi	5	16	8	16	31	2026-09-16		120
v7role12-94	docs/artifacts/v7role12-94.bak	50.5	49.9	0.6	0.2	1.975877664907439	7.212947427418112	14.65	0	1.375	0	0	40.325	15	8.536585365853657	18.025	1.4	0.9821428571428571	0.24375	0.17268041237113402	22.2	multi	5	16	8	16	94	2026-09-16		120
v7role12-95	docs/artifacts/v7role12-95.bak	57.9	57.5	0.5	0.9	0.08370301601877644	1.0873059334092554	14.65	0	0	0	0	45	3	10.810810810810812	10.6	0	0	0	0.32616487455197135	16.8	multi	5	16	8	16	95	2026-09-16		120
v7role12-96	docs/artifacts/v7role12-96.bak	50.5	50.2	0.3	0	0.1573373772470124	1.1703904103940803	14.75	0	0	0	0	40.275	2	8.536585365853659	18.025	0	0	0	0.29537366548042704	17	multi	5	16	8	16	96	2026-09-16		120
v7role1w-31	docs/artifacts/v7role1w-31.bak	57	56.3	0.7	0	0.7159736252149884	2.046177923160424	14.85	0	0	0	0	36.3	3	13.157894736842104	19.65	0	0	0	0.28776978417266186	16.5	multi	5	16	8	16	31	2026-09-16		120
v7role1w-81	docs/artifacts/v7role1w-81.bak	54.5	54.3	0.2	0	1.0239846611886456	2.7842670505140257	14.525	0	0	0	0	30.1	6	18.57142857142857	15.15	2.7	1	0	0.18928571428571428	13	multi	5	16	8	16	81	2026-09-16		120
v7role1w-82	docs/artifacts/v7role1w-82.bak	44.4	43.5	0.9	1.4	1.0366171894380984	2.819662478856661	13.475	0.975	0	0	0	21.175	9	3.125	19.85	0.05	0.5	0	0.3760217983651226	15.2	multi	5	16	8	16	82	2026-09-16		120
v7role1w-91	docs/artifacts/v7role1w-91.bak	50.4	50	0.4	0	1.2477375883224289	3.4824552907352295	14.2	0	0.5	0	0	33.6	8	10.75268817204301	18.025	0	0	0.1320754716981132	0.2589928057553957	18.5	multi	5	16	8	16	91	2026-09-16		120
v7role1w-92	docs/artifacts/v7role1w-92.bak	52.5	51.4	1	0	1.0983257113131963	2.9991403911133636	14.625	0	1.425	0	0	32.025	9	11.267605633802816	16.35	0	0	0	0.29	13.8	multi	5	16	8	16	92	2026-09-16		120
v7role1w-93	docs/artifacts/v7role1w-93.bak	44.1	43.1	1.1	0.8	0.07646740599375972	1.079467005609446	14.75	0	0	0	0	32.375	2	26.315789473684212	19.2	0	0	0	0.32180851063829785	16.2	multi	5	16	8	16	93	2026-09-16		120
v7role5-31	docs/artifacts/v7role5-31.bak	46	45.4	0.6	0	0.8484040487345061	2.335915867598351	14.175	0	0	0	0	28.2	3	13.978494623655916	17.875	0	0	0	0.2936802973977695	14.9	multi	5	16	8	16	31	2026-09-16		120
v7role5-81	docs/artifacts/v7role5-81.bak	28.9	28.1	0.8	0	0	1	14.675	0	0	0	0	32.7	1	10.666666666666666	0	0	0	0	0.4919653893695921	33.9	multi	5	16	8	16	81	2026-09-16		120
v7role5-82	docs/artifacts/v7role5-82.bak	46.7	45	1.8	0	0.8946614427077646	2.4465073663265	14.775	0	0	0	0	32.4	4	11.842105263157894	14.925	0.1	1	0	0.304029304029304	13.6	multi	5	16	8	16	82	2026-09-16		120
v7role5-91	docs/artifacts/v7role5-91.bak	50.8	50.4	0.5	0	1.0589849630121129	2.883442702364264	14.5	0	0	0	0	33.85	9	13.636363636363637	18.025	5.85	1	0	0.2765957446808511	15.1	multi	5	16	8	16	91	2026-09-16		120
v7role5-92	docs/artifacts/v7role5-92.bak	52.4	51	1.4	0	0.36585448452309816	1.4417454311154934	14.725	0	0	0	0	30.325	7	9.195402298850574	20	0	0	0.031446540880503145	0.29931972789115646	20.7	multi	5	16	8	16	92	2026-09-16		120
v7role5-93	docs/artifacts/v7role5-93.bak	45.4	45	0.5	0	0.9219182165108598	2.514108371681546	14.55	0	0	0	0	32.075	4	12.162162162162163	18.25	0.175	1	0	0.3274647887323944	23.5	multi	5	16	8	16	93	2026-09-16		120
v7roleC-31	docs/artifacts/v7roleC-31.bak	44	43.4	0.5	1	0	1	15	0	0	0	0	47	1	0	19.375	110	1	0	0.28187919463087246	17.4	multi	5	16	8	16	31	2026-09-16		120
v7roleC-81	docs/artifacts/v7roleC-81.bak	28.4	25.2	3.1	0	0.8893315974467344	2.4335025482539088	13.8	0	0	0	0	29.4	5	6.315789473684212	0	0	0	0.14983351831298558	0.36682242990654207	24.4	multi	5	16	8	16	81	2026-09-16		120
v7roleC-82	docs/artifacts/v7roleC-82.bak	56.1	55.3	0.8	0	0.9515818308514876	2.5898030513012698	15	0	0	0	0	37.65	3	13.114754098360656	18	0	0	0	0.34539473684210525	18.3	multi	5	16	8	16	82	2026-09-16		120
v7roleC-91	docs/artifacts/v7roleC-91.bak	42.7	41.2	1.5	0	0.6192317051638749	1.8575003855317767	14.675	0	0	0	0	33.2	3	10.714285714285715	0	0	0	0	0.40691489361702127	25.4	multi	5	16	8	16	91	2026-09-16		120
v7roleC-92	docs/artifacts/v7roleC-92.bak	62.3	61.2	1.1	0	0.22427095110774856	1.251410044434475	14.775	0	0	0	0	37.575	2	13.846153846153845	18	0	0	0	0.28776978417266186	14.3	multi	5	16	8	16	92	2026-09-16		120
v7roleC-93	docs/artifacts/v7roleC-93.bak	55.3	54.5	0.8	1	0.7942600067810638	2.2128029316360123	14.3	0	0	0	0	23.3	4	9.782608695652176	5.075	0	0	0	0.4326923076923077	16.6	multi	5	16	8	16	93	2026-09-16		120
v7roleC2-31	docs/artifacts/v7roleC2-31.bak	44	43.4	0.5	1	0	1	15	0	0	0	0	47	1	0	19.375	110	1	0	0.28187919463087246	17.4	multi	5	16	8	16	31	2026-09-16		120
v7roleC2-94	docs/artifacts/v7roleC2-94.bak	47.5	45.2	2.3	0	1.725068647060867	5.612906325990476	14.35	0	0.2	0	0	40.075	10	11.827956989247312	8.1	0	0	0.07959814528593509	0.14743589743589744	16.9	multi	5	16	8	16	94	2026-09-16		120
v7roleC2-95	docs/artifacts/v7roleC2-95.bak	54.5	53.8	0.8	0	0.6788196645218701	1.9715492687679557	14.8	0	0.15	0	0	33.85	8	13.698630136986301	16.95	0.225	1	0	0.2847222222222222	22.6	multi	5	16	8	16	95	2026-09-16		120
v7roleC2-96	docs/artifacts/v7roleC2-96.bak	44.4	41.5	2.9	1.2	0.7796070978789178	2.180615328775157	14.775	0	0	0	0	33.325	3	9.58904109589041	0	0	0	0	0.1103202846975089	16	multi	5	16	8	16	96	2026-09-16		120
v7s4-31	docs/artifacts/v7s4-31.bak	55.6	54.7	0.9	0.2	1.6845802620503896	5.390187991006192	14.1	0.25	0	0	0	18.125	9	8	14.925	3.525	0.9558823529411765	0.018867924528301886	0.35331230283911674	13.7	multi	5	16	8	22	31	2026-09-20		120
v7s4-82	docs/artifacts/v7s4-82.bak	57.1	56.3	0.8	0.3	0.9376469700688289	2.5539647868617132	14.65	0	0	0	0	30.875	5	6.521739130434785	15.575	0	0	0	0.35333333333333333	16.1	multi	5	16	8	22	82	2026-09-20		120
v7s4-93	docs/artifacts/v7s4-93.bak	44.4	44.1	0.3	0.2	1.143981329110416	3.139241873193828	15.025	0.65	0	0	0	30.975	9	14.444444444444445	9.125	15.475	0.8975609756097561	0.0375	0.32781456953642385	30.4	multi	5	16	8	22	93	2026-09-20		120
v7s5-31	docs/artifacts/v7s5-31.bak	51.4	51	0.4	0	0.9941659711269122	2.7024694635323634	14.325	0	0.15	0	0	31.325	7	10.843373493975902	0	0	0	0.03125	0.4087193460490463	16.3	multi	5	16	8	22	31	2026-09-20		120
v7s5-82	docs/artifacts/v7s5-82.bak	55.9	55.2	0.7	0	1.6467254104660418	5.189956992144186	13.825	0	0	0	0	26.4	10	13.265306122448978	1	0.3	1	0.11320754716981132	0.264026402640264	21.5	multi	5	16	8	22	82	2026-09-20		120
v7s5-93	docs/artifacts/v7s5-93.bak	53.6	52.4	1.2	0	1.813706783235934	6.133139567767309	14.175	0	4.675	0	0	24.225	7	11.363636363636365	1	0.025	1	0.0703125	0.2884012539184953	16.5	multi	5	16	8	22	93	2026-09-20		120
v7s6-31	docs/artifacts/v7s6-31.bak	58	56.3	1.7	0	1.1214643530206903	3.069345519437179	14.125	0	0	0	0	29.575	7	11.956521739130434	20	0.125	1	0	0.3888888888888889	14.6	multi	5	16	8	22	31	2026-09-20		120
v7s6-82	docs/artifacts/v7s6-82.bak	45	44.6	0.5	0	1.155784213043245	3.176513504342855	14.35	0	0	0	0	36.85	6	11.627906976744185	0.65	0.375	0.8666666666666667	0	0.34558823529411764	14.8	multi	5	16	8	22	82	2026-09-20		120
v7s6-93	docs/artifacts/v7s6-93.bak	45.4	44.7	0.7	0	1.1431083923088148	3.1365027091660735	14.725	0	0.125	0	0	37.8	7	7.142857142857142	0	0.025	1	0.019762845849802372	0.4191780821917808	19.2	multi	5	16	8	22	93	2026-09-20		120
v7s7-31	docs/artifacts/v7s7-31.bak	53.1	52.5	0.6	0	0.8449608385820603	2.3278866494431734	14.25	0	0	0	0	29.675	6	16.438356164383563	18.55	0	0	0.004160887656033287	0.38961038961038963	16.6	multi	5	16	8	22	31	2026-09-20		120
v7s7-82	docs/artifacts/v7s7-82.bak	61	60.2	0.8	0	0.9478497333474551	2.580155667483943	14.725	0	0	0	0	41.75	7	14.814814814814815	20	0	0	0	0.27941176470588236	15.6	multi	5	16	8	22	82	2026-09-20		120
v7s7-93	docs/artifacts/v7s7-93.bak	45.5	45	0.5	0	0.8360477354940906	2.307230149269037	14.525	0	0.075	0	0	40.375	9	18.75	19.35	0	0	0.1761006289308176	0.2046783625730994	16.3	multi	5	16	8	22	93	2026-09-20		120
v7s8-31	docs/artifacts/v7s8-31.bak	51.6	50.8	0.8	0.2	1.6692925689367115	5.308411133614962	14.225	0.05	0	0	0	27.2	12	12.371134020618557	18.2	0.075	1	0.10209424083769633	0.28338762214983715	19.3	multi	5	16	8	22	31	2026-09-20		120
v7s8-82	docs/artifacts/v7s8-82.bak	56.9	56.5	0.4	0	1.2559445249568622	3.511153180443897	14.6	0	0	0	0	32.975	4	11.940298507462686	18.125	0	0	0	0.4096045197740113	15	multi	5	16	8	22	82	2026-09-20		120
v7s8-93	docs/artifacts/v7s8-93.bak	44.8	44.3	0.5	0	2.038525483164045	7.679277622489677	14.375	0.55	4.85	0	0	26.325	11	12.244897959183675	10.525	0.925	0.8918918918918919	0.03	0.20574162679425836	20.2	multi	5	16	8	22	93	2026-09-20		120
v7s9-31	docs/artifacts/v7s9-31.bak	54.6	53.6	1	1.1	1.0776998888559048	2.9379142442757598	14.475	0.5	0	0	0	25.225	6	11.235955056179774	15.025	0	0	0	0.3959537572254335	20.7	multi	5	16	8	22	31	2026-09-20		120
v7s9-82	docs/artifacts/v7s9-82.bak	58.5	58	0.6	0.1	1.9355288365542038	6.927706711365503	14.2	0.4	3.825	0	0	20.725	9	9.183673469387754	1.85	0	0	0.25	0.30659025787965616	15.9	multi	5	16	8	22	82	2026-09-20		120
v7s9-93	docs/artifacts/v7s9-93.bak	52.3	51.6	0.7	1.7	1.828449652508661	6.224229455926612	14.5	0.2	0.25	0	0	32.525	11	13.636363636363637	15.425	0	0	0.07547169811320754	0.2282958199356913	17.8	multi	5	16	8	22	93	2026-09-20		120
v7salt-31	docs/artifacts/v7salt-31.bak	47.3	47.2	0.1	1.9	1.4692988664101345	4.346186814981899	14.3	0	5.025	0	0	28.65	9	10.714285714285714	15.375	0.025	1	0	0.22184300341296928	17.2	multi	5	16	8	15	31	2026-09-14		120
v7salt-32	docs/artifacts/v7salt-32.bak	61.2	60.8	0.4	0	1.0315159019820315	2.8053151959435283	14.225	0	0	0	0	21.8	4	15.789473684210527	0	0.025	1	0	0.36363636363636365	18	multi	5	16	8	15	32	2026-09-14		120
v7salt-33	docs/artifacts/v7salt-33.bak	61.2	60.8	0.4	0	1.0315159019820315	2.8053151959435283	14.225	0	0	0	0	21.8	4	15.789473684210527	0	0.025	1	0	0.36363636363636365	18	multi	5	16	8	15	32	2026-09-14		120
v7salt-34	docs/artifacts/v7salt-34.bak	61.2	60.8	0.4	0	1.0315159019820315	2.8053151959435283	14.225	0	0	0	0	21.8	4	15.789473684210527	0	0.025	1	0	0.36363636363636365	18	multi	5	16	8	15	32	2026-09-14		120
v7salt-35	docs/artifacts/v7salt-35.bak	61.2	60.8	0.4	0	1.0315159019820315	2.8053151959435283	14.225	0	0	0	0	21.8	4	15.789473684210527	0	0.025	1	0	0.36363636363636365	18	multi	5	16	8	15	32	2026-09-14		120
v7salt-36	docs/artifacts/v7salt-36.bak	61.2	60.8	0.4	0	1.0315159019820315	2.8053151959435283	14.225	0	0	0	0	21.8	4	15.789473684210527	0	0.025	1	0	0.36363636363636365	18	multi	5	16	8	15	32	2026-09-14		120
v7seat-34	docs/artifacts/v7seat-34.bak	53.7	52.9	0.8	0.5	1.5651975373667408	4.783619786226634	14.525	0	0.075	0	0	32.05	10	13.953488372093021	6.15	0	0	0.03773584905660377	0.21005917159763313	13.5	multi	5	16	8	15	34	2026-09-14		120
v7seat2-45	docs/artifacts/v7seat2-45.bak	47.6	46.6	1	0	0.8269740805138415	2.2863898308479214	14.65	0	0	0	0	36.5	4	3.797468354430382	19.025	0	0	0	0.30303030303030304	17.7	multi	5	16	8	15	45	2026-09-14		120
v7seat2-46	docs/artifacts/v7seat2-46.bak	46.2	45.5	0.6	5.6	1.0559843991104787	2.8748037156765953	14.1	0	5.25	0	0	22.1	11	4.081632653061224	14.725	0	0	0.009900990099009901	0.2508710801393728	17.2	multi	5	16	8	15	46	2026-09-14		120
v7seat2-48	docs/artifacts/v7seat2-48.bak	52.8	52.1	0.7	1.4	0.9150249589365391	2.4968375695376404	14.475	0	0.025	0	0	27.95	4	8.641975308641975	3.95	0	0	0	0.29152542372881357	17.3	multi	5	16	8	15	48	2026-09-14		120
v7seat2-49	docs/artifacts/v7seat2-49.bak	26.2	25.1	1.1	0.7	1.0296823177070349	2.800176127011637	14.2	2.7	0	0	0	32.6	8	1.1494252873563227	14.775	3.45	0.8604651162790697	0	0.45190839694656487	42.3	multi	5	16	8	15	49	2026-09-14		120
v7seat2-51	docs/artifacts/v7seat2-51.bak	51.9	51.7	0.2	0.5	1.414986415858933	4.116430547420209	14.025	1.05	1.3	0	0	26.4	14	7.070707070707069	0	1.075	0.8837209302325582	0	0.2222222222222222	17.6	multi	5	16	8	15	51	2026-09-14		120
v7seat24-31	docs/artifacts/v7seat24-31.bak	40.4	39.4	1	5.4	0	1	15	0	0	0	0	47	1	0	0	0	0	0	0.22105263157894736	15.5	multi	5	16	8	16	31	2026-09-18	历代上槽	120
v7seat24-81	docs/artifacts/v7seat24-81.bak	44.4	42.8	1.6	0.3	0.01944773452386288	1.0196380735985675	14.75	0	0	0	0	34.975	2	12.162162162162163	18.125	0	0	0	0.2857142857142857	15.4	multi	5	16	8	16	81	2026-09-18		120
v7seat24-82	docs/artifacts/v7seat24-82.bak	53.8	52.9	0.9	0	1.7955081481939275	6.022534284305271	14.15	0	0.125	0	0	35.875	10	11.956521739130434	16.25	0.225	1	0.1400560224089636	0.23367697594501718	18.4	multi	5	16	8	16	82	2026-09-18		120
v7seat24b-31	docs/artifacts/v7seat24b-31.bak	40.4	39.4	1	5.4	0	1	15	0	0	0	0	47	1	0	0	0	0	0	0.22105263157894736	15.5	multi	5	16	8	16	31	2026-09-18		120
v7seat24b-91	docs/artifacts/v7seat24b-91.bak	48.8	48.5	0.2	7.2	0.9270789502525127	2.527116552593783	14.975	0.2	0	0	0	43.225	15	13.414634146341463	1.475	0.9	1	0	0.13357400722021662	17.2	multi	5	16	8	16	91	2026-09-18		120
v7seat24b-92	docs/artifacts/v7seat24b-92.bak	47.3	45.5	1.8	1.9	2.2210270633698816	9.216792236030631	14.775	0.05	0.025	0	0	41.65	16	2.857142857142854	0	12.5	0.9616935483870968	0.18292682926829268	0.16363636363636364	21.9	multi	5	16	8	16	92	2026-09-18		120
v7seat24b-93	docs/artifacts/v7seat24b-93.bak	47.7	47	0.7	1.5	1.4161173789937929	4.121088712226375	14.6	2.175	0	0	0	26.875	11	8.510638297872342	16.875	14.475	0.815929203539823	0	0.2852852852852853	15.8	multi	5	16	8	16	93	2026-09-18		120
v7smoke-31	docs/artifacts/v7smoke-31.bak	42.2	40.7	1.5	0	1.0346713934469252	2.8141813252415653	14.225	0	8.125	0	0	26.4	4	6.741573033707866	19.625	0	0	0	0.286144578313253	16	multi	5	16	8	12	31	2026-09-13		120
v7stock1-31	docs/artifacts/v7stock1-31.bak	60.7	59.5	1.3	0	0.9571445135977099	2.6042494471575997	14.875	0	0	0	0	37	4	6.493506493506494	18	0.325	0.9230769230769231	0	0.2664233576642336	15.6	multi	5	16	8	16	31	2026-09-17		120
v7stock1-81	docs/artifacts/v7stock1-81.bak	54.7	54	0.7	0.1	0.44591161901207466	1.5619134169825093	14.225	0	0	0	0	28.375	6	5.68181818181818	18.3	0	0	0	0.30526315789473685	25.7	multi	5	16	8	16	81	2026-09-17		120
v7stock1-82	docs/artifacts/v7stock1-82.bak	37.7	36	1.6	1.3	0.9662440785057305	2.628055130455745	14.725	0.05	46.2	0	0	43.5	10	13.095238095238095	12.05	0	0	0	0.2730627306273063	15.9	multi	5	16	8	16	82	2026-09-17		120
v7stock1-91	docs/artifacts/v7stock1-91.bak	46.5	45	1.5	0	0.4506660586829887	1.569357121394637	14.75	0	0	0	0	33.425	8	10.256410256410255	20	0.4	1	0	0.30656934306569344	24.7	multi	5	16	8	16	91	2026-09-17		120
v7stock1-92	docs/artifacts/v7stock1-92.bak	54.9	54	0.9	0	1.163927859220866	3.2024875244681437	14.8	0	0.05	0	0	39.475	10	5.194805194805195	1.6	0	0	0	0.2756183745583039	18	multi	5	16	8	16	92	2026-09-17		120
v7stock1-93	docs/artifacts/v7stock1-93.bak	43.2	42.8	0.4	0	1.8464814843916983	6.337481719345355	13.575	0	0	0	0	25.375	11	8.333333333333332	18.25	1.925	1	0.2109375	0.18328840970350405	24.3	multi	5	16	8	16	93	2026-09-17		120
v7stock2-31	docs/artifacts/v7stock2-31.bak	55.1	54.1	1	0.4	1.0271520842804054	2.793099983696966	14.575	0	0	0	0	38.625	4	7.575757575757574	0.075	27.05	0.522181146025878	0	0.38968481375358166	17.5	multi	5	16	8	16	31	2026-09-17		120
v7stock2-81	docs/artifacts/v7stock2-81.bak	48.3	46.9	1.5	0.1	0.9646971672022682	2.6239929050295885	14.6	0.075	0	0	0	34.325	9	17.5	20	16.075	0.9751166407465007	0	0.288135593220339	13.6	multi	5	16	8	16	81	2026-09-17		120
v7stock2-82	docs/artifacts/v7stock2-82.bak	62.5	62	0.5	0	0.9660919121379024	2.6276552592763354	14.8	0	0	0	0	42.3	7	13.23529411764706	18.825	0.475	1	0.006289308176100629	0.27335640138408307	26.7	multi	5	16	8	16	82	2026-09-17		120
v7stock2-91	docs/artifacts/v7stock2-91.bak	52.6	51.5	1	0	0.4105046283497955	1.5075783599728758	14.775	0	0	0	0	32.075	5	12.5	14.55	0.125	1	0	0.26804123711340205	12.7	multi	5	16	8	16	91	2026-09-17		120
v7stock2-92	docs/artifacts/v7stock2-92.bak	51.9	50.8	1.1	0	0.8357178202604283	2.3064690844455704	14.575	0	0	0	0	33.925	6	10.810810810810812	19.125	0	0	0	0.2961672473867596	15.1	multi	5	16	8	16	92	2026-09-17		120
v7stock2-93	docs/artifacts/v7stock2-93.bak	57.5	56	1.5	0.1	0.7519646015897011	2.1211631663369643	15.2	0.85	0	0	0	34.05	9	22.22222222222222	17.925	0.05	0.5	0.015714285714285715	0.3501683501683502	14.2	multi	5	16	8	16	93	2026-09-17		120
v7sub1-31	docs/artifacts/v7sub1-31.bak	49.4	48.9	0.6	0	1.072385591944444	2.9223427082115454	14.525	0	0	0	0	32.525	5	11.111111111111109	16.875	13.7	0.9653284671532847	0	0.3772455089820359	15.5	multi	5	16	8	16	31	2026-09-17		120
v7sub1-81	docs/artifacts/v7sub1-81.bak	45.2	44.1	1.1	0	1.1972613640465364	3.311036770453182	14.525	0	2.75	0	0	28.325	5	10.843373493975902	7.275	0.4	1	0	0.3514285714285714	32.3	multi	5	16	8	16	81	2026-09-17		120
v7sub1-82	docs/artifacts/v7sub1-82.bak	50.2	49.5	0.7	0	1.431096488135245	4.183283598922575	14.325	0	0.1	0	0	40.175	16	16.853932584269664	6.275	4.95	1	0	0.23426573426573427	16.1	multi	5	16	8	16	82	2026-09-17		120
v7sub1-91	docs/artifacts/v7sub1-91.bak	48.6	47.6	1	0	0.9922217784740106	2.697220446460276	13.3	0	0	0	0	26.85	4	10.752688172043012	18.65	0	0	0	0.2706766917293233	28.4	multi	5	16	8	16	91	2026-09-17		120
v7sub1-92	docs/artifacts/v7sub1-92.bak	65.3	64.5	0.8	0	0.948081702797525	2.5807542541994555	14.525	0	0	0	0	25.1	3	16.091954022988507	16.025	0	0	0	0.3595890410958904	18.7	multi	5	16	8	16	92	2026-09-17		120
v7sub1-93	docs/artifacts/v7sub1-93.bak	59.1	58.5	0.6	0	0.3095721852039107	1.3628419454479828	13.45	0	0	0	0	31.7	3	5.154639175257731	20	0	0	0	0.2828282828282828	17.4	multi	5	16	8	16	93	2026-09-17		120
v7t1-31	docs/artifacts/v7t1-31.bak	60.9	60.4	0.5	0.4	1.2585817424787495	3.5204250757620206	14.5	0.95	0	0	0	26.425	8	14.285714285714286	16.9	0	0	0.01875	0.3862433862433862	25.2	multi	5	16	8	22	31	2026-09-20		120
v7t1-82	docs/artifacts/v7t1-82.bak	61.1	60.3	0.8	5	1.76883031527432	5.8639903284539585	14.225	0.4	3.3	0	0	26.8	9	8.421052631578949	16.575	0	0	0.07106598984771574	0.2808219178082192	16.7	multi	5	16	8	22	82	2026-09-20		120
v7t1-93	docs/artifacts/v7t1-93.bak	50.6	50.2	0.4	0.6	1.8456271018785344	6.332069398212352	15.075	1.7	0.9	0	0	30.225	9	14.285714285714286	18	0	0	0.031446540880503145	0.2729528535980149	25.9	multi	5	16	8	22	93	2026-09-20		120
v7t2-31	docs/artifacts/v7t2-31.bak	49.3	49.1	0.2	0.8	1.96985522543535	7.169638431923664	14.15	2.3	0.875	0	0	26.95	14	17.391304347826086	17.525	0.9	1	0.25	0.20303030303030303	23.1	multi	5	16	8	22	31	2026-09-20		120
v7t2-82	docs/artifacts/v7t2-82.bak	49	48.3	0.7	4.8	2.100675216790451	8.171685709576106	14.55	0.2	1.925	0	0	32.65	10	13.253012048192769	15.925	2.775	0.972972972972973	0.1509433962264151	0.25654450261780104	24.5	multi	5	16	8	22	82	2026-09-20		120
v7t2-93	docs/artifacts/v7t2-93.bak	55.3	54.9	0.4	1.5	1.9725850617209202	7.189237109489344	14.275	0.65	1.9	0	0	30.225	10	7.2164948453608275	17.75	0	0	0.5	0.2446236559139785	21.7	multi	5	16	8	22	93	2026-09-20		120
v7teach-32	docs/artifacts/v7teach-32.bak	23.6	23	0.6	0.6	1.1993581118481265	3.317986462852636	15	0	80.9	0	0	47	6	100	0	0	0	0	0.1079136690647482	25.1	multi	5	16	8	15	32	2026-09-14		120
v7teach-33	docs/artifacts/v7teach-33.bak	42.5	42	0.5	0	1.8443888806707889	6.32423374773	14.05	0	7.875	0	0	30.05	10	6.185567010309278	18.475	0	0	0.25	0.22021660649819494	16.8	multi	5	16	8	15	33	2026-09-14		120
v7teach-35	docs/artifacts/v7teach-35.bak	26.9	26.2	0.7	1.1	1.8357069479138917	6.269564834898889	14.675	6.6	0	0	0	27.9	10	12.359550561797752	18.025	2.975	0.9739130434782609	0	0.28865979381443296	22.8	multi	5	16	8	15	35	2026-09-14		120
v7teach2-31	docs/artifacts/v7teach2-31.bak	52.9	52.7	0.2	1.1	1.5996592419890832	4.951344926448722	14.525	0	1.4	0	0	26.375	11	7.446808510638299	5.575	3.525	0.3120567375886525	0.006289308176100629	0.18571428571428572	14.7	multi	5	16	8	15	31	2026-09-14		120
v7teach2-32	docs/artifacts/v7teach2-32.bak	41.1	40.4	0.7	4.7	2.007896681511855	7.4476361110578395	14.1	2.525	0.5	0	0	27.45	17	10.869565217391303	0	0.75	1	0.15	0.3365695792880259	15.5	multi	5	16	8	15	32	2026-09-14		120
v7tgt-44	docs/artifacts/v7tgt-44.bak	47.1	46.5	0.5	2.5	1.9031332475690785	6.7068758576069785	14.075	0	0.425	0	0	27.075	13	7.291666666666664	0	0	0	0.18421052631578946	0.2964169381107492	17.3	multi	5	16	8	16	44	2026-09-16		120
v7tgt2-31	docs/artifacts/v7tgt2-31.bak	48.1	47.5	0.6	6.6	0.36000076595826314	1.4333305124312696	14.675	0	0	0	0	30.875	3	20.3125	11.85	0.025	1	0	0.2534722222222222	45	multi	5	16	8	16	31	2026-09-16		120
v7tgt2-52	docs/artifacts/v7tgt2-52.bak	43.7	43.6	0.2	0.1	1.5701370901453364	4.807307183044079	14.275	0	6.125	0	0	31.1	10	6.741573033707867	1.65	0.025	1	0.03508771929824561	0.2976190476190476	19.2	multi	5	16	8	16	52	2026-09-16	历代上槽	120
v7tgt3-31	docs/artifacts/v7tgt3-31.bak	48.1	47.5	0.6	6.6	0.36000076595826314	1.4333305124312696	14.675	0	0	0	0	30.875	3	20.3125	11.85	0.025	1	0	0.2534722222222222	45	multi	5	16	8	16	31	2026-09-16		120
v7tgt4-62	docs/artifacts/v7tgt4-62.bak	50.6	49.4	1.2	0.6	1.5949938261719803	4.928298645556933	14.15	0	0	0	0	28.325	12	7	18	0.275	0.7	0	0.24912280701754386	17.7	multi	5	16	8	16	62	2026-09-16		120
v7tgt4-63	docs/artifacts/v7tgt4-63.bak	58	57.3	0.7	1.2	1.8549203755038897	6.391189335129743	14.225	0.85	0.025	0	0	31.25	21	8.860759493670887	0.375	1.675	1	0	0.149812734082397	13	multi	5	16	8	16	63	2026-09-16		120
v7tgt4-64	docs/artifacts/v7tgt4-64.bak	60.4	60.1	0.3	0.1	0.9971998156465185	2.710680785342312	14.825	0	0	0	0	41.125	5	15.714285714285714	17.9	0	0	0	0.4192634560906516	25.4	multi	5	16	8	16	64	2026-09-16		120
v7tgt4-66	docs/artifacts/v7tgt4-66.bak	47.7	46.1	1.6	2.7	1.2130403873283457	3.3636960602435666	14.875	0.6	0.075	0	0	36	12	8.988764044943823	16.6	0.075	1	0	0.23232323232323232	20.2	multi	5	16	8	16	66	2026-09-16		120
v7tgt5-31	docs/artifacts/v7tgt5-31.bak	49.9	48.6	1.4	0.1	1.1981668414095632	3.3140361970484857	14.525	0	0	0	0	31.6	6	6.741573033707866	15.35	0	0	0.031446540880503145	0.28052805280528054	17.3	multi	5	16	8	16	31	2026-09-16		120
v7tgt5-62	docs/artifacts/v7tgt5-62.bak	63.2	62.9	0.3	0	1.328209632871746	3.7742799880678715	14.65	0	0.475	0	0	32.125	13	10	18.025	0	0	0.0026954177897574125	0.28719723183391005	20.4	multi	5	16	8	16	62	2026-09-16		120
v7tgt5-64	docs/artifacts/v7tgt5-64.bak	47.9	46.7	1.2	0	1.4588411827248662	4.300972598086261	14.4	0	0	0	0	28.4	8	18.39080459770115	12	0	0	0.825	0.2403846153846154	17.7	multi	5	16	8	16	64	2026-09-16		120
v7u1-31	docs/artifacts/v7u1-31.bak	52.9	52.5	0.4	0.8	1.1145396592499344	3.0481646617526206	14.425	0.3	0.075	0	0	28.1	7	6.451612903225808	8.8	0.025	1	0	0.3468013468013468	26.1	multi	5	16	8	22	31	2026-09-21		120
v7u1-82	docs/artifacts/v7u1-82.bak	45.1	44.8	0.3	1.8	1.9362776616471347	6.932896294790084	14.55	0.9	0.2	0	0	28.725	9	6.382978723404257	15.15	0	0	0.04918032786885246	0.2456575682382134	27.5	multi	5	16	8	22	82	2026-09-21		120
v7u1-93	docs/artifacts/v7u1-93.bak	58.3	57.6	0.8	0.1	1.831953054214596	6.246073674213774	14.35	0.35	0.3	0	0	23.875	10	14.583333333333332	18.025	0	0	0.14444444444444443	0.36741214057507987	16.4	multi	5	16	8	22	93	2026-09-21		120
v7w3c-31	docs/artifacts/v7w3c-31.bak	54.5	54.1	0.4	0	0.574928170673409	1.7770028814094259	14.7	0	0	0	0	41.85	2	18.57142857142857	18.025	0	0	0	0.2867383512544803	14.4	multi	5	16	8	16	31	2026-09-16		120
v7w3c-81	docs/artifacts/v7w3c-81.bak	53.2	52.3	0.9	0	0.6645443115007074	1.9436046412272927	13.725	0	0	0	0	28.65	3	12.790697674418606	17.875	0	0	0	0.27941176470588236	15.6	multi	5	16	8	16	81	2026-09-16		120
v7w3c-82	docs/artifacts/v7w3c-82.bak	51.7	49.9	1.8	1.3	1.43606989966446	4.20414061206706	15.25	5.5	0	0	0	31.3	9	7.142857142857144	13.425	12.425	0.5357142857142857	0	0.2563176895306859	20.6	multi	5	16	8	16	82	2026-09-16		120
v7w3c-91	docs/artifacts/v7w3c-91.bak	51.9	51.6	0.3	0	2.046904686095758	7.743894187647663	14.225	0	0.25	0	0	29.425	12	16.091954022988507	0.75	0.775	0.6129032258064516	0.26875	0.19491525423728814	20.4	multi	5	16	8	16	91	2026-09-16		120
v7w3c-92	docs/artifacts/v7w3c-92.bak	55.6	54.4	1.2	0.1	0.6297287173166919	1.877101285112658	14.425	0	0	0	0	32.1	2	3.5294117647058805	19.5	0	0	0	0.2768166089965398	21.4	multi	5	16	8	16	92	2026-09-16		120
v7w3c-93	docs/artifacts/v7w3c-93.bak	44.8	44.2	0.6	2.2	1.1776254553142773	3.246655713496532	14.875	4.5	0	0	0	16.05	6	17	12.2	0	0	0	0.3396825396825397	14	multi	5	16	8	16	93	2026-09-16		120
v7w3r1-31	docs/artifacts/v7w3r1-31.bak	51.1	49.8	1.2	0	0.599418265135991	1.8210591186147567	14.7	0	0	0	0	30.3	3	12.048192771084336	18	4.075	0.9079754601226994	0	0.24734982332155478	15	multi	5	16	8	16	31	2026-09-16		120
v7w3r1-81	docs/artifacts/v7w3r1-81.bak	57.6	56.3	1.3	0	0.7645411698222152	2.1480085773583077	14.65	0	0	0	0	38.05	6	8.974358974358973	16	0.8	0.75	0	0.36272040302267	22.8	multi	5	16	8	16	81	2026-09-16		120
v7w3r1-82	docs/artifacts/v7w3r1-82.bak	52	50.6	1.4	0	1.370022351925706	3.93543865911992	13.25	0	0.35	0	0	26.9	13	15.463917525773196	1.575	0	0	0.016778523489932886	0.2653061224489796	14.4	multi	5	16	8	16	82	2026-09-16		120
v7w3r1-91	docs/artifacts/v7w3r1-91.bak	55.8	55.2	0.6	1.3	1.0110953161962315	2.7486099638514263	14.625	0	0	0	0	33.325	5	10.97560975609756	0	0	0	0	0.34098360655737703	21.9	multi	5	16	8	16	91	2026-09-16		120
v7w3r1-92	docs/artifacts/v7w3r1-92.bak	55.5	54.2	1.3	0	1.0196536091575195	2.7722343210475646	14.175	0	0	0	0	30.75	4	8.23529411764706	4	0.05	1	0	0.3375	25.6	multi	5	16	8	16	92	2026-09-16		120
v7w3r1-93	docs/artifacts/v7w3r1-93.bak	51	49	2	0	0.8929835968350149	2.4424059457772094	14.25	0	0	0	0	29.575	5	12.359550561797752	0	0	0	0	0.2846975088967972	15.9	multi	5	16	8	16	93	2026-09-16		120
v7wall-31	docs/artifacts/v7wall-31.bak	52.9	52.7	0.2	1.1	1.5996592419890832	4.951344926448722	14.525	0	1.4	0	0	26.375	11	7.446808510638299	5.575	3.525	0.3120567375886525	0.006289308176100629	0.18571428571428572	14.7	multi	5	16	8	15	31	2026-09-14	历代上槽	120
v7wall-33	docs/artifacts/v7wall-33.bak	42.5	42	0.5	0	1.8443888806707889	6.32423374773	14.05	0	7.875	0	0	30.05	10	6.185567010309278	18.475	0	0	0.25	0.22021660649819494	16.8	multi	5	16	8	15	33	2026-09-14	历代上槽	120
v7wall-34	docs/artifacts/v7wall-34.bak	41.4	38.8	2.7	0	1.7517273200283658	5.764551306223808	13.525	0	19.9	0	0	38.825	6	11.363636363636363	10.025	0	0	0.11320754716981132	0.17054263565891473	20.2	multi	5	16	8	15	34	2026-09-14		120
v7wall-35	docs/artifacts/v7wall-35.bak	26.9	26.2	0.7	1.1	1.8357069479138917	6.269564834898889	14.675	6.6	0	0	0	27.9	10	12.359550561797752	18.025	2.975	0.9739130434782609	0	0.28865979381443296	22.8	multi	5	16	8	15	35	2026-09-14		120
v7wall1-31	docs/artifacts/v7wall1-31.bak	42.4	41.2	1.2	0	0.6716830649799442	1.9575291984778815	13.95	0	0.075	0	0	25.625	6	9.574468085106384	19.45	2.675	1	0	0.2847222222222222	22.5	multi	5	16	8	16	31	2026-09-17		120
v7wall1-81	docs/artifacts/v7wall1-81.bak	50.6	49	1.6	0	0.032865199285368185	1.0334112252800294	14.9	0	0	0	0	38.475	2	13.043478260869566	16.075	0	0	0	0.27491408934707906	15.1	multi	5	16	8	16	81	2026-09-17		120
v7wall1-82	docs/artifacts/v7wall1-82.bak	46.5	45.2	1.3	0	0.27893822248015016	1.3217256884123774	14.8	0	0.225	0	0	32.025	8	3.8461538461538467	1.125	0.1	1	0	0.2616487455197133	20.5	multi	5	16	8	16	82	2026-09-17		120
v7wall1-91	docs/artifacts/v7wall1-91.bak	53.1	51.9	1.2	0	0.4381643099122226	1.5498595437848932	13.975	0	0	0	0	38.25	3	6.741573033707866	18.25	0	0	0	0.27972027972027974	16.2	multi	5	16	8	16	91	2026-09-17		120
v7wall1-92	docs/artifacts/v7wall1-92.bak	51.4	50.8	0.7	0	1.0192889387963506	2.771223553666118	14.525	0	0	0	0	35.825	4	13.75	18.05	17.875	0.9636363636363636	0	0.27898550724637683	18.8	multi	5	16	8	16	92	2026-09-17		120
v7wall1-93	docs/artifacts/v7wall1-93.bak	39	38.8	0.2	0	1.3573793987339404	3.8859962996697592	14.45	0	0.225	0	0	34.9	13	17.045454545454547	17.95	9.95	0.992462311557789	0.006289308176100629	0.23381294964028776	28.8	multi	5	16	8	16	93	2026-09-17		120
v7wall2-31	docs/artifacts/v7wall2-31.bak	42.4	41.2	1.2	0	0.6716830649799442	1.9575291984778815	13.95	0	0.075	0	0	25.625	6	9.574468085106384	19.45	2.675	1	0	0.2847222222222222	22.5	multi	5	16	8	16	31	2026-09-17		120
v7wall2-94	docs/artifacts/v7wall2-94.bak	54.2	53.7	0.5	0.9	0.7802701589148163	2.1820616892936116	13.65	0	0	0	0	29.8	4	6.741573033707867	15.9	0	0	0	0.2571428571428571	16.8	multi	5	16	8	16	94	2026-09-17		120
v7wall2-95	docs/artifacts/v7wall2-95.bak	49.5	47.6	1.8	0.4	0.889549751562563	2.434033484761576	14.65	0	0	0	0	34.275	4	21.42857142857143	18.05	2.7	0.9907407407407407	0	0.199288256227758	16.9	multi	5	16	8	16	95	2026-09-17		120
v7wall2-96	docs/artifacts/v7wall2-96.bak	57.8	56.4	1.4	0	0.015999684054262924	1.016128364364619	14.85	0	0	0	0	30.825	2	8.823529411764703	16.05	0	0	0	0.2902097902097902	13	multi	5	16	8	16	96	2026-09-17		120
v7wall2-97	docs/artifacts/v7wall2-97.bak	43.8	43.3	0.5	0	2.178436326401287	8.832484332484864	14.45	0	0.075	0	0	34.625	13	5.9523809523809526	18.025	9.4	1	0	0.2967741935483871	26.2	multi	5	16	8	16	97	2026-09-17		120
v7wall2-98	docs/artifacts/v7wall2-98.bak	49.8	48.2	1.5	0.7	0.4891211420671713	1.6308822761053472	14.675	0	0.075	0	0	35.125	5	8.641975308641975	18.45	0	0	0	0.2857142857142857	39.2	multi	5	16	8	16	98	2026-09-17		120
v7wall2-99	docs/artifacts/v7wall2-99.bak	45.4	45	0.4	0	0.3355121565973331	1.3986565329876843	15.025	0	0	0	0	46.45	10	7.246376811594203	13.825	103.275	0.9687348521570528	0	0.359375	25.2	multi	5	16	8	16	99	2026-09-17		120
v7ws1-31	docs/artifacts/v7ws1-31.bak	53.6	51.3	2.3	0	1.788148434325366	5.978372862259194	14.95	0	15.375	0	0	40.775	9	14.492753623188406	0	0	0	0.41875	0.36476426799007444	29.9	multi	5	16	8	20	31	2026-09-19		120
v7ws1-81	docs/artifacts/v7ws1-81.bak	57.4	56.9	0.5	0	1.1819279870333104	3.260654646515882	14.475	0	1.675	0	0	44.4	9	11.39240506329114	19.175	0	0	0.03027027027027027	0.3100558659217877	21.6	multi	5	16	8	20	81	2026-09-19		120
v7ws1-82	docs/artifacts/v7ws1-82.bak	62.5	62.1	0.4	0	1.272558965095053	3.5699763284919936	13.925	0	0.05	0	0	29.425	9	6.593406593406595	0	0	0	0.022929936305732482	0.31629392971246006	19.2	multi	5	16	8	20	82	2026-09-19		120
v7ws1-91	docs/artifacts/v7ws1-91.bak	56.1	55.7	0.4	1.3	2.0238273091887673	7.567231716259517	13.575	0	0.25	0	0	30.725	15	11.34020618556701	18.025	0.125	1	0.0875	0.29285714285714287	21.7	multi	5	16	8	20	91	2026-09-19		120
v7ws1-92	docs/artifacts/v7ws1-92.bak	53.5	53.2	0.3	0	0.7471267539827087	2.110926084875057	14.725	0	0	0	0	39.275	9	11.594202898550726	5.85	20.375	0.9779141104294479	0	0.24822695035460993	14.1	multi	5	16	8	20	92	2026-09-19		120
v7ws1-93	docs/artifacts/v7ws1-93.bak	44.5	43.9	0.6	0.2	1.100728501025324	3.006355359344837	14.1	0	0	0	0	33.075	12	11.49425287356322	2.65	34.975	0.9256080114449213	0	0.3526448362720403	26	multi	5	16	8	20	93	2026-09-19		120
v7ws2-31	docs/artifacts/v7ws2-31.bak	57.4	57	0.5	1.1	1.8948354707973585	6.651453956185158	14.675	2.55	0	0	0	26.05	9	6.451612903225808	14.375	7.075	0.7052238805970149	0	0.17266187050359713	15.4	multi	5	16	8	20	31	2026-09-19		120
v7ws2-81	docs/artifacts/v7ws2-81.bak	47.1	46	1.1	0.1	0.9859080716817219	2.6802446339505797	13.95	0.05	0.05	0	0	18.05	7	11.224489795918368	18.7	0.025	0	0	0.37777777777777777	12.3	multi	5	16	8	20	81	2026-09-19		120
v7ws2-82	docs/artifacts/v7ws2-82.bak	62.8	62.6	0.3	0	0.8043604092327366	2.2352663857824706	14.15	0	0.1	0	0	42.35	5	9.523809523809522	4.9	0	0	0	0.33448275862068966	18.4	multi	5	16	8	20	82	2026-09-19		120
v7ws2-91	docs/artifacts/v7ws2-91.bak	61.1	59.9	1.2	0	0.04210259136663077	1.0430014762090039	14.875	0	0	0	0	34.95	3	7.575757575757574	18.05	0.375	1	0	0.2857142857142857	14	multi	5	16	8	20	91	2026-09-19		120
v7ws2-92	docs/artifacts/v7ws2-92.bak	48.8	48.3	0.5	0	0.6920350900606558	1.9977770552883694	14.075	0	0	0	0	44.225	2	15.384615384615383	6.775	0	0	0	0.27816901408450706	15.6	multi	5	16	8	20	92	2026-09-19		120
v7ws2-93	docs/artifacts/v7ws2-93.bak	50.2	49.4	0.7	2.8	2.0063510973733383	7.436134053803475	15.225	10.575	0.15	0	0	23.75	18	12.121212121212121	0.8	0	0	0	0.2783882783882784	21.3	multi	5	16	8	20	93	2026-09-19		120
v8fix-35	docs/artifacts/v8fix-35.bak	35.9	35.5	0.4	6.1	1.5685918628787565	4.7998845372203105	15.875	4.275	0	0	0	28.275	11	6.741573033707866	4.075	0.225	1	0	0.22491349480968859	30.4	multi	5	16	8	15	35	2026-09-14		120
v9-31	docs/artifacts/v9-31.bak	43.1	42.6	0.5	0.1	0.8862143073962412	2.4259284264730794	14.775	0	0	0	0	34	5	6.666666666666668	17.625	0	0	0	0.2945205479452055	22.1	multi	5	16	8	15	31	2026-09-14		120
v9-32	docs/artifacts/v9-32.bak	44.6	42.4	2.2	1.1	2.1302789639602118	8.41721458346717	14.5	0.35	13.05	0	0	37	13	12.19512195121951	13.075	0.025	1	0.031446540880503145	0.17732558139534885	19.1	multi	5	16	8	15	32	2026-09-14		120
v9-33	docs/artifacts/v9-33.bak	49.3	48.6	0.7	3	0.6599356264545604	1.9346677889685353	15.45	2.2	0	0	0	27.8	7	18.68131868131868	3.45	0	0	0	0.2624113475177305	13	multi	5	16	8	15	33	2026-09-14		120
v9-34	docs/artifacts/v9-34.bak	56.3	55.1	1.1	0	0.03156172803845561	1.032065080982429	14.875	0	0	0	0	36.9	5	14.084507042253522	18.325	0	0	0.012578616352201259	0.28859060402684567	12.9	multi	5	16	8	15	34	2026-09-14		120
v9-35	docs/artifacts/v9-35.bak	35.9	35.5	0.4	6.1	1.5685918628787565	4.7998845372203105	15.875	4.275	0	0	0	28.275	11	6.741573033707866	4.075	0.225	1	0	0.22491349480968859	30.4	multi	5	16	8	15	35	2026-09-14		120
v9-36	docs/artifacts/v9-36.bak	40	38.8	1.2	0	0.7155488298271339	2.0453089008073473	14.225	0	0	0	0	20.275	4	14.893617021276597	17.75	0	0	0	0.331306990881459	18.8	multi	5	16	8	15	36	2026-09-14		120
v9-41	docs/artifacts/v9-41.bak	45.8	44.9	0.9	1.2	0.7081008630723986	2.0301320964356786	15.15	1.5	0	0	0	34	5	17.94871794871795	4	0.025	1	0	0.28125	32.7	multi	5	16	8	15	41	2026-09-14		120
v9-42	docs/artifacts/v9-42.bak	52.6	52.1	0.5	0	0	1	15	0	0	0	0	45	1	10.126582278481013	18.025	0	0	0	0.2898550724637681	14.9	multi	5	16	8	15	42	2026-09-14		120
v9-43	docs/artifacts/v9-43.bak	38.1	37.2	1	0	0.9407919442575126	2.5620095839038948	14.45	1.25	0	0	0	38.9	5	2.5	19.425	0	0	0	0.28308823529411764	17.8	multi	5	16	8	15	43	2026-09-14		120
v9-44	docs/artifacts/v9-44.bak	52.7	51.6	1	2	0.49800494306845194	1.6454352568830788	14.45	1.05	0	0	0	35.05	5	12.345679012345679	15.575	0	0	0	0.12857142857142856	17	multi	5	16	8	15	44	2026-09-14		120
v9-45	docs/artifacts/v9-45.bak	53.8	52.6	1.2	0.4	0.2494983060566309	1.2833813904785898	14.225	0	0	0	0	22.725	2	8.888888888888888	18.2	0	0	0	0.18430034129692832	12.5	multi	5	16	8	15	45	2026-09-14		120
v9-46	docs/artifacts/v9-46.bak	48.2	46.3	2	0	0.561980475989594	1.7541431007346087	14.375	0	0	0	0	28.875	2	17.045454545454547	20	0	0	0	0.3111111111111111	19	multi	5	16	8	15	46	2026-09-14		120
